Transaction_ID,Date,Customer_ID,Product_Category,Quantity,Unit_Price,Shipping_Cost,Delivery_Status,Customer_Rating,Region,Total_Sales
1001,2026-01-01 00:00:00,CUST-202,Beauty,1,281.24,13.66,Delivered,4.0,Europe,281.24
1002,2026-01-01 01:00:00,CUST-535,Clothing,1,454.56,25.55,Delivered,4.0,South America,454.56
1003,2026-01-01 02:00:00,CUST-960,Electronics,1,316.05,5.94,Delivered,5.0,South America,316.05
1004,2026-01-01 03:00:00,CUST-370,Electronics,1,158.34,12.02,Delivered,5.0,North America,158.34
1005,2026-01-01 04:00:00,CUST-206,Electronics,1,155.09,40.17,Delivered,3.0,Europe,155.09
1006,2026-01-01 05:00:00,CUST-171,Home Decor,2,255.77,39.3,Cancelled,5.0,Asia,511.54
1007,2026-01-01 06:00:00,CUST-800,Electronics,1,434.64,40.54,Delivered,5.0,North America,434.64
1008,2026-01-01 07:00:00,CUST-120,Home Decor,2,399.42,46.47,Delivered,4.0,South America,798.84
1009,2026-01-01 08:00:00,CUST-714,Clothing,2,481.74,10.36,Shipped,5.0,Asia,963.48
1010,2026-01-01 09:00:00,CUST-221,Electronics,1,45.22,12.34,Cancelled,5.0,South America,45.22
1011,2026-01-01 10:00:00,CUST-566,Beauty,2,141.48,20.01,Delivered,3.0,North America,282.96
1012,2026-01-01 11:00:00,CUST-314,Clothing,1,49.3,46.18,Delivered,,Europe,49.3
1013,2026-01-01 12:00:00,CUST-430,Electronics,4,378.03,39.9,Delivered,4.0,Asia,1512.12
1014,2026-01-01 13:00:00,CUST-558,Beauty,1,79.01,19.59,Delivered,3.0,North America,79.01
1015,2026-01-01 14:00:00,CUST-187,Electronics,2,58.94,8.94,Shipped,4.0,North America,117.88
1016,2026-01-01 15:00:00,CUST-472,Home Decor,3,285.22,32.74,Delivered,5.0,Asia,855.66
1017,2026-01-01 16:00:00,CUST-199,Beauty,1,211.63,16.56,Delivered,5.0,Europe,211.63
1018,2026-01-01 17:00:00,CUST-971,Clothing,1,360.4,28.9,Shipped,4.0,South America,360.4
1019,2026-01-01 18:00:00,CUST-763,Beauty,2,248.64,47.38,Delivered,4.0,Asia,497.28
1020,2026-01-01 19:00:00,CUST-230,Clothing,1,218.41,30.77,Cancelled,5.0,North America,218.41
1021,2026-01-01 20:00:00,CUST-761,Clothing,3,218.5,46.57,Returned,4.0,Asia,655.5
1022,2026-01-01 21:00:00,CUST-408,Electronics,5,437.22,22.69,Delivered,5.0,Asia,2186.1
1023,2026-01-01 22:00:00,CUST-869,Electronics,1,203.66,33.5,Delivered,,Europe,203.66
1024,2026-01-01 23:00:00,CUST-443,Books,1,173.36,45.23,Delivered,5.0,Europe,173.36
1025,2026-01-02 00:00:00,CUST-591,Clothing,1,175.88,31.46,Cancelled,5.0,South America,175.88
1026,2026-01-02 01:00:00,CUST-513,Clothing,1,106.33,32.67,Returned,4.0,Asia,106.33
1027,2026-01-02 02:00:00,CUST-905,Clothing,3,431.74,37.23,Delivered,2.0,Europe,1295.22
1028,2026-01-02 03:00:00,CUST-485,Home Decor,3,81.85,44.69,Delivered,5.0,Europe,245.55
1029,2026-01-02 04:00:00,CUST-291,Electronics,1,455.22,8.97,Delivered,5.0,North America,455.22
1030,2026-01-02 05:00:00,CUST-376,Clothing,1,148.9,20.16,Delivered,2.0,Europe,148.9
1031,2026-01-02 06:00:00,CUST-260,Home Decor,1,450.72,22.9,Delivered,1.0,Asia,450.72
1032,2026-01-02 07:00:00,CUST-559,Electronics,1,397.5,45.94,Delivered,5.0,Asia,397.5
1033,2026-01-02 08:00:00,CUST-413,Electronics,3,295.17,48.02,Delivered,3.0,North America,885.51
1034,2026-01-02 09:00:00,CUST-121,Electronics,1,338.04,10.42,Delivered,2.0,North America,338.04
1035,2026-01-02 10:00:00,CUST-352,Clothing,3,169.66,10.36,Shipped,5.0,North America,508.98
1036,2026-01-02 11:00:00,CUST-847,Beauty,2,291.37,47.07,Delivered,2.0,Asia,582.74
1037,2026-01-02 12:00:00,CUST-956,Electronics,2,153.28,18.31,Delivered,3.0,Asia,306.56
1038,2026-01-02 13:00:00,CUST-660,Electronics,1,207.11,15.88,Delivered,5.0,South America,207.11
1039,2026-01-02 14:00:00,CUST-574,Clothing,2,384.68,6.6,Cancelled,5.0,Europe,769.36
1040,2026-01-02 15:00:00,CUST-158,Home Decor,2,129.53,17.4,Delivered,4.0,North America,259.06
1041,2026-01-02 16:00:00,CUST-610,Home Decor,3,421.03,36.21,Delivered,4.0,Europe,1263.09
1042,2026-01-02 17:00:00,CUST-781,Clothing,1,194.18,24.17,Delivered,5.0,Europe,194.18
1043,2026-01-02 18:00:00,CUST-575,Beauty,1,270.76,28.26,Delivered,5.0,South America,270.76
1044,2026-01-02 19:00:00,CUST-799,Home Decor,2,471.56,46.28,Delivered,1.0,Asia,943.12
1045,2026-01-02 20:00:00,CUST-882,Beauty,1,343.82,10.16,Delivered,3.0,Europe,343.82
1046,2026-01-02 21:00:00,CUST-289,Beauty,1,326.35,8.21,Delivered,5.0,North America,326.35
1047,2026-01-02 22:00:00,CUST-786,Electronics,5,358.69,43.34,Delivered,5.0,North America,1793.45
1048,2026-01-02 23:00:00,CUST-662,Electronics,1,459.87,39.87,Delivered,5.0,Asia,459.87
1049,2026-01-03 00:00:00,CUST-975,Electronics,1,131.77,16.87,Delivered,5.0,Asia,131.77
1050,2026-01-03 01:00:00,CUST-666,Clothing,1,310.49,19.59,Delivered,5.0,Asia,310.49
1051,2026-01-03 02:00:00,CUST-343,Books,2,206.19,18.96,Delivered,1.0,North America,412.38
1052,2026-01-03 03:00:00,CUST-931,Clothing,1,15.81,34.15,Delivered,5.0,Asia,15.81
1053,2026-01-03 04:00:00,CUST-604,Electronics,2,71.4,7.75,Shipped,5.0,South America,142.8
1054,2026-01-03 05:00:00,CUST-230,Beauty,1,169.25,27.02,Delivered,5.0,South America,169.25
1055,2026-01-03 06:00:00,CUST-584,Clothing,1,286.85,11.02,Delivered,,North America,286.85
1056,2026-01-03 07:00:00,CUST-918,Electronics,2,441.92,41.89,Delivered,5.0,South America,883.84
1057,2026-01-03 08:00:00,CUST-746,Clothing,1,397.65,22.13,Shipped,5.0,Europe,397.65
1058,2026-01-03 09:00:00,CUST-120,Clothing,5,281.13,28.74,Delivered,4.0,Asia,1405.65
1059,2026-01-03 10:00:00,CUST-940,Beauty,1,46.2,6.32,Delivered,5.0,South America,46.2
1060,2026-01-03 11:00:00,CUST-266,Electronics,1,150.09,7.62,Delivered,5.0,Asia,150.09
1061,2026-01-03 12:00:00,CUST-373,Electronics,1,189.69,35.38,Delivered,5.0,South America,189.69
1062,2026-01-03 13:00:00,CUST-487,Clothing,1,314.64,39.5,Delivered,2.0,Asia,314.64
1063,2026-01-03 14:00:00,CUST-700,Electronics,5,41.81,36.95,Delivered,3.0,North America,209.05
1064,2026-01-03 15:00:00,CUST-415,Home Decor,3,269.79,38.17,Shipped,5.0,Europe,809.37
1065,2026-01-03 16:00:00,CUST-113,Clothing,1,451.72,9.71,Delivered,5.0,Asia,451.72
1066,2026-01-03 17:00:00,CUST-341,Clothing,2,355.66,36.21,Returned,5.0,Europe,711.32
1067,2026-01-03 18:00:00,CUST-876,Books,2,400.57,13.18,Delivered,5.0,Asia,801.14
1068,2026-01-03 19:00:00,CUST-445,Home Decor,1,344.02,9.41,Shipped,1.0,North America,344.02
1069,2026-01-03 20:00:00,CUST-664,Electronics,1,111.23,39.07,Delivered,5.0,Europe,111.23
1070,2026-01-03 21:00:00,CUST-997,Home Decor,4,64.14,45.02,Delivered,5.0,South America,256.56
1071,2026-01-03 22:00:00,CUST-439,Beauty,4,416.45,37.25,Delivered,5.0,Europe,1665.8
1072,2026-01-03 23:00:00,CUST-191,Home Decor,5,350.8,41.25,Shipped,5.0,Asia,1754.0
1073,2026-01-04 00:00:00,CUST-466,Electronics,3,291.78,49.6,Delivered,5.0,Europe,875.34
1074,2026-01-04 01:00:00,CUST-554,Books,2,102.75,11.06,Delivered,5.0,North America,205.5
1075,2026-01-04 02:00:00,CUST-527,Clothing,1,305.64,48.43,Delivered,3.0,Europe,305.64
1076,2026-01-04 03:00:00,CUST-608,Electronics,1,25.35,32.05,Returned,3.0,Europe,25.35
1077,2026-01-04 04:00:00,CUST-875,Electronics,1,68.23,41.6,Delivered,3.0,Europe,68.23
1078,2026-01-04 05:00:00,CUST-134,Electronics,2,162.83,34.26,Delivered,4.0,South America,325.66
1079,2026-01-04 06:00:00,CUST-305,Beauty,3,227.43,30.65,Cancelled,4.0,Europe,682.29
1080,2026-01-04 07:00:00,CUST-180,Electronics,3,69.08,36.66,Cancelled,5.0,Asia,207.24
1081,2026-01-04 08:00:00,CUST-661,Electronics,4,68.77,19.41,Delivered,5.0,Asia,275.08
1082,2026-01-04 09:00:00,CUST-971,Beauty,3,365.69,46.59,Shipped,5.0,Europe,1097.07
1083,2026-01-04 10:00:00,CUST-487,Clothing,5,289.16,10.19,Delivered,4.0,Europe,1445.8
1084,2026-01-04 11:00:00,CUST-101,Electronics,1,271.53,19.31,Delivered,5.0,South America,271.53
1085,2026-01-04 12:00:00,CUST-489,Electronics,3,231.69,6.4,Shipped,,North America,695.07
1086,2026-01-04 13:00:00,CUST-665,Electronics,2,488.51,17.21,Delivered,5.0,Asia,977.02
1087,2026-01-04 14:00:00,CUST-205,Electronics,1,34.4,14.82,Delivered,5.0,South America,34.4
1088,2026-01-04 15:00:00,CUST-871,Home Decor,5,98.51,7.23,Delivered,5.0,Asia,492.55
1089,2026-01-04 16:00:00,CUST-921,Electronics,3,327.28,27.13,Delivered,5.0,Asia,981.84
1090,2026-01-04 17:00:00,CUST-576,Electronics,1,76.82,26.09,Delivered,5.0,Europe,76.82
1091,2026-01-04 18:00:00,CUST-802,Beauty,1,298.8,8.5,Returned,5.0,Asia,298.8
1092,2026-01-04 19:00:00,CUST-501,Home Decor,2,288.2,16.78,Delivered,4.0,North America,576.4
1093,2026-01-04 20:00:00,CUST-829,Clothing,2,485.79,47.9,Shipped,5.0,North America,971.58
1094,2026-01-04 21:00:00,CUST-655,Clothing,4,442.86,9.98,Delivered,4.0,North America,1771.44
1095,2026-01-04 22:00:00,CUST-261,Clothing,1,473.32,18.73,Delivered,4.0,South America,473.32
1096,2026-01-04 23:00:00,CUST-301,Clothing,1,65.67,6.61,Delivered,5.0,North America,65.67
1097,2026-01-05 00:00:00,CUST-369,Clothing,1,435.39,11.7,Delivered,4.0,North America,435.39
1098,2026-01-05 01:00:00,CUST-962,Clothing,1,73.25,36.47,Delivered,5.0,Asia,73.25
1099,2026-01-05 02:00:00,CUST-915,Books,1,320.14,21.5,Cancelled,5.0,South America,320.14
1100,2026-01-05 03:00:00,CUST-370,Electronics,4,362.84,25.34,Delivered,5.0,Europe,1451.36
1101,2026-01-05 04:00:00,CUST-555,Beauty,1,88.82,12.06,Delivered,4.0,South America,88.82
1102,2026-01-05 05:00:00,CUST-561,Electronics,1,320.0,35.7,Shipped,5.0,South America,320.0
1103,2026-01-05 06:00:00,CUST-826,Beauty,1,35.71,38.82,Delivered,5.0,Europe,35.71
1104,2026-01-05 07:00:00,CUST-351,Home Decor,1,153.7,13.15,Delivered,5.0,Europe,153.7
1105,2026-01-05 08:00:00,CUST-801,Beauty,3,461.37,7.02,Delivered,5.0,Europe,1384.11
1106,2026-01-05 09:00:00,CUST-395,Electronics,2,94.15,8.64,Shipped,4.0,Asia,188.3
1107,2026-01-05 10:00:00,CUST-824,Home Decor,3,41.98,34.57,Delivered,5.0,Asia,125.94
1108,2026-01-05 11:00:00,CUST-819,Clothing,1,227.4,11.1,Delivered,5.0,Asia,227.4
1109,2026-01-05 12:00:00,CUST-848,Home Decor,1,426.8,27.23,Delivered,4.0,North America,426.8
1110,2026-01-05 13:00:00,CUST-437,Clothing,1,47.57,11.87,Cancelled,4.0,Europe,47.57
1111,2026-01-05 14:00:00,CUST-978,Clothing,1,184.21,12.66,Delivered,5.0,Asia,184.21
1112,2026-01-05 15:00:00,CUST-152,Clothing,3,450.89,5.2,Delivered,4.0,Asia,1352.67
1113,2026-01-05 16:00:00,CUST-891,Clothing,1,67.9,19.44,Delivered,5.0,South America,67.9
1114,2026-01-05 17:00:00,CUST-316,Clothing,2,162.23,9.04,Delivered,4.0,Asia,324.46
1115,2026-01-05 18:00:00,CUST-863,Electronics,1,391.43,22.73,Delivered,5.0,Europe,391.43
1116,2026-01-05 19:00:00,CUST-287,Books,2,276.17,31.9,Cancelled,5.0,Europe,552.34
1117,2026-01-05 20:00:00,CUST-479,Home Decor,4,417.84,21.54,Delivered,5.0,North America,1671.36
1118,2026-01-05 21:00:00,CUST-592,Books,2,64.68,36.73,Delivered,,North America,129.36
1119,2026-01-05 22:00:00,CUST-140,Electronics,2,461.07,38.37,Shipped,5.0,South America,922.14
1120,2026-01-05 23:00:00,CUST-256,Beauty,4,468.11,36.35,Delivered,5.0,North America,1872.44
1121,2026-01-06 00:00:00,CUST-114,Beauty,2,86.1,47.15,Delivered,5.0,Europe,172.2
1122,2026-01-06 01:00:00,CUST-912,Home Decor,1,26.6,15.68,Cancelled,5.0,North America,26.6
1123,2026-01-06 02:00:00,CUST-164,Home Decor,1,495.02,13.53,Delivered,4.0,North America,495.02
1124,2026-01-06 03:00:00,CUST-956,Clothing,2,246.3,32.44,Delivered,5.0,Asia,492.6
1125,2026-01-06 04:00:00,CUST-938,Beauty,2,290.32,31.77,Delivered,4.0,Europe,580.64
1126,2026-01-06 05:00:00,CUST-620,Clothing,1,311.79,27.95,Delivered,5.0,South America,311.79
1127,2026-01-06 06:00:00,CUST-443,Electronics,1,396.94,5.2,Delivered,4.0,North America,396.94
1128,2026-01-06 07:00:00,CUST-228,Clothing,5,407.87,29.99,Delivered,3.0,North America,2039.35
1129,2026-01-06 08:00:00,CUST-747,Books,1,105.02,46.98,Cancelled,3.0,South America,105.02
1130,2026-01-06 09:00:00,CUST-571,Beauty,1,125.95,20.06,Delivered,3.0,South America,125.95
1131,2026-01-06 10:00:00,CUST-162,Books,1,439.65,48.54,Shipped,4.0,Europe,439.65
1132,2026-01-06 11:00:00,CUST-238,Home Decor,3,411.56,21.05,Delivered,5.0,South America,1234.68
1133,2026-01-06 12:00:00,CUST-598,Electronics,1,312.63,11.29,Delivered,5.0,North America,312.63
1134,2026-01-06 13:00:00,CUST-692,Electronics,2,497.4,22.93,Delivered,4.0,Europe,994.8
1135,2026-01-06 14:00:00,CUST-491,Electronics,1,370.24,27.26,Delivered,4.0,Europe,370.24
1136,2026-01-06 15:00:00,CUST-774,Electronics,2,115.76,33.33,Delivered,5.0,South America,231.52
1137,2026-01-06 16:00:00,CUST-518,Clothing,3,424.86,27.72,Delivered,,Europe,1274.58
1138,2026-01-06 17:00:00,CUST-388,Electronics,1,213.22,29.15,Delivered,5.0,North America,213.22
1139,2026-01-06 18:00:00,CUST-478,Clothing,2,27.71,6.08,Delivered,4.0,North America,55.42
1140,2026-01-06 19:00:00,CUST-872,Books,1,167.5,16.41,Returned,5.0,North America,167.5
1141,2026-01-06 20:00:00,CUST-589,Clothing,1,384.14,18.98,Shipped,3.0,Europe,384.14
1142,2026-01-06 21:00:00,CUST-330,Beauty,3,480.5,49.42,Delivered,3.0,South America,1441.5
1143,2026-01-06 22:00:00,CUST-140,Home Decor,1,145.31,18.3,Delivered,5.0,North America,145.31
1144,2026-01-06 23:00:00,CUST-127,Electronics,2,130.79,45.35,Delivered,4.0,Asia,261.58
1145,2026-01-07 00:00:00,CUST-234,Clothing,1,286.17,18.71,Delivered,5.0,South America,286.17
1146,2026-01-07 01:00:00,CUST-300,Electronics,1,407.73,9.32,Delivered,5.0,Europe,407.73
1147,2026-01-07 02:00:00,CUST-939,Clothing,1,375.8,16.14,Delivered,5.0,North America,375.8
1148,2026-01-07 03:00:00,CUST-879,Home Decor,2,284.38,17.28,Delivered,5.0,Europe,568.76
1149,2026-01-07 04:00:00,CUST-132,Electronics,1,319.38,49.02,Delivered,4.0,North America,319.38
1150,2026-01-07 05:00:00,CUST-147,Electronics,2,128.63,35.34,Delivered,5.0,Europe,257.26
1151,2026-01-07 06:00:00,CUST-602,Clothing,1,221.96,46.93,Delivered,1.0,Asia,221.96
1152,2026-01-07 07:00:00,CUST-506,Books,1,135.13,42.57,Cancelled,5.0,Europe,135.13
1153,2026-01-07 08:00:00,CUST-673,Beauty,3,443.36,31.04,Returned,5.0,Europe,1330.08
1154,2026-01-07 09:00:00,CUST-827,Home Decor,3,65.15,35.39,Delivered,4.0,Europe,195.45
1155,2026-01-07 10:00:00,CUST-904,Electronics,1,343.07,33.12,Delivered,3.0,North America,343.07
1156,2026-01-07 11:00:00,CUST-198,Beauty,2,137.54,34.98,Delivered,5.0,South America,275.08
1157,2026-01-07 12:00:00,CUST-783,Beauty,1,243.03,16.91,Delivered,5.0,Europe,243.03
1158,2026-01-07 13:00:00,CUST-971,Home Decor,3,156.71,23.37,Delivered,5.0,South America,470.13
1159,2026-01-07 14:00:00,CUST-825,Books,3,168.39,31.67,Delivered,,North America,505.17
1160,2026-01-07 15:00:00,CUST-646,Clothing,3,137.59,6.62,Delivered,4.0,Europe,412.77
1161,2026-01-07 16:00:00,CUST-838,Books,3,378.87,26.73,Delivered,5.0,North America,1136.61
1162,2026-01-07 17:00:00,CUST-712,Books,1,189.2,43.69,Delivered,5.0,South America,189.2
1163,2026-01-07 18:00:00,CUST-561,Electronics,3,365.91,27.16,Delivered,4.0,North America,1097.73
1164,2026-01-07 19:00:00,CUST-742,Clothing,2,233.47,29.85,Delivered,3.0,North America,466.94
1165,2026-01-07 20:00:00,CUST-868,Books,1,278.15,14.09,Delivered,5.0,South America,278.15
1166,2026-01-07 21:00:00,CUST-104,Electronics,1,276.21,40.75,Delivered,5.0,North America,276.21
1167,2026-01-07 22:00:00,CUST-317,Clothing,4,488.17,21.15,Delivered,3.0,South America,1952.68
1168,2026-01-07 23:00:00,CUST-602,Books,3,189.86,48.05,Delivered,5.0,South America,569.58
1169,2026-01-08 00:00:00,CUST-866,Home Decor,1,111.77,49.72,Delivered,5.0,Europe,111.77
1170,2026-01-08 01:00:00,CUST-497,Electronics,2,456.78,46.22,Delivered,5.0,Europe,913.56
1171,2026-01-08 02:00:00,CUST-970,Home Decor,3,95.67,8.82,Shipped,4.0,North America,287.01
1172,2026-01-08 03:00:00,CUST-894,Electronics,1,418.87,19.99,Delivered,5.0,North America,418.87
1173,2026-01-08 04:00:00,CUST-492,Clothing,1,83.61,47.53,Shipped,4.0,North America,83.61
1174,2026-01-08 05:00:00,CUST-306,Electronics,2,332.77,41.2,Shipped,5.0,Asia,665.54
1175,2026-01-08 06:00:00,CUST-114,Home Decor,1,83.76,46.0,Shipped,4.0,Asia,83.76
1176,2026-01-08 07:00:00,CUST-957,Clothing,1,462.31,30.76,Delivered,5.0,Europe,462.31
1177,2026-01-08 08:00:00,CUST-653,Home Decor,2,286.85,26.62,Delivered,2.0,South America,573.7
1178,2026-01-08 09:00:00,CUST-991,Home Decor,4,171.34,9.79,Delivered,5.0,Asia,685.36
1179,2026-01-08 10:00:00,CUST-560,Clothing,2,78.76,42.78,Delivered,4.0,Asia,157.52
1180,2026-01-08 11:00:00,CUST-790,Home Decor,3,191.88,38.53,Delivered,1.0,South America,575.64
1181,2026-01-08 12:00:00,CUST-674,Electronics,1,355.46,7.65,Delivered,4.0,North America,355.46
1182,2026-01-08 13:00:00,CUST-963,Home Decor,1,198.63,14.42,Cancelled,3.0,North America,198.63
1183,2026-01-08 14:00:00,CUST-842,Electronics,2,130.59,30.08,Shipped,5.0,Asia,261.18
1184,2026-01-08 15:00:00,CUST-340,Books,1,292.93,35.8,Delivered,4.0,Asia,292.93
1185,2026-01-08 16:00:00,CUST-663,Electronics,3,214.73,11.2,Delivered,3.0,South America,644.19
1186,2026-01-08 17:00:00,CUST-195,Clothing,1,91.25,16.02,Delivered,4.0,South America,91.25
1187,2026-01-08 18:00:00,CUST-833,Home Decor,1,85.45,13.69,Delivered,5.0,Asia,85.45
1188,2026-01-08 19:00:00,CUST-584,Clothing,1,356.66,14.9,Shipped,1.0,South America,356.66
1189,2026-01-08 20:00:00,CUST-506,Electronics,4,487.59,46.43,Delivered,4.0,North America,1950.36
1190,2026-01-08 21:00:00,CUST-330,Home Decor,1,124.22,37.21,Delivered,5.0,Europe,124.22
1191,2026-01-08 22:00:00,CUST-848,Home Decor,1,388.84,38.17,Shipped,5.0,Asia,388.84
1192,2026-01-08 23:00:00,CUST-754,Home Decor,1,52.93,40.73,Delivered,,Europe,52.93
1193,2026-01-09 00:00:00,CUST-270,Clothing,3,196.97,21.05,Returned,4.0,South America,590.91
1194,2026-01-09 01:00:00,CUST-640,Home Decor,1,258.28,39.52,Delivered,3.0,Europe,258.28
1195,2026-01-09 02:00:00,CUST-135,Clothing,1,141.69,49.03,Shipped,5.0,Asia,141.69
1196,2026-01-09 03:00:00,CUST-624,Home Decor,1,269.49,36.43,Delivered,5.0,South America,269.49
1197,2026-01-09 04:00:00,CUST-259,Home Decor,2,442.48,23.75,Delivered,5.0,Europe,884.96
1198,2026-01-09 05:00:00,CUST-938,Clothing,1,472.77,37.24,Delivered,4.0,North America,472.77
1199,2026-01-09 06:00:00,CUST-798,Electronics,1,59.27,45.54,Delivered,5.0,Asia,59.27
1200,2026-01-09 07:00:00,CUST-342,Electronics,1,143.2,10.79,Shipped,5.0,Asia,143.2
1201,2026-01-09 08:00:00,CUST-185,Electronics,2,489.78,16.94,Delivered,5.0,Asia,979.56
1202,2026-01-09 09:00:00,CUST-895,Electronics,2,142.51,46.37,Cancelled,5.0,Asia,285.02
1203,2026-01-09 10:00:00,CUST-677,Clothing,2,349.43,47.58,Shipped,4.0,South America,698.86
1204,2026-01-09 11:00:00,CUST-781,Home Decor,4,134.19,26.79,Delivered,5.0,North America,536.76
1205,2026-01-09 12:00:00,CUST-656,Electronics,4,184.62,21.85,Delivered,5.0,North America,738.48
1206,2026-01-09 13:00:00,CUST-673,Books,1,103.73,17.73,Delivered,5.0,Europe,103.73
1207,2026-01-09 14:00:00,CUST-745,Electronics,3,429.59,27.44,Delivered,5.0,Asia,1288.77
1208,2026-01-09 15:00:00,CUST-895,Beauty,2,442.5,47.05,Delivered,5.0,Asia,885.0
1209,2026-01-09 16:00:00,CUST-127,Home Decor,3,155.49,11.74,Delivered,5.0,Europe,466.47
1210,2026-01-09 17:00:00,CUST-719,Clothing,1,413.56,23.89,Delivered,5.0,South America,413.56
1211,2026-01-09 18:00:00,CUST-655,Electronics,2,185.54,46.02,Delivered,3.0,North America,371.08
1212,2026-01-09 19:00:00,CUST-439,Home Decor,1,58.52,20.71,Delivered,5.0,Asia,58.52
1213,2026-01-09 20:00:00,CUST-897,Clothing,3,381.46,39.56,Cancelled,5.0,Europe,1144.38
1214,2026-01-09 21:00:00,CUST-430,Books,1,302.26,22.52,Delivered,3.0,North America,302.26
1215,2026-01-09 22:00:00,CUST-739,Clothing,1,144.45,41.22,Delivered,4.0,Europe,144.45
1216,2026-01-09 23:00:00,CUST-605,Books,1,133.97,49.15,Delivered,2.0,Europe,133.97
1217,2026-01-10 00:00:00,CUST-447,Electronics,1,488.06,22.45,Delivered,3.0,South America,488.06
1218,2026-01-10 01:00:00,CUST-572,Home Decor,2,432.63,43.03,Delivered,5.0,North America,865.26
1219,2026-01-10 02:00:00,CUST-330,Home Decor,1,406.8,49.48,Delivered,4.0,Asia,406.8
1220,2026-01-10 03:00:00,CUST-289,Home Decor,1,72.73,49.27,Delivered,5.0,North America,72.73
1221,2026-01-10 04:00:00,CUST-324,Electronics,4,380.04,24.52,Delivered,3.0,South America,1520.16
1222,2026-01-10 05:00:00,CUST-484,Home Decor,1,115.12,26.86,Delivered,1.0,Asia,115.12
1223,2026-01-10 06:00:00,CUST-476,Clothing,2,488.92,18.65,Delivered,5.0,North America,977.84
1224,2026-01-10 07:00:00,CUST-382,Home Decor,1,35.52,19.13,Delivered,5.0,South America,35.52
1225,2026-01-10 08:00:00,CUST-732,Clothing,1,182.55,27.16,Delivered,1.0,Asia,182.55
1226,2026-01-10 09:00:00,CUST-727,Beauty,3,220.04,14.02,Shipped,5.0,Asia,660.12
1227,2026-01-10 10:00:00,CUST-844,Electronics,3,413.86,37.0,Shipped,4.0,Europe,1241.58
1228,2026-01-10 11:00:00,CUST-358,Beauty,1,385.45,29.13,Delivered,,Europe,385.45
1229,2026-01-10 12:00:00,CUST-458,Beauty,4,193.75,45.41,Delivered,5.0,South America,775.0
1230,2026-01-10 13:00:00,CUST-809,Beauty,4,287.12,41.48,Delivered,1.0,Asia,1148.48
1231,2026-01-10 14:00:00,CUST-555,Clothing,4,419.44,19.51,Shipped,5.0,North America,1677.76
1232,2026-01-10 15:00:00,CUST-510,Clothing,1,18.92,27.76,Delivered,5.0,Asia,18.92
1233,2026-01-10 16:00:00,CUST-748,Books,1,403.07,38.77,Delivered,4.0,South America,403.07
1234,2026-01-10 17:00:00,CUST-417,Electronics,2,473.98,13.69,Delivered,5.0,North America,947.96
1235,2026-01-10 18:00:00,CUST-776,Clothing,2,25.71,6.42,Delivered,4.0,Asia,51.42
1236,2026-01-10 19:00:00,CUST-324,Home Decor,1,32.33,43.35,Delivered,5.0,North America,32.33
1237,2026-01-10 20:00:00,CUST-918,Home Decor,3,178.81,11.19,Delivered,3.0,Europe,536.43
1238,2026-01-10 21:00:00,CUST-333,Electronics,1,53.01,45.02,Delivered,5.0,North America,53.01
1239,2026-01-10 22:00:00,CUST-783,Home Decor,1,244.85,46.11,Delivered,5.0,Europe,244.85
1240,2026-01-10 23:00:00,CUST-763,Beauty,1,367.07,25.73,Delivered,3.0,North America,367.07
1241,2026-01-11 00:00:00,CUST-926,Electronics,2,287.78,41.31,Delivered,5.0,Europe,575.56
1242,2026-01-11 01:00:00,CUST-473,Books,1,106.25,21.34,Delivered,5.0,South America,106.25
1243,2026-01-11 02:00:00,CUST-771,Electronics,3,330.86,43.62,Delivered,5.0,North America,992.58
1244,2026-01-11 03:00:00,CUST-707,Clothing,2,345.58,42.11,Delivered,5.0,Asia,691.16
1245,2026-01-11 04:00:00,CUST-571,Electronics,3,466.9,8.53,Delivered,2.0,South America,1400.7
1246,2026-01-11 05:00:00,CUST-332,Electronics,5,81.93,31.22,Delivered,3.0,South America,409.65
1247,2026-01-11 06:00:00,CUST-791,Books,2,349.24,33.8,Delivered,4.0,North America,698.48
1248,2026-01-11 07:00:00,CUST-212,Clothing,5,456.6,5.04,Delivered,4.0,South America,2283.0
1249,2026-01-11 08:00:00,CUST-929,Clothing,1,255.77,49.1,Delivered,4.0,Europe,255.77
1250,2026-01-11 09:00:00,CUST-596,Electronics,1,187.28,23.3,Delivered,5.0,Europe,187.28
1251,2026-01-11 10:00:00,CUST-541,Home Decor,1,93.67,28.28,Delivered,3.0,North America,93.67
1252,2026-01-11 11:00:00,CUST-663,Home Decor,1,434.73,13.77,Delivered,5.0,South America,434.73
1253,2026-01-11 12:00:00,CUST-367,Clothing,3,203.18,32.49,Cancelled,2.0,Asia,609.54
1254,2026-01-11 13:00:00,CUST-609,Clothing,1,463.19,41.48,Delivered,4.0,North America,463.19
1255,2026-01-11 14:00:00,CUST-906,Beauty,2,425.4,31.37,Delivered,3.0,North America,850.8
1256,2026-01-11 15:00:00,CUST-485,Clothing,2,194.55,40.46,Delivered,5.0,South America,389.1
1257,2026-01-11 16:00:00,CUST-486,Clothing,2,291.22,37.9,Delivered,5.0,Europe,582.44
1258,2026-01-11 17:00:00,CUST-212,Electronics,1,23.32,15.69,Delivered,2.0,South America,23.32
1259,2026-01-11 18:00:00,CUST-712,Beauty,3,138.98,24.61,Cancelled,5.0,Asia,416.94
1260,2026-01-11 19:00:00,CUST-724,Clothing,1,358.03,11.69,Delivered,5.0,Asia,358.03
1261,2026-01-11 20:00:00,CUST-180,Clothing,1,342.18,6.89,Delivered,5.0,Asia,342.18
1262,2026-01-11 21:00:00,CUST-798,Electronics,2,183.15,7.84,Delivered,5.0,Asia,366.3
1263,2026-01-11 22:00:00,CUST-212,Books,2,406.22,47.41,Delivered,4.0,North America,812.44
1264,2026-01-11 23:00:00,CUST-101,Electronics,1,125.56,49.3,Cancelled,4.0,Asia,125.56
1265,2026-01-12 00:00:00,CUST-741,Beauty,3,236.02,9.27,Delivered,4.0,Asia,708.06
1266,2026-01-12 01:00:00,CUST-319,Clothing,1,241.54,20.08,Delivered,5.0,Asia,241.54
1267,2026-01-12 02:00:00,CUST-665,Electronics,1,177.0,10.15,Delivered,4.0,South America,177.0
1268,2026-01-12 03:00:00,CUST-954,Beauty,1,477.79,42.54,Delivered,,Europe,477.79
1269,2026-01-12 04:00:00,CUST-835,Clothing,2,351.38,27.33,Delivered,1.0,Europe,702.76
1270,2026-01-12 05:00:00,CUST-324,Beauty,2,274.21,32.96,Delivered,3.0,Europe,548.42
1271,2026-01-12 06:00:00,CUST-484,Books,1,260.15,29.3,Delivered,5.0,Asia,260.15
1272,2026-01-12 07:00:00,CUST-502,Beauty,1,88.06,36.96,Delivered,5.0,South America,88.06
1273,2026-01-12 08:00:00,CUST-737,Electronics,3,192.37,19.36,Delivered,5.0,North America,577.11
1274,2026-01-12 09:00:00,CUST-229,Beauty,1,339.66,11.19,Delivered,4.0,South America,339.66
1275,2026-01-12 10:00:00,CUST-152,Clothing,1,463.04,5.79,Delivered,5.0,North America,463.04
1276,2026-01-12 11:00:00,CUST-783,Beauty,2,410.07,25.06,Delivered,4.0,South America,820.14
1277,2026-01-12 12:00:00,CUST-829,Home Decor,1,157.19,45.85,Delivered,5.0,Europe,157.19
1278,2026-01-12 13:00:00,CUST-771,Beauty,3,222.64,18.74,Delivered,3.0,Europe,667.92
1279,2026-01-12 14:00:00,CUST-809,Clothing,1,50.63,13.82,Delivered,5.0,Asia,50.63
1280,2026-01-12 15:00:00,CUST-515,Clothing,2,60.06,46.67,Delivered,5.0,Europe,120.12
1281,2026-01-12 16:00:00,CUST-346,Electronics,1,240.41,9.75,Cancelled,,Europe,240.41
1282,2026-01-12 17:00:00,CUST-935,Beauty,3,269.81,7.33,Delivered,5.0,Europe,809.43
1283,2026-01-12 18:00:00,CUST-538,Clothing,1,139.37,44.57,Delivered,5.0,South America,139.37
1284,2026-01-12 19:00:00,CUST-302,Clothing,2,324.96,36.54,Delivered,5.0,Europe,649.92
1285,2026-01-12 20:00:00,CUST-283,Beauty,2,354.66,23.99,Cancelled,5.0,North America,709.32
1286,2026-01-12 21:00:00,CUST-222,Home Decor,1,156.57,38.86,Delivered,,Asia,156.57
1287,2026-01-12 22:00:00,CUST-500,Electronics,1,381.63,38.36,Delivered,1.0,South America,381.63
1288,2026-01-12 23:00:00,CUST-866,Home Decor,2,110.75,6.8,Delivered,5.0,North America,221.5
1289,2026-01-13 00:00:00,CUST-393,Clothing,4,276.68,35.43,Cancelled,5.0,South America,1106.72
1290,2026-01-13 01:00:00,CUST-379,Clothing,1,404.1,33.84,Delivered,3.0,Europe,404.1
1291,2026-01-13 02:00:00,CUST-936,Electronics,1,273.13,48.37,Delivered,1.0,South America,273.13
1292,2026-01-13 03:00:00,CUST-983,Electronics,3,454.9,48.5,Delivered,3.0,South America,1364.7
1293,2026-01-13 04:00:00,CUST-709,Electronics,1,38.67,22.0,Cancelled,5.0,Asia,38.67
1294,2026-01-13 05:00:00,CUST-297,Home Decor,5,298.27,31.54,Delivered,4.0,South America,1491.35
1295,2026-01-13 06:00:00,CUST-610,Electronics,2,285.26,11.36,Delivered,4.0,South America,570.52
1296,2026-01-13 07:00:00,CUST-851,Clothing,2,333.57,7.99,Delivered,1.0,Asia,667.14
1297,2026-01-13 08:00:00,CUST-243,Books,1,418.37,24.48,Delivered,4.0,South America,418.37
1298,2026-01-13 09:00:00,CUST-708,Electronics,1,365.67,36.04,Delivered,5.0,South America,365.67
1299,2026-01-13 10:00:00,CUST-300,Clothing,2,397.24,30.55,Delivered,5.0,North America,794.48
1300,2026-01-13 11:00:00,CUST-223,Beauty,4,151.52,24.33,Returned,4.0,North America,606.08
1301,2026-01-13 12:00:00,CUST-286,Books,5,199.87,41.82,Delivered,4.0,South America,999.35
1302,2026-01-13 13:00:00,CUST-425,Home Decor,1,317.12,40.75,Cancelled,5.0,South America,317.12
1303,2026-01-13 14:00:00,CUST-563,Home Decor,1,281.2,37.94,Delivered,5.0,Europe,281.2
1304,2026-01-13 15:00:00,CUST-448,Beauty,1,480.94,8.47,Delivered,4.0,North America,480.94
1305,2026-01-13 16:00:00,CUST-870,Clothing,3,101.55,40.84,Delivered,2.0,Europe,304.65
1306,2026-01-13 17:00:00,CUST-759,Beauty,1,182.13,46.37,Delivered,5.0,South America,182.13
1307,2026-01-13 18:00:00,CUST-863,Electronics,1,290.65,7.67,Delivered,5.0,Europe,290.65
1308,2026-01-13 19:00:00,CUST-502,Books,1,435.3,23.08,Delivered,5.0,Europe,435.3
1309,2026-01-13 20:00:00,CUST-445,Clothing,1,465.38,49.48,Returned,4.0,Asia,465.38
1310,2026-01-13 21:00:00,CUST-610,Home Decor,5,174.66,31.97,Delivered,5.0,Asia,873.3
1311,2026-01-13 22:00:00,CUST-246,Electronics,2,42.88,28.11,Shipped,5.0,South America,85.76
1312,2026-01-13 23:00:00,CUST-247,Home Decor,1,216.59,12.99,Delivered,5.0,North America,216.59
1313,2026-01-14 00:00:00,CUST-963,Electronics,1,203.23,30.45,Delivered,5.0,South America,203.23
1314,2026-01-14 01:00:00,CUST-810,Beauty,1,493.38,24.76,Delivered,3.0,North America,493.38
1315,2026-01-14 02:00:00,CUST-919,Beauty,1,221.22,10.73,Delivered,5.0,Asia,221.22
1316,2026-01-14 03:00:00,CUST-588,Electronics,1,159.8,25.89,Delivered,4.0,North America,159.8
1317,2026-01-14 04:00:00,CUST-739,Beauty,2,189.03,12.4,Delivered,5.0,Europe,378.06
1318,2026-01-14 05:00:00,CUST-650,Beauty,1,204.49,37.88,Cancelled,5.0,Europe,204.49
1319,2026-01-14 06:00:00,CUST-437,Home Decor,1,412.55,48.81,Delivered,5.0,Asia,412.55
1320,2026-01-14 07:00:00,CUST-971,Clothing,1,49.7,26.13,Cancelled,4.0,South America,49.7
1321,2026-01-14 08:00:00,CUST-740,Electronics,3,165.09,33.46,Delivered,3.0,North America,495.27
1322,2026-01-14 09:00:00,CUST-878,Electronics,2,483.5,24.39,Delivered,1.0,South America,967.0
1323,2026-01-14 10:00:00,CUST-572,Clothing,2,85.02,11.23,Delivered,4.0,North America,170.04
1324,2026-01-14 11:00:00,CUST-250,Books,2,373.87,48.67,Delivered,4.0,Asia,747.74
1325,2026-01-14 12:00:00,CUST-514,Electronics,2,184.63,10.83,Delivered,5.0,Europe,369.26
1326,2026-01-14 13:00:00,CUST-397,Beauty,1,295.07,10.02,Delivered,4.0,Europe,295.07
1327,2026-01-14 14:00:00,CUST-710,Clothing,4,58.78,25.66,Delivered,5.0,North America,235.12
1328,2026-01-14 15:00:00,CUST-362,Clothing,1,160.14,34.65,Delivered,5.0,South America,160.14
1329,2026-01-14 16:00:00,CUST-863,Beauty,1,255.42,20.97,Delivered,5.0,Asia,255.42
1330,2026-01-14 17:00:00,CUST-243,Beauty,3,123.53,13.66,Delivered,5.0,Asia,370.59
1331,2026-01-14 18:00:00,CUST-445,Clothing,1,275.52,41.85,Delivered,3.0,South America,275.52
1332,2026-01-14 19:00:00,CUST-723,Clothing,4,117.68,21.34,Delivered,4.0,Europe,470.72
1333,2026-01-14 20:00:00,CUST-671,Clothing,1,328.55,13.74,Shipped,4.0,South America,328.55
1334,2026-01-14 21:00:00,CUST-980,Electronics,3,453.13,21.43,Delivered,5.0,Europe,1359.39
1335,2026-01-14 22:00:00,CUST-101,Electronics,3,51.89,14.65,Delivered,5.0,North America,155.67
1336,2026-01-14 23:00:00,CUST-996,Clothing,5,116.14,28.38,Delivered,5.0,Asia,580.7
1337,2026-01-15 00:00:00,CUST-403,Clothing,4,423.77,35.07,Delivered,5.0,North America,1695.08
1338,2026-01-15 01:00:00,CUST-353,Home Decor,3,319.46,40.98,Delivered,5.0,South America,958.38
1339,2026-01-15 02:00:00,CUST-751,Clothing,2,48.57,15.24,Delivered,5.0,South America,97.14
1340,2026-01-15 03:00:00,CUST-552,Clothing,1,248.31,12.51,Delivered,5.0,North America,248.31
1341,2026-01-15 04:00:00,CUST-136,Clothing,1,112.78,5.88,Delivered,3.0,South America,112.78
1342,2026-01-15 05:00:00,CUST-259,Home Decor,2,107.56,15.26,Delivered,2.0,South America,215.12
1343,2026-01-15 06:00:00,CUST-108,Beauty,5,470.92,6.08,Delivered,4.0,South America,2354.6
1344,2026-01-15 07:00:00,CUST-332,Clothing,2,383.16,20.55,Delivered,5.0,Asia,766.32
1345,2026-01-15 08:00:00,CUST-198,Beauty,4,351.15,11.56,Returned,5.0,Asia,1404.6
1346,2026-01-15 09:00:00,CUST-758,Electronics,3,127.08,31.1,Delivered,4.0,Europe,381.24
1347,2026-01-15 10:00:00,CUST-915,Clothing,1,68.1,22.27,Cancelled,5.0,Asia,68.1
1348,2026-01-15 11:00:00,CUST-307,Clothing,1,436.71,9.21,Delivered,4.0,North America,436.71
1349,2026-01-15 12:00:00,CUST-230,Clothing,1,12.88,22.99,Delivered,5.0,North America,12.88
1350,2026-01-15 13:00:00,CUST-503,Home Decor,1,200.17,14.42,Delivered,4.0,Asia,200.17
1351,2026-01-15 14:00:00,CUST-251,Beauty,2,146.03,35.61,Delivered,1.0,North America,292.06
1352,2026-01-15 15:00:00,CUST-153,Electronics,5,289.48,21.4,Shipped,3.0,South America,1447.4
1353,2026-01-15 16:00:00,CUST-219,Home Decor,3,132.75,11.62,Delivered,3.0,Asia,398.25
1354,2026-01-15 17:00:00,CUST-772,Home Decor,1,162.49,20.73,Delivered,1.0,Europe,162.49
1355,2026-01-15 18:00:00,CUST-727,Electronics,1,426.52,15.1,Delivered,5.0,Europe,426.52
1356,2026-01-15 19:00:00,CUST-686,Electronics,1,305.56,40.81,Delivered,3.0,Asia,305.56
1357,2026-01-15 20:00:00,CUST-724,Clothing,2,81.38,49.25,Delivered,5.0,North America,162.76
1358,2026-01-15 21:00:00,CUST-519,Electronics,1,365.97,6.15,Delivered,4.0,Asia,365.97
1359,2026-01-15 22:00:00,CUST-521,Electronics,1,111.66,36.05,Delivered,1.0,Asia,111.66
1360,2026-01-15 23:00:00,CUST-203,Electronics,1,222.17,16.88,Cancelled,5.0,Europe,222.17
1361,2026-01-16 00:00:00,CUST-951,Clothing,1,326.84,7.99,Returned,4.0,South America,326.84
1362,2026-01-16 01:00:00,CUST-353,Home Decor,4,143.25,5.65,Shipped,5.0,South America,573.0
1363,2026-01-16 02:00:00,CUST-326,Home Decor,1,198.21,44.65,Delivered,4.0,Asia,198.21
1364,2026-01-16 03:00:00,CUST-211,Books,1,369.73,20.91,Delivered,1.0,Europe,369.73
1365,2026-01-16 04:00:00,CUST-609,Clothing,1,469.58,49.75,Delivered,4.0,Europe,469.58
1366,2026-01-16 05:00:00,CUST-572,Beauty,1,269.33,24.91,Cancelled,5.0,Asia,269.33
1367,2026-01-16 06:00:00,CUST-198,Beauty,2,14.89,13.44,Cancelled,1.0,Asia,29.78
1368,2026-01-16 07:00:00,CUST-252,Home Decor,2,175.85,39.97,Delivered,,Asia,351.7
1369,2026-01-16 08:00:00,CUST-960,Clothing,1,205.33,46.69,Delivered,5.0,South America,205.33
1370,2026-01-16 09:00:00,CUST-995,Beauty,2,176.2,41.7,Shipped,4.0,Asia,352.4
1371,2026-01-16 10:00:00,CUST-977,Electronics,1,223.77,38.53,Delivered,,Europe,223.77
1372,2026-01-16 11:00:00,CUST-437,Clothing,2,320.01,20.06,Delivered,2.0,Asia,640.02
1373,2026-01-16 12:00:00,CUST-805,Clothing,1,69.35,7.9,Returned,5.0,Europe,69.35
1374,2026-01-16 13:00:00,CUST-921,Home Decor,1,143.59,14.06,Shipped,5.0,Europe,143.59
1375,2026-01-16 14:00:00,CUST-262,Electronics,3,258.75,25.11,Cancelled,4.0,North America,776.25
1376,2026-01-16 15:00:00,CUST-819,Books,3,164.63,48.03,Delivered,5.0,Europe,493.89
1377,2026-01-16 16:00:00,CUST-780,Home Decor,2,495.63,37.53,Delivered,4.0,North America,991.26
1378,2026-01-16 17:00:00,CUST-260,Clothing,1,221.4,42.27,Delivered,3.0,Asia,221.4
1379,2026-01-16 18:00:00,CUST-679,Books,1,436.2,17.48,Delivered,5.0,North America,436.2
1380,2026-01-16 19:00:00,CUST-900,Clothing,5,449.29,35.77,Delivered,5.0,South America,2246.45
1381,2026-01-16 20:00:00,CUST-497,Books,1,419.64,43.81,Shipped,5.0,South America,419.64
1382,2026-01-16 21:00:00,CUST-376,Clothing,1,32.98,26.57,Cancelled,4.0,South America,32.98
1383,2026-01-16 22:00:00,CUST-915,Electronics,1,474.4,24.35,Delivered,5.0,Asia,474.4
1384,2026-01-16 23:00:00,CUST-603,Beauty,1,73.08,37.37,Delivered,3.0,Europe,73.08
1385,2026-01-17 00:00:00,CUST-995,Home Decor,1,26.86,30.2,Delivered,4.0,South America,26.86
1386,2026-01-17 01:00:00,CUST-491,Beauty,1,213.04,49.69,Delivered,5.0,North America,213.04
1387,2026-01-17 02:00:00,CUST-234,Books,1,105.37,24.13,Delivered,4.0,Asia,105.37
1388,2026-01-17 03:00:00,CUST-294,Beauty,4,100.26,12.92,Delivered,4.0,Asia,401.04
1389,2026-01-17 04:00:00,CUST-500,Home Decor,1,151.03,26.24,Delivered,5.0,North America,151.03
1390,2026-01-17 05:00:00,CUST-739,Beauty,1,131.72,15.58,Shipped,5.0,North America,131.72
1391,2026-01-17 06:00:00,CUST-132,Home Decor,2,345.55,30.26,Delivered,5.0,Asia,691.1
1392,2026-01-17 07:00:00,CUST-787,Clothing,2,101.52,10.66,Delivered,4.0,Asia,203.04
1393,2026-01-17 08:00:00,CUST-559,Beauty,1,276.13,47.75,Delivered,5.0,Europe,276.13
1394,2026-01-17 09:00:00,CUST-982,Electronics,3,493.35,43.69,Delivered,2.0,Asia,1480.05
1395,2026-01-17 10:00:00,CUST-569,Home Decor,1,221.87,12.0,Cancelled,5.0,North America,221.87
1396,2026-01-17 11:00:00,CUST-474,Beauty,3,324.52,12.76,Delivered,5.0,Asia,973.56
1397,2026-01-17 12:00:00,CUST-121,Home Decor,1,484.99,28.06,Cancelled,5.0,Asia,484.99
1398,2026-01-17 13:00:00,CUST-849,Home Decor,1,77.44,39.78,Delivered,3.0,North America,77.44
1399,2026-01-17 14:00:00,CUST-769,Beauty,3,215.12,14.86,Delivered,4.0,Europe,645.36
1400,2026-01-17 15:00:00,CUST-137,Clothing,2,426.59,7.74,Delivered,5.0,Asia,853.18
1401,2026-01-17 16:00:00,CUST-329,Beauty,1,466.83,29.55,Returned,4.0,South America,466.83
1402,2026-01-17 17:00:00,CUST-464,Electronics,1,304.61,36.12,Delivered,5.0,South America,304.61
1403,2026-01-17 18:00:00,CUST-662,Electronics,1,80.28,16.0,Delivered,4.0,North America,80.28
1404,2026-01-17 19:00:00,CUST-537,Electronics,2,451.72,38.29,Delivered,4.0,North America,903.44
1405,2026-01-17 20:00:00,CUST-875,Clothing,1,95.48,47.78,Delivered,3.0,North America,95.48
1406,2026-01-17 21:00:00,CUST-382,Clothing,1,182.91,11.17,Delivered,1.0,South America,182.91
1407,2026-01-17 22:00:00,CUST-126,Beauty,1,194.0,28.0,Returned,5.0,North America,194.0
1408,2026-01-17 23:00:00,CUST-325,Clothing,2,229.17,7.56,Cancelled,4.0,South America,458.34
1409,2026-01-18 00:00:00,CUST-376,Clothing,3,397.18,14.3,Delivered,5.0,Europe,1191.54
1410,2026-01-18 01:00:00,CUST-897,Electronics,3,403.05,9.04,Delivered,4.0,North America,1209.15
1411,2026-01-18 02:00:00,CUST-708,Clothing,1,362.63,23.18,Delivered,3.0,Asia,362.63
1412,2026-01-18 03:00:00,CUST-383,Home Decor,4,20.84,41.94,Delivered,4.0,Europe,83.36
1413,2026-01-18 04:00:00,CUST-978,Electronics,2,286.77,30.97,Delivered,4.0,South America,573.54
1414,2026-01-18 05:00:00,CUST-580,Electronics,3,376.27,15.02,Delivered,5.0,North America,1128.81
1415,2026-01-18 06:00:00,CUST-552,Electronics,1,227.87,6.8,Delivered,5.0,Asia,227.87
1416,2026-01-18 07:00:00,CUST-928,Electronics,1,473.02,29.9,Delivered,5.0,South America,473.02
1417,2026-01-18 08:00:00,CUST-915,Clothing,3,413.67,10.98,Delivered,5.0,Europe,1241.01
1418,2026-01-18 09:00:00,CUST-758,Electronics,1,322.7,20.42,Delivered,5.0,Asia,322.7
1419,2026-01-18 10:00:00,CUST-615,Home Decor,2,40.59,27.96,Delivered,5.0,Europe,81.18
1420,2026-01-18 11:00:00,CUST-646,Beauty,3,329.65,45.67,Delivered,5.0,North America,988.95
1421,2026-01-18 12:00:00,CUST-291,Clothing,3,456.67,8.68,Delivered,5.0,Asia,1370.01
1422,2026-01-18 13:00:00,CUST-148,Books,4,195.93,35.09,Delivered,5.0,North America,783.72
1423,2026-01-18 14:00:00,CUST-611,Clothing,2,420.68,5.63,Delivered,5.0,South America,841.36
1424,2026-01-18 15:00:00,CUST-116,Clothing,1,163.45,33.35,Delivered,5.0,South America,163.45
1425,2026-01-18 16:00:00,CUST-271,Books,1,289.35,29.82,Delivered,5.0,Europe,289.35
1426,2026-01-18 17:00:00,CUST-319,Electronics,1,327.73,41.53,Delivered,5.0,North America,327.73
1427,2026-01-18 18:00:00,CUST-257,Books,2,342.22,28.92,Delivered,5.0,North America,684.44
1428,2026-01-18 19:00:00,CUST-576,Electronics,1,442.45,20.87,Delivered,4.0,Asia,442.45
1429,2026-01-18 20:00:00,CUST-145,Clothing,1,124.96,15.92,Delivered,5.0,South America,124.96
1430,2026-01-18 21:00:00,CUST-472,Electronics,2,138.56,8.84,Delivered,3.0,North America,277.12
1431,2026-01-18 22:00:00,CUST-617,Home Decor,3,354.98,29.06,Shipped,5.0,North America,1064.94
1432,2026-01-18 23:00:00,CUST-198,Home Decor,5,96.82,44.97,Shipped,4.0,North America,484.1
1433,2026-01-19 00:00:00,CUST-991,Home Decor,3,237.49,28.16,Shipped,4.0,South America,712.47
1434,2026-01-19 01:00:00,CUST-844,Clothing,3,19.82,38.26,Delivered,5.0,South America,59.46
1435,2026-01-19 02:00:00,CUST-136,Clothing,2,79.08,18.43,Delivered,5.0,South America,158.16
1436,2026-01-19 03:00:00,CUST-379,Electronics,5,342.63,25.17,Delivered,4.0,Europe,1713.15
1437,2026-01-19 04:00:00,CUST-448,Clothing,2,376.26,19.61,Delivered,4.0,South America,752.52
1438,2026-01-19 05:00:00,CUST-596,Books,3,66.51,9.92,Delivered,5.0,South America,199.53
1439,2026-01-19 06:00:00,CUST-401,Clothing,4,121.58,23.76,Delivered,2.0,South America,486.32
1440,2026-01-19 07:00:00,CUST-280,Beauty,4,58.46,39.39,Delivered,1.0,Asia,233.84
1441,2026-01-19 08:00:00,CUST-706,Beauty,1,222.37,22.77,Delivered,5.0,Asia,222.37
1442,2026-01-19 09:00:00,CUST-198,Clothing,1,71.8,34.26,Delivered,5.0,North America,71.8
1443,2026-01-19 10:00:00,CUST-799,Home Decor,1,224.28,39.14,Delivered,5.0,Asia,224.28
1444,2026-01-19 11:00:00,CUST-215,Electronics,1,368.73,19.52,Delivered,5.0,Europe,368.73
1445,2026-01-19 12:00:00,CUST-290,Electronics,1,344.86,40.89,Shipped,5.0,Europe,344.86
1446,2026-01-19 13:00:00,CUST-352,Electronics,1,147.43,20.25,Delivered,5.0,North America,147.43
1447,2026-01-19 14:00:00,CUST-260,Home Decor,1,340.14,16.52,Delivered,5.0,North America,340.14
1448,2026-01-19 15:00:00,CUST-355,Clothing,2,464.58,15.01,Delivered,4.0,Europe,929.16
1449,2026-01-19 16:00:00,CUST-422,Clothing,2,180.29,14.0,Delivered,4.0,Europe,360.58
1450,2026-01-19 17:00:00,CUST-227,Clothing,1,171.27,38.17,Delivered,5.0,Europe,171.27
1451,2026-01-19 18:00:00,CUST-117,Clothing,2,290.0,44.94,Delivered,5.0,North America,580.0
1452,2026-01-19 19:00:00,CUST-892,Home Decor,2,130.3,15.38,Shipped,3.0,Europe,260.6
1453,2026-01-19 20:00:00,CUST-834,Beauty,2,329.27,8.84,Shipped,5.0,North America,658.54
1454,2026-01-19 21:00:00,CUST-665,Electronics,4,417.81,19.12,Delivered,5.0,Europe,1671.24
1455,2026-01-19 22:00:00,CUST-669,Electronics,1,235.07,34.6,Delivered,4.0,Europe,235.07
1456,2026-01-19 23:00:00,CUST-422,Home Decor,1,342.96,21.58,Shipped,5.0,Asia,342.96
1457,2026-01-20 00:00:00,CUST-971,Clothing,1,329.42,29.71,Delivered,5.0,Europe,329.42
1458,2026-01-20 01:00:00,CUST-785,Home Decor,1,28.95,38.49,Delivered,4.0,North America,28.95
1459,2026-01-20 02:00:00,CUST-891,Clothing,2,99.87,23.38,Shipped,5.0,Europe,199.74
1460,2026-01-20 03:00:00,CUST-725,Clothing,1,447.83,49.99,Delivered,4.0,South America,447.83
1461,2026-01-20 04:00:00,CUST-387,Electronics,1,470.06,18.41,Delivered,5.0,Asia,470.06
1462,2026-01-20 05:00:00,CUST-953,Electronics,1,392.42,49.02,Delivered,5.0,Europe,392.42
1463,2026-01-20 06:00:00,CUST-762,Home Decor,1,461.41,14.14,Delivered,5.0,Europe,461.41
1464,2026-01-20 07:00:00,CUST-738,Clothing,2,160.01,9.99,Delivered,4.0,South America,320.02
1465,2026-01-20 08:00:00,CUST-254,Beauty,2,131.38,38.79,Delivered,3.0,South America,262.76
1466,2026-01-20 09:00:00,CUST-589,Beauty,1,198.31,36.6,Delivered,5.0,South America,198.31
1467,2026-01-20 10:00:00,CUST-485,Clothing,1,37.12,41.5,Delivered,4.0,South America,37.12
1468,2026-01-20 11:00:00,CUST-884,Beauty,1,406.84,20.46,Delivered,2.0,South America,406.84
1469,2026-01-20 12:00:00,CUST-203,Clothing,1,492.25,46.89,Delivered,4.0,South America,492.25
1470,2026-01-20 13:00:00,CUST-492,Clothing,3,413.77,10.38,Delivered,5.0,Europe,1241.31
1471,2026-01-20 14:00:00,CUST-910,Home Decor,1,281.94,6.36,Delivered,5.0,North America,281.94
1472,2026-01-20 15:00:00,CUST-345,Clothing,2,154.69,18.53,Delivered,5.0,Europe,309.38
1473,2026-01-20 16:00:00,CUST-275,Home Decor,3,106.87,40.88,Delivered,3.0,Europe,320.61
1474,2026-01-20 17:00:00,CUST-138,Electronics,1,188.39,35.28,Delivered,4.0,Europe,188.39
1475,2026-01-20 18:00:00,CUST-576,Home Decor,1,336.82,24.63,Returned,5.0,Asia,336.82
1476,2026-01-20 19:00:00,CUST-781,Beauty,4,229.06,16.53,Delivered,5.0,North America,916.24
1477,2026-01-20 20:00:00,CUST-858,Beauty,3,467.69,7.67,Delivered,4.0,North America,1403.07
1478,2026-01-20 21:00:00,CUST-637,Home Decor,1,428.57,20.19,Delivered,4.0,Asia,428.57
1479,2026-01-20 22:00:00,CUST-966,Home Decor,3,60.18,25.7,Delivered,4.0,North America,180.54
1480,2026-01-20 23:00:00,CUST-917,Home Decor,3,74.45,35.92,Delivered,5.0,Asia,223.35
1481,2026-01-21 00:00:00,CUST-507,Home Decor,1,341.36,34.07,Delivered,4.0,Europe,341.36
1482,2026-01-21 01:00:00,CUST-624,Electronics,3,123.08,47.63,Delivered,5.0,North America,369.24
1483,2026-01-21 02:00:00,CUST-927,Clothing,1,397.6,9.52,Delivered,5.0,Europe,397.6
1484,2026-01-21 03:00:00,CUST-605,Clothing,2,299.77,20.14,Delivered,4.0,South America,599.54
1485,2026-01-21 04:00:00,CUST-924,Books,5,122.62,26.67,Delivered,4.0,Europe,613.1
1486,2026-01-21 05:00:00,CUST-135,Clothing,3,244.56,35.18,Delivered,1.0,North America,733.68
1487,2026-01-21 06:00:00,CUST-784,Clothing,1,208.98,27.3,Shipped,5.0,Europe,208.98
1488,2026-01-21 07:00:00,CUST-119,Clothing,1,437.85,46.07,Delivered,5.0,Europe,437.85
1489,2026-01-21 08:00:00,CUST-420,Home Decor,2,25.76,32.39,Shipped,1.0,Asia,51.52
1490,2026-01-21 09:00:00,CUST-875,Home Decor,2,448.96,6.78,Delivered,5.0,North America,897.92
1491,2026-01-21 10:00:00,CUST-611,Electronics,2,329.52,10.11,Delivered,5.0,Europe,659.04
1492,2026-01-21 11:00:00,CUST-499,Clothing,4,371.39,38.91,Delivered,4.0,Asia,1485.56
1493,2026-01-21 12:00:00,CUST-753,Beauty,3,11.28,37.21,Delivered,4.0,North America,33.84
1494,2026-01-21 13:00:00,CUST-982,Clothing,1,317.84,11.91,Delivered,4.0,South America,317.84
1495,2026-01-21 14:00:00,CUST-570,Electronics,1,298.36,7.65,Delivered,4.0,Europe,298.36
1496,2026-01-21 15:00:00,CUST-242,Home Decor,1,273.23,31.04,Shipped,4.0,Europe,273.23
1497,2026-01-21 16:00:00,CUST-191,Beauty,2,395.07,33.61,Delivered,3.0,Europe,790.14
1498,2026-01-21 17:00:00,CUST-453,Electronics,2,282.38,11.09,Delivered,4.0,Europe,564.76
1499,2026-01-21 18:00:00,CUST-933,Beauty,2,429.98,26.31,Delivered,5.0,Europe,859.96
1500,2026-01-21 19:00:00,CUST-899,Beauty,1,123.99,18.76,Delivered,1.0,South America,123.99
1501,2026-01-21 20:00:00,CUST-826,Clothing,1,404.93,46.91,Shipped,3.0,South America,404.93
1502,2026-01-21 21:00:00,CUST-953,Books,1,97.86,14.86,Returned,5.0,North America,97.86
1503,2026-01-21 22:00:00,CUST-150,Beauty,2,408.43,38.0,Delivered,3.0,North America,816.86
1504,2026-01-21 23:00:00,CUST-764,Beauty,1,470.83,28.32,Delivered,4.0,Asia,470.83
1505,2026-01-22 00:00:00,CUST-797,Home Decor,1,174.49,5.52,Shipped,4.0,Asia,174.49
1506,2026-01-22 01:00:00,CUST-674,Electronics,1,269.64,28.26,Delivered,5.0,Asia,269.64
1507,2026-01-22 02:00:00,CUST-289,Electronics,2,332.58,9.48,Delivered,3.0,South America,665.16
1508,2026-01-22 03:00:00,CUST-224,Clothing,1,48.94,34.66,Returned,5.0,North America,48.94
1509,2026-01-22 04:00:00,CUST-249,Electronics,3,252.1,30.45,Delivered,5.0,North America,756.3
1510,2026-01-22 05:00:00,CUST-413,Clothing,2,186.69,5.47,Delivered,5.0,South America,373.38
1511,2026-01-22 06:00:00,CUST-669,Beauty,2,437.5,14.21,Shipped,5.0,North America,875.0
1512,2026-01-22 07:00:00,CUST-441,Beauty,2,439.57,39.93,Returned,1.0,Europe,879.14
1513,2026-01-22 08:00:00,CUST-404,Home Decor,1,353.38,17.41,Delivered,2.0,North America,353.38
1514,2026-01-22 09:00:00,CUST-791,Beauty,1,331.3,27.47,Delivered,4.0,North America,331.3
1515,2026-01-22 10:00:00,CUST-781,Beauty,4,369.51,19.04,Cancelled,2.0,Europe,1478.04
1516,2026-01-22 11:00:00,CUST-937,Clothing,3,189.33,46.47,Returned,5.0,Asia,567.99
1517,2026-01-22 12:00:00,CUST-882,Electronics,4,208.21,29.15,Cancelled,5.0,Asia,832.84
1518,2026-01-22 13:00:00,CUST-153,Clothing,2,281.32,36.33,Delivered,4.0,Asia,562.64
1519,2026-01-22 14:00:00,CUST-543,Home Decor,1,469.63,8.76,Delivered,5.0,South America,469.63
1520,2026-01-22 15:00:00,CUST-712,Clothing,1,364.76,6.82,Delivered,5.0,Europe,364.76
1521,2026-01-22 16:00:00,CUST-363,Home Decor,2,279.98,16.67,Delivered,5.0,Europe,559.96
1522,2026-01-22 17:00:00,CUST-152,Electronics,1,387.5,18.91,Delivered,5.0,South America,387.5
1523,2026-01-22 18:00:00,CUST-671,Home Decor,1,191.74,35.95,Delivered,4.0,Europe,191.74
1524,2026-01-22 19:00:00,CUST-719,Beauty,3,367.93,30.61,Shipped,2.0,North America,1103.79
1525,2026-01-22 20:00:00,CUST-104,Home Decor,1,211.23,21.86,Shipped,2.0,Asia,211.23
1526,2026-01-22 21:00:00,CUST-202,Books,1,147.03,34.44,Delivered,,Europe,147.03
1527,2026-01-22 22:00:00,CUST-295,Beauty,3,308.76,12.36,Delivered,1.0,Europe,926.28
1528,2026-01-22 23:00:00,CUST-873,Books,3,346.57,7.86,Delivered,5.0,Asia,1039.71
1529,2026-01-23 00:00:00,CUST-976,Books,1,235.05,43.45,Shipped,5.0,South America,235.05
1530,2026-01-23 01:00:00,CUST-983,Beauty,3,287.1,30.38,Delivered,5.0,Asia,861.3
1531,2026-01-23 02:00:00,CUST-449,Home Decor,3,350.09,34.21,Delivered,5.0,South America,1050.27
1532,2026-01-23 03:00:00,CUST-146,Electronics,1,386.18,18.83,Delivered,5.0,South America,386.18
1533,2026-01-23 04:00:00,CUST-966,Clothing,1,448.83,21.74,Cancelled,4.0,North America,448.83
1534,2026-01-23 05:00:00,CUST-922,Home Decor,1,183.73,8.71,Delivered,5.0,Asia,183.73
1535,2026-01-23 06:00:00,CUST-919,Clothing,2,476.22,43.56,Delivered,4.0,Europe,952.44
1536,2026-01-23 07:00:00,CUST-755,Clothing,1,322.27,31.66,Returned,5.0,South America,322.27
1537,2026-01-23 08:00:00,CUST-368,Books,5,395.97,8.76,Delivered,4.0,North America,1979.85
1538,2026-01-23 09:00:00,CUST-469,Beauty,3,352.89,41.2,Delivered,5.0,Asia,1058.67
1539,2026-01-23 10:00:00,CUST-735,Beauty,3,110.73,24.99,Delivered,5.0,South America,332.19
1540,2026-01-23 11:00:00,CUST-205,Clothing,4,45.0,39.43,Shipped,5.0,North America,180.0
1541,2026-01-23 12:00:00,CUST-769,Electronics,3,365.88,5.57,Delivered,2.0,Europe,1097.64
1542,2026-01-23 13:00:00,CUST-758,Electronics,1,260.42,6.29,Delivered,4.0,South America,260.42
1543,2026-01-23 14:00:00,CUST-756,Clothing,1,354.08,12.69,Delivered,5.0,South America,354.08
1544,2026-01-23 15:00:00,CUST-219,Electronics,2,243.65,14.49,Returned,4.0,Europe,487.3
1545,2026-01-23 16:00:00,CUST-930,Electronics,1,162.99,39.38,Delivered,5.0,Europe,162.99
1546,2026-01-23 17:00:00,CUST-886,Books,1,149.66,36.8,Delivered,5.0,Europe,149.66
1547,2026-01-23 18:00:00,CUST-703,Home Decor,2,367.96,32.72,Delivered,4.0,South America,735.92
1548,2026-01-23 19:00:00,CUST-157,Clothing,4,145.62,44.82,Delivered,4.0,North America,582.48
1549,2026-01-23 20:00:00,CUST-445,Electronics,1,360.19,16.12,Delivered,5.0,North America,360.19
1550,2026-01-23 21:00:00,CUST-840,Clothing,3,198.14,45.7,Shipped,3.0,Europe,594.42
1551,2026-01-23 22:00:00,CUST-573,Electronics,1,387.74,45.93,Shipped,2.0,North America,387.74
1552,2026-01-23 23:00:00,CUST-216,Books,2,79.98,24.54,Delivered,1.0,Europe,159.96
1553,2026-01-24 00:00:00,CUST-929,Clothing,1,110.44,9.25,Delivered,1.0,Europe,110.44
1554,2026-01-24 01:00:00,CUST-890,Clothing,3,346.1,37.7,Delivered,4.0,Asia,1038.3
1555,2026-01-24 02:00:00,CUST-226,Clothing,1,284.51,20.16,Delivered,4.0,North America,284.51
1556,2026-01-24 03:00:00,CUST-492,Electronics,2,109.9,40.77,Delivered,5.0,South America,219.8
1557,2026-01-24 04:00:00,CUST-740,Home Decor,1,452.39,12.37,Returned,5.0,Asia,452.39
1558,2026-01-24 05:00:00,CUST-157,Home Decor,1,145.21,29.28,Shipped,5.0,Europe,145.21
1559,2026-01-24 06:00:00,CUST-733,Home Decor,1,216.32,27.86,Delivered,4.0,Asia,216.32
1560,2026-01-24 07:00:00,CUST-612,Electronics,1,109.12,9.51,Delivered,5.0,Europe,109.12
1561,2026-01-24 08:00:00,CUST-850,Home Decor,1,200.13,21.35,Delivered,5.0,Europe,200.13
1562,2026-01-24 09:00:00,CUST-901,Home Decor,1,250.91,8.81,Shipped,4.0,Europe,250.91
1563,2026-01-24 10:00:00,CUST-195,Beauty,2,154.67,25.91,Delivered,5.0,North America,309.34
1564,2026-01-24 11:00:00,CUST-737,Clothing,2,386.86,42.93,Delivered,3.0,Europe,773.72
1565,2026-01-24 12:00:00,CUST-217,Clothing,1,203.03,17.16,Delivered,4.0,Europe,203.03
1566,2026-01-24 13:00:00,CUST-659,Home Decor,2,367.46,39.42,Cancelled,5.0,North America,734.92
1567,2026-01-24 14:00:00,CUST-700,Home Decor,1,111.47,13.25,Delivered,4.0,North America,111.47
1568,2026-01-24 15:00:00,CUST-587,Clothing,2,194.75,35.32,Delivered,5.0,Europe,389.5
1569,2026-01-24 16:00:00,CUST-336,Clothing,1,13.95,46.2,Delivered,4.0,North America,13.95
1570,2026-01-24 17:00:00,CUST-984,Clothing,2,381.73,19.58,Delivered,5.0,South America,763.46
1571,2026-01-24 18:00:00,CUST-996,Beauty,1,316.68,45.52,Shipped,4.0,South America,316.68
1572,2026-01-24 19:00:00,CUST-371,Clothing,5,410.73,27.74,Delivered,4.0,Europe,2053.65
1573,2026-01-24 20:00:00,CUST-288,Books,1,233.25,19.26,Delivered,5.0,Asia,233.25
1574,2026-01-24 21:00:00,CUST-803,Clothing,1,401.87,45.34,Delivered,5.0,North America,401.87
1575,2026-01-24 22:00:00,CUST-546,Books,1,327.32,6.44,Delivered,5.0,Asia,327.32
1576,2026-01-24 23:00:00,CUST-680,Beauty,3,11.77,6.26,Delivered,5.0,South America,35.31
1577,2026-01-25 00:00:00,CUST-889,Clothing,2,134.31,31.99,Delivered,4.0,Europe,268.62
1578,2026-01-25 01:00:00,CUST-960,Beauty,2,252.01,40.85,Delivered,4.0,South America,504.02
1579,2026-01-25 02:00:00,CUST-346,Electronics,4,313.16,38.82,Delivered,5.0,North America,1252.64
1580,2026-01-25 03:00:00,CUST-175,Books,4,42.14,8.58,Delivered,5.0,North America,168.56
1581,2026-01-25 04:00:00,CUST-253,Home Decor,2,355.49,47.76,Delivered,4.0,Europe,710.98
1582,2026-01-25 05:00:00,CUST-755,Electronics,1,276.33,36.64,Shipped,5.0,North America,276.33
1583,2026-01-25 06:00:00,CUST-534,Home Decor,3,267.63,47.71,Delivered,5.0,North America,802.89
1584,2026-01-25 07:00:00,CUST-185,Books,1,153.1,19.81,Delivered,5.0,North America,153.1
1585,2026-01-25 08:00:00,CUST-796,Electronics,2,301.46,36.23,Delivered,2.0,Asia,602.92
1586,2026-01-25 09:00:00,CUST-384,Home Decor,2,23.47,43.7,Delivered,4.0,Europe,46.94
1587,2026-01-25 10:00:00,CUST-319,Home Decor,3,41.7,22.12,Cancelled,4.0,Europe,125.1
1588,2026-01-25 11:00:00,CUST-168,Beauty,2,369.6,48.42,Delivered,4.0,Europe,739.2
1589,2026-01-25 12:00:00,CUST-146,Clothing,2,167.73,16.92,Delivered,4.0,North America,335.46
1590,2026-01-25 13:00:00,CUST-193,Electronics,4,180.01,19.2,Delivered,4.0,North America,720.04
1591,2026-01-25 14:00:00,CUST-849,Electronics,1,112.11,46.41,Delivered,1.0,North America,112.11
1592,2026-01-25 15:00:00,CUST-552,Home Decor,1,228.35,48.63,Delivered,4.0,Europe,228.35
1593,2026-01-25 16:00:00,CUST-303,Clothing,2,35.48,17.83,Delivered,4.0,Asia,70.96
1594,2026-01-25 17:00:00,CUST-317,Books,4,157.18,11.14,Delivered,4.0,South America,628.72
1595,2026-01-25 18:00:00,CUST-573,Electronics,1,268.29,39.16,Shipped,3.0,Europe,268.29
1596,2026-01-25 19:00:00,CUST-531,Home Decor,1,238.16,46.83,Delivered,2.0,Europe,238.16
1597,2026-01-25 20:00:00,CUST-440,Electronics,1,499.84,32.03,Delivered,,Asia,499.84
1598,2026-01-25 21:00:00,CUST-650,Electronics,1,200.49,33.55,Cancelled,5.0,South America,200.49
1599,2026-01-25 22:00:00,CUST-711,Clothing,4,199.63,39.33,Delivered,5.0,South America,798.52
1600,2026-01-25 23:00:00,CUST-388,Clothing,2,256.76,11.89,Shipped,4.0,North America,513.52
1601,2026-01-26 00:00:00,CUST-353,Home Decor,2,103.25,48.81,Returned,5.0,South America,206.5
1602,2026-01-26 01:00:00,CUST-833,Books,2,439.39,21.39,Delivered,4.0,North America,878.78
1603,2026-01-26 02:00:00,CUST-456,Home Decor,3,290.41,33.27,Delivered,5.0,Europe,871.23
1604,2026-01-26 03:00:00,CUST-122,Books,1,104.13,26.09,Delivered,3.0,Asia,104.13
1605,2026-01-26 04:00:00,CUST-861,Beauty,1,398.79,26.07,Shipped,5.0,Europe,398.79
1606,2026-01-26 05:00:00,CUST-621,Home Decor,1,26.82,36.62,Delivered,3.0,South America,26.82
1607,2026-01-26 06:00:00,CUST-857,Beauty,1,491.46,49.76,Delivered,1.0,Europe,491.46
1608,2026-01-26 07:00:00,CUST-936,Home Decor,1,433.92,34.66,Returned,4.0,Asia,433.92
1609,2026-01-26 08:00:00,CUST-199,Electronics,1,294.02,40.73,Shipped,5.0,Asia,294.02
1610,2026-01-26 09:00:00,CUST-901,Home Decor,1,64.53,6.24,Cancelled,3.0,North America,64.53
1611,2026-01-26 10:00:00,CUST-279,Electronics,1,115.48,41.47,Delivered,4.0,Europe,115.48
1612,2026-01-26 11:00:00,CUST-322,Home Decor,3,146.92,18.5,Cancelled,4.0,Asia,440.76
1613,2026-01-26 12:00:00,CUST-861,Home Decor,1,128.11,10.7,Delivered,5.0,Asia,128.11
1614,2026-01-26 13:00:00,CUST-758,Electronics,4,253.78,10.1,Delivered,4.0,Asia,1015.12
1615,2026-01-26 14:00:00,CUST-541,Electronics,1,472.83,35.59,Delivered,5.0,Asia,472.83
1616,2026-01-26 15:00:00,CUST-707,Books,3,227.64,49.89,Delivered,4.0,South America,682.92
1617,2026-01-26 16:00:00,CUST-868,Home Decor,3,334.17,34.98,Delivered,5.0,Europe,1002.51
1618,2026-01-26 17:00:00,CUST-424,Electronics,4,347.41,16.81,Delivered,2.0,Europe,1389.64
1619,2026-01-26 18:00:00,CUST-615,Home Decor,3,437.07,14.15,Delivered,4.0,Europe,1311.21
1620,2026-01-26 19:00:00,CUST-115,Home Decor,1,26.57,28.67,Delivered,5.0,South America,26.57
1621,2026-01-26 20:00:00,CUST-891,Clothing,1,208.12,7.93,Delivered,5.0,South America,208.12
1622,2026-01-26 21:00:00,CUST-435,Books,1,394.52,22.97,Returned,5.0,Asia,394.52
1623,2026-01-26 22:00:00,CUST-858,Home Decor,1,409.28,34.98,Delivered,5.0,South America,409.28
1624,2026-01-26 23:00:00,CUST-357,Clothing,1,464.39,48.54,Shipped,4.0,North America,464.39
1625,2026-01-27 00:00:00,CUST-596,Beauty,3,354.37,24.15,Delivered,5.0,South America,1063.11
1626,2026-01-27 01:00:00,CUST-995,Beauty,2,130.13,14.01,Delivered,5.0,Asia,260.26
1627,2026-01-27 02:00:00,CUST-259,Electronics,2,257.78,41.78,Delivered,4.0,Europe,515.56
1628,2026-01-27 03:00:00,CUST-574,Electronics,4,25.85,38.49,Delivered,2.0,South America,103.4
1629,2026-01-27 04:00:00,CUST-951,Electronics,2,326.99,43.69,Shipped,4.0,Europe,653.98
1630,2026-01-27 05:00:00,CUST-763,Home Decor,2,281.6,14.66,Delivered,3.0,Europe,563.2
1631,2026-01-27 06:00:00,CUST-789,Home Decor,3,336.75,23.22,Delivered,4.0,North America,1010.25
1632,2026-01-27 07:00:00,CUST-774,Home Decor,1,465.77,49.17,Delivered,5.0,North America,465.77
1633,2026-01-27 08:00:00,CUST-479,Books,1,346.77,12.11,Delivered,5.0,South America,346.77
1634,2026-01-27 09:00:00,CUST-644,Beauty,4,167.02,35.22,Delivered,5.0,Europe,668.08
1635,2026-01-27 10:00:00,CUST-790,Electronics,4,107.38,15.67,Delivered,4.0,Asia,429.52
1636,2026-01-27 11:00:00,CUST-526,Clothing,3,428.77,27.51,Shipped,4.0,Europe,1286.31
1637,2026-01-27 12:00:00,CUST-712,Clothing,1,105.22,41.02,Shipped,5.0,Europe,105.22
1638,2026-01-27 13:00:00,CUST-367,Clothing,3,89.19,26.99,Delivered,5.0,North America,267.57
1639,2026-01-27 14:00:00,CUST-934,Home Decor,1,111.24,41.25,Cancelled,5.0,North America,111.24
1640,2026-01-27 15:00:00,CUST-676,Beauty,1,259.33,24.19,Delivered,5.0,North America,259.33
1641,2026-01-27 16:00:00,CUST-516,Clothing,1,70.85,49.97,Delivered,4.0,North America,70.85
1642,2026-01-27 17:00:00,CUST-267,Home Decor,1,469.68,24.61,Delivered,4.0,South America,469.68
1643,2026-01-27 18:00:00,CUST-941,Beauty,1,483.46,11.72,Returned,4.0,South America,483.46
1644,2026-01-27 19:00:00,CUST-142,Clothing,1,487.16,23.08,Delivered,4.0,Europe,487.16
1645,2026-01-27 20:00:00,CUST-655,Electronics,1,29.17,38.42,Delivered,1.0,South America,29.17
1646,2026-01-27 21:00:00,CUST-384,Clothing,1,473.64,43.16,Delivered,5.0,Asia,473.64
1647,2026-01-27 22:00:00,CUST-496,Electronics,3,498.73,25.7,Delivered,5.0,Europe,1496.19
1648,2026-01-27 23:00:00,CUST-111,Books,2,471.79,31.75,Delivered,5.0,Europe,943.58
1649,2026-01-28 00:00:00,CUST-706,Electronics,1,338.76,43.02,Delivered,5.0,Asia,338.76
1650,2026-01-28 01:00:00,CUST-401,Clothing,1,353.6,41.61,Delivered,5.0,Europe,353.6
1651,2026-01-28 02:00:00,CUST-997,Clothing,2,69.9,34.6,Delivered,5.0,Asia,139.8
1652,2026-01-28 03:00:00,CUST-352,Books,2,438.41,41.68,Cancelled,5.0,North America,876.82
1653,2026-01-28 04:00:00,CUST-598,Electronics,1,39.22,30.92,Returned,3.0,North America,39.22
1654,2026-01-28 05:00:00,CUST-853,Electronics,2,165.69,5.21,Delivered,3.0,North America,331.38
1655,2026-01-28 06:00:00,CUST-134,Electronics,4,495.66,6.86,Cancelled,1.0,Asia,1982.64
1656,2026-01-28 07:00:00,CUST-826,Electronics,1,216.94,49.09,Shipped,4.0,South America,216.94
1657,2026-01-28 08:00:00,CUST-948,Electronics,1,74.27,11.52,Delivered,5.0,South America,74.27
1658,2026-01-28 09:00:00,CUST-189,Home Decor,1,484.95,23.2,Cancelled,4.0,Europe,484.95
1659,2026-01-28 10:00:00,CUST-875,Electronics,2,492.23,47.02,Delivered,4.0,North America,984.46
1660,2026-01-28 11:00:00,CUST-704,Electronics,1,101.65,13.78,Delivered,3.0,North America,101.65
1661,2026-01-28 12:00:00,CUST-701,Beauty,1,433.75,42.97,Delivered,2.0,Europe,433.75
1662,2026-01-28 13:00:00,CUST-517,Clothing,1,201.31,41.82,Delivered,4.0,North America,201.31
1663,2026-01-28 14:00:00,CUST-214,Clothing,4,196.87,49.38,Delivered,2.0,North America,787.48
1664,2026-01-28 15:00:00,CUST-716,Clothing,2,138.72,17.68,Delivered,3.0,Asia,277.44
1665,2026-01-28 16:00:00,CUST-295,Books,2,31.91,19.19,Delivered,4.0,Europe,63.82
1666,2026-01-28 17:00:00,CUST-925,Electronics,3,141.32,45.63,Returned,5.0,Asia,423.96
1667,2026-01-28 18:00:00,CUST-600,Beauty,1,36.35,15.53,Delivered,3.0,North America,36.35
1668,2026-01-28 19:00:00,CUST-725,Beauty,3,462.94,29.66,Cancelled,,North America,1388.82
1669,2026-01-28 20:00:00,CUST-592,Electronics,2,334.24,36.83,Delivered,4.0,Europe,668.48
1670,2026-01-28 21:00:00,CUST-174,Books,1,444.45,17.23,Delivered,2.0,North America,444.45
1671,2026-01-28 22:00:00,CUST-512,Electronics,3,361.47,47.23,Delivered,5.0,South America,1084.41
1672,2026-01-28 23:00:00,CUST-475,Electronics,3,74.33,34.96,Delivered,4.0,Asia,222.99
1673,2026-01-29 00:00:00,CUST-519,Beauty,3,470.88,7.12,Delivered,2.0,Asia,1412.64
1674,2026-01-29 01:00:00,CUST-828,Home Decor,1,450.95,11.11,Delivered,5.0,South America,450.95
1675,2026-01-29 02:00:00,CUST-376,Home Decor,4,180.56,13.59,Delivered,5.0,Europe,722.24
1676,2026-01-29 03:00:00,CUST-860,Electronics,4,64.65,16.02,Delivered,4.0,Europe,258.6
1677,2026-01-29 04:00:00,CUST-775,Clothing,1,355.04,37.88,Returned,5.0,North America,355.04
1678,2026-01-29 05:00:00,CUST-493,Beauty,1,366.9,9.0,Delivered,5.0,Europe,366.9
1679,2026-01-29 06:00:00,CUST-968,Clothing,1,449.45,20.78,Delivered,4.0,South America,449.45
1680,2026-01-29 07:00:00,CUST-556,Clothing,5,35.8,46.01,Delivered,5.0,Europe,179.0
1681,2026-01-29 08:00:00,CUST-291,Electronics,2,79.43,30.05,Delivered,5.0,North America,158.86
1682,2026-01-29 09:00:00,CUST-838,Electronics,1,303.14,16.95,Delivered,,South America,303.14
1683,2026-01-29 10:00:00,CUST-788,Beauty,1,313.37,48.07,Delivered,5.0,North America,313.37
1684,2026-01-29 11:00:00,CUST-198,Clothing,1,26.47,15.99,Delivered,2.0,Asia,26.47
1685,2026-01-29 12:00:00,CUST-647,Books,2,204.5,45.73,Delivered,5.0,Asia,409.0
1686,2026-01-29 13:00:00,CUST-195,Clothing,1,296.24,37.66,Delivered,5.0,Europe,296.24
1687,2026-01-29 14:00:00,CUST-763,Home Decor,4,371.58,38.32,Delivered,4.0,South America,1486.32
1688,2026-01-29 15:00:00,CUST-762,Electronics,2,164.91,39.42,Shipped,5.0,South America,329.82
1689,2026-01-29 16:00:00,CUST-289,Clothing,3,247.11,27.8,Shipped,5.0,South America,741.33
1690,2026-01-29 17:00:00,CUST-835,Electronics,1,408.89,41.66,Delivered,5.0,North America,408.89
1691,2026-01-29 18:00:00,CUST-136,Clothing,1,477.41,42.63,Delivered,4.0,South America,477.41
1692,2026-01-29 19:00:00,CUST-879,Clothing,1,122.85,21.22,Delivered,1.0,Europe,122.85
1693,2026-01-29 20:00:00,CUST-468,Books,1,133.99,23.02,Delivered,5.0,Asia,133.99
1694,2026-01-29 21:00:00,CUST-794,Home Decor,1,470.51,44.99,Delivered,4.0,Europe,470.51
1695,2026-01-29 22:00:00,CUST-624,Electronics,4,204.0,28.61,Delivered,4.0,Asia,816.0
1696,2026-01-29 23:00:00,CUST-378,Electronics,1,361.99,44.01,Cancelled,5.0,Asia,361.99
1697,2026-01-30 00:00:00,CUST-316,Electronics,1,310.01,33.2,Delivered,4.0,Europe,310.01
1698,2026-01-30 01:00:00,CUST-966,Home Decor,1,149.94,31.71,Delivered,4.0,Asia,149.94
1699,2026-01-30 02:00:00,CUST-972,Beauty,1,330.25,6.39,Delivered,4.0,Asia,330.25
1700,2026-01-30 03:00:00,CUST-897,Books,5,331.23,17.51,Shipped,4.0,North America,1656.15
1701,2026-01-30 04:00:00,CUST-372,Electronics,1,300.3,27.59,Delivered,4.0,Europe,300.3
1702,2026-01-30 05:00:00,CUST-980,Clothing,1,58.83,31.43,Delivered,1.0,Europe,58.83
1703,2026-01-30 06:00:00,CUST-161,Clothing,2,497.63,33.37,Shipped,4.0,Europe,995.26
1704,2026-01-30 07:00:00,CUST-695,Home Decor,1,206.2,37.23,Delivered,5.0,Asia,206.2
1705,2026-01-30 08:00:00,CUST-979,Home Decor,1,322.74,34.53,Delivered,4.0,South America,322.74
1706,2026-01-30 09:00:00,CUST-828,Home Decor,1,444.02,43.19,Shipped,5.0,South America,444.02
1707,2026-01-30 10:00:00,CUST-441,Home Decor,1,217.41,18.3,Cancelled,4.0,Asia,217.41
1708,2026-01-30 11:00:00,CUST-496,Electronics,1,389.22,33.87,Delivered,5.0,South America,389.22
1709,2026-01-30 12:00:00,CUST-798,Beauty,1,486.19,7.3,Delivered,5.0,South America,486.19
1710,2026-01-30 13:00:00,CUST-118,Electronics,3,185.88,26.61,Delivered,5.0,Asia,557.64
1711,2026-01-30 14:00:00,CUST-276,Home Decor,1,208.58,17.06,Delivered,5.0,Europe,208.58
1712,2026-01-30 15:00:00,CUST-711,Clothing,3,453.73,22.14,Delivered,3.0,North America,1361.19
1713,2026-01-30 16:00:00,CUST-495,Clothing,3,88.23,20.96,Returned,4.0,Europe,264.69
1714,2026-01-30 17:00:00,CUST-544,Books,2,24.01,7.72,Delivered,5.0,Europe,48.02
1715,2026-01-30 18:00:00,CUST-332,Beauty,1,455.36,26.0,Delivered,5.0,Europe,455.36
1716,2026-01-30 19:00:00,CUST-175,Beauty,1,412.58,49.76,Delivered,5.0,North America,412.58
1717,2026-01-30 20:00:00,CUST-364,Clothing,2,486.57,18.45,Delivered,5.0,Europe,973.14
1718,2026-01-30 21:00:00,CUST-554,Home Decor,2,38.54,38.13,Delivered,3.0,South America,77.08
1719,2026-01-30 22:00:00,CUST-895,Clothing,2,86.53,29.65,Delivered,5.0,North America,173.06
1720,2026-01-30 23:00:00,CUST-817,Beauty,1,61.6,19.64,Shipped,4.0,South America,61.6
1721,2026-01-31 00:00:00,CUST-834,Clothing,4,344.87,9.03,Delivered,5.0,North America,1379.48
1722,2026-01-31 01:00:00,CUST-483,Books,1,306.94,14.71,Delivered,2.0,South America,306.94
1723,2026-01-31 02:00:00,CUST-663,Books,1,186.07,40.18,Delivered,5.0,Europe,186.07
1724,2026-01-31 03:00:00,CUST-950,Home Decor,1,38.14,17.56,Delivered,5.0,Europe,38.14
1725,2026-01-31 04:00:00,CUST-605,Electronics,1,323.43,11.49,Delivered,4.0,Europe,323.43
1726,2026-01-31 05:00:00,CUST-466,Electronics,1,289.36,19.91,Shipped,5.0,South America,289.36
1727,2026-01-31 06:00:00,CUST-243,Beauty,3,65.32,31.28,Cancelled,5.0,South America,195.96
1728,2026-01-31 07:00:00,CUST-984,Electronics,3,455.37,36.66,Delivered,4.0,Asia,1366.11
1729,2026-01-31 08:00:00,CUST-168,Beauty,3,107.49,22.43,Delivered,2.0,South America,322.47
1730,2026-01-31 09:00:00,CUST-198,Clothing,1,374.32,27.42,Delivered,4.0,North America,374.32
1731,2026-01-31 10:00:00,CUST-495,Clothing,2,443.69,25.47,Delivered,3.0,Europe,887.38
1732,2026-01-31 11:00:00,CUST-124,Books,1,293.94,5.41,Delivered,5.0,North America,293.94
1733,2026-01-31 12:00:00,CUST-990,Home Decor,1,130.96,22.8,Delivered,4.0,Asia,130.96
1734,2026-01-31 13:00:00,CUST-568,Home Decor,1,161.53,31.43,Delivered,4.0,Asia,161.53
1735,2026-01-31 14:00:00,CUST-583,Home Decor,1,444.02,30.65,Delivered,5.0,South America,444.02
1736,2026-01-31 15:00:00,CUST-664,Clothing,1,156.15,38.74,Delivered,5.0,Europe,156.15
1737,2026-01-31 16:00:00,CUST-250,Beauty,1,375.63,35.17,Delivered,5.0,North America,375.63
1738,2026-01-31 17:00:00,CUST-243,Electronics,2,495.18,17.46,Delivered,5.0,Asia,990.36
1739,2026-01-31 18:00:00,CUST-668,Books,4,499.91,16.5,Delivered,4.0,Asia,1999.64
1740,2026-01-31 19:00:00,CUST-138,Beauty,1,271.41,25.89,Delivered,1.0,North America,271.41
1741,2026-01-31 20:00:00,CUST-208,Clothing,5,415.01,37.98,Delivered,3.0,Asia,2075.05
1742,2026-01-31 21:00:00,CUST-792,Home Decor,3,495.22,9.22,Delivered,5.0,North America,1485.66
1743,2026-01-31 22:00:00,CUST-141,Home Decor,2,193.59,47.67,Delivered,4.0,Europe,387.18
1744,2026-01-31 23:00:00,CUST-285,Clothing,2,133.68,29.44,Shipped,4.0,South America,267.36
1745,2026-02-01 00:00:00,CUST-497,Books,1,65.97,18.79,Delivered,5.0,North America,65.97
1746,2026-02-01 01:00:00,CUST-322,Electronics,3,79.04,36.2,Shipped,4.0,Europe,237.12
1747,2026-02-01 02:00:00,CUST-733,Electronics,2,428.24,7.01,Delivered,5.0,North America,856.48
1748,2026-02-01 03:00:00,CUST-232,Clothing,5,298.47,26.8,Cancelled,5.0,Asia,1492.35
1749,2026-02-01 04:00:00,CUST-262,Clothing,2,438.12,26.87,Delivered,2.0,Europe,876.24
1750,2026-02-01 05:00:00,CUST-314,Home Decor,3,396.83,12.29,Delivered,5.0,North America,1190.49
1751,2026-02-01 06:00:00,CUST-832,Beauty,3,340.13,42.68,Delivered,2.0,Europe,1020.39
1752,2026-02-01 07:00:00,CUST-334,Home Decor,1,308.56,40.86,Delivered,5.0,North America,308.56
1753,2026-02-01 08:00:00,CUST-942,Home Decor,1,33.69,11.87,Delivered,4.0,North America,33.69
1754,2026-02-01 09:00:00,CUST-757,Electronics,1,437.41,21.37,Delivered,5.0,Europe,437.41
1755,2026-02-01 10:00:00,CUST-850,Clothing,1,214.74,9.52,Delivered,5.0,Europe,214.74
1756,2026-02-01 11:00:00,CUST-687,Electronics,1,284.3,43.19,Delivered,5.0,Europe,284.3
1757,2026-02-01 12:00:00,CUST-108,Electronics,3,20.76,19.55,Cancelled,5.0,Asia,62.28
1758,2026-02-01 13:00:00,CUST-173,Home Decor,2,468.68,24.77,Cancelled,5.0,South America,937.36
1759,2026-02-01 14:00:00,CUST-591,Electronics,5,452.34,19.57,Delivered,5.0,North America,2261.7
1760,2026-02-01 15:00:00,CUST-352,Electronics,3,276.21,18.95,Delivered,5.0,North America,828.63
1761,2026-02-01 16:00:00,CUST-329,Electronics,2,292.88,38.63,Delivered,5.0,Europe,585.76
1762,2026-02-01 17:00:00,CUST-618,Books,4,355.46,38.64,Shipped,4.0,North America,1421.84
1763,2026-02-01 18:00:00,CUST-273,Books,2,139.7,28.3,Shipped,5.0,South America,279.4
1764,2026-02-01 19:00:00,CUST-752,Home Decor,3,118.74,34.59,Cancelled,5.0,South America,356.22
1765,2026-02-01 20:00:00,CUST-267,Books,1,340.27,28.02,Delivered,5.0,North America,340.27
1766,2026-02-01 21:00:00,CUST-269,Beauty,1,61.17,6.29,Shipped,5.0,North America,61.17
1767,2026-02-01 22:00:00,CUST-492,Home Decor,1,232.49,7.97,Shipped,4.0,Europe,232.49
1768,2026-02-01 23:00:00,CUST-894,Electronics,2,251.45,22.27,Delivered,3.0,South America,502.9
1769,2026-02-02 00:00:00,CUST-733,Beauty,2,196.86,38.74,Delivered,2.0,North America,393.72
1770,2026-02-02 01:00:00,CUST-293,Home Decor,1,100.78,46.1,Delivered,5.0,South America,100.78
1771,2026-02-02 02:00:00,CUST-616,Home Decor,1,184.1,6.34,Delivered,4.0,North America,184.1
1772,2026-02-02 03:00:00,CUST-128,Beauty,4,175.4,21.56,Cancelled,5.0,Asia,701.6
1773,2026-02-02 04:00:00,CUST-264,Clothing,2,254.64,15.07,Delivered,2.0,South America,509.28
1774,2026-02-02 05:00:00,CUST-521,Home Decor,1,340.59,41.68,Delivered,4.0,Asia,340.59
1775,2026-02-02 06:00:00,CUST-438,Books,2,484.44,43.07,Delivered,4.0,Europe,968.88
1776,2026-02-02 07:00:00,CUST-747,Clothing,3,80.64,14.29,Shipped,4.0,South America,241.92
1777,2026-02-02 08:00:00,CUST-595,Home Decor,4,437.78,36.99,Delivered,2.0,North America,1751.12
1778,2026-02-02 09:00:00,CUST-464,Clothing,1,149.25,37.93,Cancelled,5.0,North America,149.25
1779,2026-02-02 10:00:00,CUST-932,Home Decor,1,299.77,12.97,Delivered,3.0,Asia,299.77
1780,2026-02-02 11:00:00,CUST-441,Beauty,1,277.9,24.52,Delivered,1.0,South America,277.9
1781,2026-02-02 12:00:00,CUST-599,Electronics,1,282.9,32.92,Delivered,5.0,South America,282.9
1782,2026-02-02 13:00:00,CUST-756,Home Decor,3,364.45,6.17,Delivered,3.0,South America,1093.35
1783,2026-02-02 14:00:00,CUST-610,Electronics,1,197.03,23.21,Delivered,5.0,Europe,197.03
1784,2026-02-02 15:00:00,CUST-426,Home Decor,4,166.36,11.97,Delivered,5.0,South America,665.44
1785,2026-02-02 16:00:00,CUST-316,Clothing,1,427.89,29.39,Delivered,5.0,Europe,427.89
1786,2026-02-02 17:00:00,CUST-400,Beauty,5,117.85,42.93,Shipped,5.0,North America,589.25
1787,2026-02-02 18:00:00,CUST-231,Electronics,1,98.32,28.61,Delivered,4.0,Asia,98.32
1788,2026-02-02 19:00:00,CUST-903,Home Decor,3,17.65,6.62,Cancelled,4.0,Asia,52.95
1789,2026-02-02 20:00:00,CUST-169,Electronics,4,113.18,6.33,Delivered,4.0,South America,452.72
1790,2026-02-02 21:00:00,CUST-351,Beauty,4,264.08,32.25,Delivered,3.0,Asia,1056.32
1791,2026-02-02 22:00:00,CUST-514,Books,1,273.87,19.76,Delivered,4.0,South America,273.87
1792,2026-02-02 23:00:00,CUST-886,Books,1,134.67,30.77,Cancelled,5.0,North America,134.67
1793,2026-02-03 00:00:00,CUST-544,Beauty,2,45.41,12.36,Delivered,3.0,North America,90.82
1794,2026-02-03 01:00:00,CUST-975,Beauty,1,374.87,39.96,Delivered,5.0,North America,374.87
1795,2026-02-03 02:00:00,CUST-281,Electronics,1,381.41,43.73,Cancelled,5.0,Asia,381.41
1796,2026-02-03 03:00:00,CUST-266,Clothing,1,498.94,45.02,Delivered,2.0,South America,498.94
1797,2026-02-03 04:00:00,CUST-190,Clothing,2,451.01,18.68,Delivered,1.0,Europe,902.02
1798,2026-02-03 05:00:00,CUST-813,Beauty,2,463.77,34.73,Delivered,4.0,North America,927.54
1799,2026-02-03 06:00:00,CUST-957,Books,1,401.12,17.56,Delivered,5.0,North America,401.12
1800,2026-02-03 07:00:00,CUST-630,Electronics,1,311.6,39.32,Delivered,4.0,Europe,311.6
1801,2026-02-03 08:00:00,CUST-138,Books,1,72.99,10.42,Delivered,5.0,Europe,72.99
1802,2026-02-03 09:00:00,CUST-225,Home Decor,2,314.93,39.32,Delivered,5.0,Asia,629.86
1803,2026-02-03 10:00:00,CUST-550,Home Decor,1,37.42,24.79,Delivered,5.0,North America,37.42
1804,2026-02-03 11:00:00,CUST-272,Electronics,1,443.8,43.5,Delivered,2.0,Asia,443.8
1805,2026-02-03 12:00:00,CUST-752,Electronics,4,246.09,38.25,Delivered,5.0,North America,984.36
1806,2026-02-03 13:00:00,CUST-853,Home Decor,5,351.76,21.94,Delivered,2.0,Asia,1758.8
1807,2026-02-03 14:00:00,CUST-319,Home Decor,5,35.6,45.66,Shipped,3.0,Asia,178.0
1808,2026-02-03 15:00:00,CUST-737,Electronics,3,271.78,17.75,Delivered,4.0,Europe,815.34
1809,2026-02-03 16:00:00,CUST-157,Home Decor,1,157.62,48.51,Delivered,5.0,South America,157.62
1810,2026-02-03 17:00:00,CUST-759,Beauty,2,149.63,39.52,Delivered,5.0,South America,299.26
1811,2026-02-03 18:00:00,CUST-575,Beauty,1,200.93,49.58,Delivered,4.0,South America,200.93
1812,2026-02-03 19:00:00,CUST-555,Books,2,10.31,7.43,Delivered,5.0,North America,20.62
1813,2026-02-03 20:00:00,CUST-928,Clothing,1,238.66,17.33,Delivered,4.0,Europe,238.66
1814,2026-02-03 21:00:00,CUST-994,Clothing,2,248.42,38.36,Delivered,5.0,Europe,496.84
1815,2026-02-03 22:00:00,CUST-460,Home Decor,2,432.93,46.5,Delivered,4.0,Europe,865.86
1816,2026-02-03 23:00:00,CUST-100,Clothing,1,229.78,6.29,Delivered,4.0,North America,229.78
1817,2026-02-04 00:00:00,CUST-486,Electronics,3,188.14,5.0,Delivered,5.0,Asia,564.42
1818,2026-02-04 01:00:00,CUST-447,Electronics,1,497.43,16.53,Delivered,5.0,Asia,497.43
1819,2026-02-04 02:00:00,CUST-289,Clothing,1,289.89,43.38,Shipped,2.0,South America,289.89
1820,2026-02-04 03:00:00,CUST-604,Electronics,1,241.58,39.52,Delivered,5.0,South America,241.58
1821,2026-02-04 04:00:00,CUST-290,Clothing,1,253.01,20.31,Returned,4.0,North America,253.01
1822,2026-02-04 05:00:00,CUST-607,Electronics,1,406.5,5.09,Delivered,3.0,North America,406.5
1823,2026-02-04 06:00:00,CUST-468,Electronics,4,176.93,29.96,Delivered,4.0,South America,707.72
1824,2026-02-04 07:00:00,CUST-508,Home Decor,1,200.69,15.71,Delivered,5.0,Asia,200.69
1825,2026-02-04 08:00:00,CUST-923,Home Decor,1,380.38,38.55,Delivered,5.0,Asia,380.38
1826,2026-02-04 09:00:00,CUST-216,Home Decor,1,45.76,25.09,Cancelled,1.0,Europe,45.76
1827,2026-02-04 10:00:00,CUST-233,Electronics,2,433.93,35.54,Delivered,5.0,South America,867.86
1828,2026-02-04 11:00:00,CUST-157,Electronics,3,220.8,43.35,Delivered,5.0,South America,662.4
1829,2026-02-04 12:00:00,CUST-655,Home Decor,2,294.83,29.11,Delivered,5.0,Asia,589.66
1830,2026-02-04 13:00:00,CUST-784,Home Decor,2,381.16,20.12,Delivered,5.0,Europe,762.32
1831,2026-02-04 14:00:00,CUST-771,Clothing,4,140.37,39.63,Returned,5.0,South America,561.48
1832,2026-02-04 15:00:00,CUST-272,Clothing,3,446.25,16.93,Delivered,3.0,Asia,1338.75
1833,2026-02-04 16:00:00,CUST-928,Books,2,489.82,45.12,Delivered,4.0,Asia,979.64
1834,2026-02-04 17:00:00,CUST-914,Clothing,1,252.19,8.21,Delivered,5.0,Asia,252.19
1835,2026-02-04 18:00:00,CUST-248,Clothing,2,469.1,42.6,Delivered,5.0,Europe,938.2
1836,2026-02-04 19:00:00,CUST-179,Home Decor,2,10.55,9.12,Delivered,4.0,Europe,21.1
1837,2026-02-04 20:00:00,CUST-985,Clothing,2,448.18,7.53,Returned,5.0,Asia,896.36
1838,2026-02-04 21:00:00,CUST-312,Clothing,3,162.41,21.35,Delivered,5.0,Europe,487.23
1839,2026-02-04 22:00:00,CUST-302,Clothing,2,162.63,48.04,Cancelled,2.0,Europe,325.26
1840,2026-02-04 23:00:00,CUST-863,Beauty,3,121.76,49.26,Returned,5.0,Europe,365.28
1841,2026-02-05 00:00:00,CUST-328,Electronics,1,165.34,14.09,Delivered,3.0,Europe,165.34
1842,2026-02-05 01:00:00,CUST-775,Electronics,1,114.61,11.69,Delivered,5.0,North America,114.61
1843,2026-02-05 02:00:00,CUST-326,Clothing,1,453.88,20.88,Delivered,5.0,South America,453.88
1844,2026-02-05 03:00:00,CUST-758,Beauty,4,450.52,20.17,Delivered,5.0,South America,1802.08
1845,2026-02-05 04:00:00,CUST-631,Electronics,3,60.08,39.18,Delivered,5.0,Europe,180.24
1846,2026-02-05 05:00:00,CUST-540,Books,2,80.0,24.98,Delivered,1.0,Asia,160.0
1847,2026-02-05 06:00:00,CUST-501,Clothing,2,432.39,40.09,Delivered,2.0,South America,864.78
1848,2026-02-05 07:00:00,CUST-146,Books,2,205.48,38.69,Delivered,5.0,Europe,410.96
1849,2026-02-05 08:00:00,CUST-332,Books,4,92.94,31.02,Delivered,5.0,South America,371.76
1850,2026-02-05 09:00:00,CUST-404,Clothing,3,260.23,42.51,Delivered,5.0,Asia,780.69
1851,2026-02-05 10:00:00,CUST-625,Electronics,2,214.17,13.8,Delivered,4.0,Europe,428.34
1852,2026-02-05 11:00:00,CUST-242,Electronics,2,117.39,12.28,Delivered,5.0,Asia,234.78
1853,2026-02-05 12:00:00,CUST-514,Electronics,1,363.17,38.78,Delivered,4.0,South America,363.17
1854,2026-02-05 13:00:00,CUST-612,Home Decor,2,319.33,16.02,Shipped,4.0,North America,638.66
1855,2026-02-05 14:00:00,CUST-472,Electronics,1,58.83,5.13,Delivered,1.0,Asia,58.83
1856,2026-02-05 15:00:00,CUST-665,Clothing,1,463.44,46.04,Shipped,5.0,Europe,463.44
1857,2026-02-05 16:00:00,CUST-985,Clothing,3,283.65,33.03,Delivered,5.0,Europe,850.95
1858,2026-02-05 17:00:00,CUST-358,Books,2,132.6,25.02,Delivered,5.0,Asia,265.2
1859,2026-02-05 18:00:00,CUST-755,Electronics,5,111.08,37.66,Delivered,,North America,555.4
1860,2026-02-05 19:00:00,CUST-570,Electronics,1,76.61,20.0,Delivered,2.0,South America,76.61
1861,2026-02-05 20:00:00,CUST-111,Electronics,1,218.07,47.91,Delivered,5.0,South America,218.07
1862,2026-02-05 21:00:00,CUST-429,Books,1,76.42,8.09,Delivered,1.0,South America,76.42
1863,2026-02-05 22:00:00,CUST-835,Home Decor,1,213.75,33.84,Cancelled,5.0,South America,213.75
1864,2026-02-05 23:00:00,CUST-883,Electronics,1,82.9,39.98,Cancelled,4.0,South America,82.9
1865,2026-02-06 00:00:00,CUST-457,Electronics,1,331.84,26.11,Delivered,5.0,Europe,331.84
1866,2026-02-06 01:00:00,CUST-507,Electronics,1,394.77,38.97,Delivered,5.0,Europe,394.77
1867,2026-02-06 02:00:00,CUST-767,Electronics,1,279.27,46.71,Delivered,4.0,Asia,279.27
1868,2026-02-06 03:00:00,CUST-472,Books,1,343.23,38.48,Delivered,3.0,Asia,343.23
1869,2026-02-06 04:00:00,CUST-107,Beauty,2,469.81,18.92,Shipped,4.0,South America,939.62
1870,2026-02-06 05:00:00,CUST-221,Clothing,1,322.8,30.28,Delivered,5.0,South America,322.8
1871,2026-02-06 06:00:00,CUST-447,Beauty,2,188.44,46.02,Cancelled,4.0,South America,376.88
1872,2026-02-06 07:00:00,CUST-775,Electronics,3,230.25,25.21,Delivered,5.0,North America,690.75
1873,2026-02-06 08:00:00,CUST-189,Home Decor,1,431.66,35.68,Delivered,2.0,Asia,431.66
1874,2026-02-06 09:00:00,CUST-747,Beauty,4,74.05,25.95,Returned,4.0,Europe,296.2
1875,2026-02-06 10:00:00,CUST-797,Clothing,2,169.61,10.46,Cancelled,5.0,South America,339.22
1876,2026-02-06 11:00:00,CUST-415,Beauty,2,292.87,7.64,Delivered,5.0,Asia,585.74
1877,2026-02-06 12:00:00,CUST-277,Electronics,1,341.43,47.85,Delivered,5.0,North America,341.43
1878,2026-02-06 13:00:00,CUST-639,Electronics,3,384.11,32.56,Delivered,5.0,North America,1152.33
1879,2026-02-06 14:00:00,CUST-831,Electronics,3,165.92,9.67,Delivered,5.0,South America,497.76
1880,2026-02-06 15:00:00,CUST-968,Clothing,1,81.47,43.58,Delivered,4.0,Europe,81.47
1881,2026-02-06 16:00:00,CUST-140,Home Decor,1,477.87,28.52,Delivered,2.0,Asia,477.87
1882,2026-02-06 17:00:00,CUST-839,Books,1,47.43,39.74,Delivered,,Europe,47.43
1883,2026-02-06 18:00:00,CUST-803,Home Decor,2,56.94,10.7,Delivered,3.0,South America,113.88
1884,2026-02-06 19:00:00,CUST-601,Beauty,1,252.52,45.81,Delivered,5.0,South America,252.52
1885,2026-02-06 20:00:00,CUST-244,Beauty,2,411.44,31.57,Delivered,5.0,North America,822.88
1886,2026-02-06 21:00:00,CUST-300,Electronics,1,389.51,38.22,Cancelled,4.0,North America,389.51
1887,2026-02-06 22:00:00,CUST-823,Clothing,3,469.47,6.41,Delivered,5.0,Asia,1408.41
1888,2026-02-06 23:00:00,CUST-560,Electronics,1,79.39,19.19,Shipped,5.0,South America,79.39
1889,2026-02-07 00:00:00,CUST-831,Home Decor,1,194.11,17.04,Delivered,4.0,South America,194.11
1890,2026-02-07 01:00:00,CUST-851,Books,2,148.25,47.73,Delivered,5.0,Asia,296.5
1891,2026-02-07 02:00:00,CUST-657,Electronics,1,431.83,13.34,Cancelled,2.0,Europe,431.83
1892,2026-02-07 03:00:00,CUST-646,Home Decor,1,249.29,36.82,Delivered,5.0,North America,249.29
1893,2026-02-07 04:00:00,CUST-352,Home Decor,1,23.16,6.92,Delivered,4.0,South America,23.16
1894,2026-02-07 05:00:00,CUST-489,Home Decor,2,356.9,13.9,Delivered,5.0,South America,713.8
1895,2026-02-07 06:00:00,CUST-693,Clothing,4,200.46,20.24,Delivered,4.0,Europe,801.84
1896,2026-02-07 07:00:00,CUST-982,Clothing,3,270.26,40.75,Delivered,5.0,Europe,810.78
1897,2026-02-07 08:00:00,CUST-355,Electronics,1,447.96,40.55,Delivered,2.0,Europe,447.96
1898,2026-02-07 09:00:00,CUST-808,Electronics,1,135.8,47.87,Delivered,4.0,North America,135.8
1899,2026-02-07 10:00:00,CUST-914,Electronics,2,127.73,46.25,Delivered,5.0,Asia,255.46
1900,2026-02-07 11:00:00,CUST-549,Home Decor,2,138.96,8.67,Delivered,5.0,South America,277.92
1901,2026-02-07 12:00:00,CUST-109,Electronics,1,175.67,42.34,Delivered,5.0,North America,175.67
1902,2026-02-07 13:00:00,CUST-923,Beauty,1,62.6,25.3,Delivered,5.0,Europe,62.6
1903,2026-02-07 14:00:00,CUST-897,Clothing,1,351.64,43.96,Delivered,5.0,South America,351.64
1904,2026-02-07 15:00:00,CUST-341,Home Decor,3,111.63,9.02,Delivered,4.0,South America,334.89
1905,2026-02-07 16:00:00,CUST-350,Clothing,1,463.81,42.02,Delivered,4.0,North America,463.81
1906,2026-02-07 17:00:00,CUST-976,Home Decor,3,115.69,12.18,Shipped,4.0,Europe,347.07
1907,2026-02-07 18:00:00,CUST-104,Books,1,135.26,20.02,Delivered,5.0,Europe,135.26
1908,2026-02-07 19:00:00,CUST-218,Electronics,1,155.54,6.3,Delivered,4.0,Asia,155.54
1909,2026-02-07 20:00:00,CUST-900,Electronics,1,386.58,10.57,Shipped,4.0,Europe,386.58
1910,2026-02-07 21:00:00,CUST-473,Beauty,1,219.53,25.06,Shipped,5.0,North America,219.53
1911,2026-02-07 22:00:00,CUST-164,Electronics,1,411.47,41.83,Delivered,4.0,Asia,411.47
1912,2026-02-07 23:00:00,CUST-245,Electronics,1,394.58,39.82,Delivered,4.0,Asia,394.58
1913,2026-02-08 00:00:00,CUST-323,Clothing,1,465.45,15.59,Delivered,5.0,Asia,465.45
1914,2026-02-08 01:00:00,CUST-338,Electronics,1,380.74,11.83,Delivered,3.0,Asia,380.74
1915,2026-02-08 02:00:00,CUST-276,Home Decor,1,35.44,22.52,Delivered,5.0,Asia,35.44
1916,2026-02-08 03:00:00,CUST-878,Electronics,4,420.27,44.75,Delivered,4.0,North America,1681.08
1917,2026-02-08 04:00:00,CUST-952,Beauty,2,469.66,9.11,Delivered,4.0,South America,939.32
1918,2026-02-08 05:00:00,CUST-381,Beauty,2,496.91,29.43,Delivered,5.0,Europe,993.82
1919,2026-02-08 06:00:00,CUST-162,Home Decor,1,71.38,9.0,Delivered,,South America,71.38
1920,2026-02-08 07:00:00,CUST-316,Home Decor,1,310.5,26.16,Delivered,4.0,South America,310.5
1921,2026-02-08 08:00:00,CUST-953,Beauty,1,107.73,10.71,Cancelled,5.0,Europe,107.73
1922,2026-02-08 09:00:00,CUST-926,Electronics,2,138.63,8.62,Cancelled,3.0,Europe,277.26
1923,2026-02-08 10:00:00,CUST-894,Beauty,1,375.34,13.59,Delivered,3.0,South America,375.34
1924,2026-02-08 11:00:00,CUST-788,Beauty,1,489.06,16.49,Returned,4.0,Europe,489.06
1925,2026-02-08 12:00:00,CUST-560,Home Decor,3,301.48,17.43,Returned,5.0,Asia,904.44
1926,2026-02-08 13:00:00,CUST-709,Home Decor,1,426.79,34.04,Shipped,4.0,Europe,426.79
1927,2026-02-08 14:00:00,CUST-204,Electronics,1,14.35,7.47,Delivered,5.0,Europe,14.35
1928,2026-02-08 15:00:00,CUST-198,Clothing,1,27.95,8.64,Delivered,3.0,Asia,27.95
1929,2026-02-08 16:00:00,CUST-610,Beauty,2,302.39,13.49,Delivered,4.0,Asia,604.78
1930,2026-02-08 17:00:00,CUST-484,Electronics,3,200.6,44.24,Delivered,5.0,Asia,601.8
1931,2026-02-08 18:00:00,CUST-504,Beauty,1,445.98,33.29,Shipped,4.0,Europe,445.98
1932,2026-02-08 19:00:00,CUST-922,Electronics,1,157.97,37.87,Delivered,4.0,Asia,157.97
1933,2026-02-08 20:00:00,CUST-617,Electronics,2,221.71,21.67,Delivered,5.0,Asia,443.42
1934,2026-02-08 21:00:00,CUST-575,Electronics,1,268.68,14.59,Delivered,5.0,North America,268.68
1935,2026-02-08 22:00:00,CUST-808,Electronics,2,143.79,6.71,Delivered,2.0,North America,287.58
1936,2026-02-08 23:00:00,CUST-962,Clothing,2,455.16,26.98,Delivered,4.0,Europe,910.32
1937,2026-02-09 00:00:00,CUST-744,Electronics,1,237.62,30.84,Delivered,4.0,Asia,237.62
1938,2026-02-09 01:00:00,CUST-969,Books,1,217.84,45.37,Delivered,5.0,Europe,217.84
1939,2026-02-09 02:00:00,CUST-870,Home Decor,2,426.38,44.69,Delivered,5.0,North America,852.76
1940,2026-02-09 03:00:00,CUST-536,Electronics,1,162.87,24.11,Delivered,5.0,North America,162.87
1941,2026-02-09 04:00:00,CUST-122,Home Decor,1,410.56,24.06,Delivered,4.0,Asia,410.56
1942,2026-02-09 05:00:00,CUST-664,Beauty,3,69.91,12.25,Delivered,4.0,Europe,209.73
1943,2026-02-09 06:00:00,CUST-776,Home Decor,1,99.57,16.59,Delivered,4.0,North America,99.57
1944,2026-02-09 07:00:00,CUST-813,Electronics,1,475.91,46.65,Delivered,4.0,South America,475.91
1945,2026-02-09 08:00:00,CUST-557,Beauty,1,422.8,11.35,Delivered,5.0,Asia,422.8
1946,2026-02-09 09:00:00,CUST-182,Beauty,2,200.07,48.59,Delivered,4.0,Europe,400.14
1947,2026-02-09 10:00:00,CUST-244,Electronics,1,322.84,27.71,Delivered,5.0,South America,322.84
1948,2026-02-09 11:00:00,CUST-184,Electronics,4,472.06,25.55,Delivered,5.0,Asia,1888.24
1949,2026-02-09 12:00:00,CUST-177,Home Decor,2,113.81,12.86,Delivered,4.0,Asia,227.62
1950,2026-02-09 13:00:00,CUST-556,Electronics,1,38.92,34.77,Delivered,5.0,North America,38.92
1951,2026-02-09 14:00:00,CUST-977,Beauty,1,273.36,25.69,Delivered,3.0,Europe,273.36
1952,2026-02-09 15:00:00,CUST-100,Clothing,1,79.87,21.68,Delivered,3.0,North America,79.87
1953,2026-02-09 16:00:00,CUST-150,Books,2,101.79,16.9,Delivered,3.0,South America,203.58
1954,2026-02-09 17:00:00,CUST-784,Home Decor,3,446.85,7.99,Delivered,3.0,South America,1340.55
1955,2026-02-09 18:00:00,CUST-816,Electronics,2,13.63,28.37,Delivered,4.0,South America,27.26
1956,2026-02-09 19:00:00,CUST-871,Electronics,1,410.24,19.08,Delivered,5.0,South America,410.24
1957,2026-02-09 20:00:00,CUST-545,Home Decor,2,263.31,36.85,Shipped,5.0,South America,526.62
1958,2026-02-09 21:00:00,CUST-548,Beauty,1,284.05,37.56,Delivered,3.0,Europe,284.05
1959,2026-02-09 22:00:00,CUST-980,Beauty,3,339.17,19.94,Delivered,5.0,Europe,1017.51
1960,2026-02-09 23:00:00,CUST-587,Electronics,2,221.41,35.11,Delivered,5.0,Asia,442.82
1961,2026-02-10 00:00:00,CUST-899,Electronics,1,66.65,16.64,Delivered,5.0,Asia,66.65
1962,2026-02-10 01:00:00,CUST-133,Electronics,1,60.38,37.72,Delivered,4.0,Europe,60.38
1963,2026-02-10 02:00:00,CUST-447,Home Decor,3,379.64,5.72,Delivered,1.0,Asia,1138.92
1964,2026-02-10 03:00:00,CUST-194,Electronics,3,118.31,11.82,Delivered,5.0,North America,354.93
1965,2026-02-10 04:00:00,CUST-171,Clothing,1,23.77,16.03,Delivered,5.0,Europe,23.77
1966,2026-02-10 05:00:00,CUST-650,Home Decor,1,490.01,39.78,Delivered,4.0,North America,490.01
1967,2026-02-10 06:00:00,CUST-253,Books,2,490.39,7.99,Returned,5.0,South America,980.78
1968,2026-02-10 07:00:00,CUST-349,Clothing,1,195.29,13.46,Delivered,2.0,South America,195.29
1969,2026-02-10 08:00:00,CUST-773,Electronics,1,22.51,21.14,Delivered,5.0,Asia,22.51
1970,2026-02-10 09:00:00,CUST-537,Home Decor,1,366.36,5.41,Delivered,2.0,Europe,366.36
1971,2026-02-10 10:00:00,CUST-217,Home Decor,1,417.2,39.3,Delivered,5.0,South America,417.2
1972,2026-02-10 11:00:00,CUST-870,Clothing,2,71.26,30.2,Delivered,5.0,Asia,142.52
1973,2026-02-10 12:00:00,CUST-990,Books,5,76.37,45.53,Delivered,4.0,North America,381.85
1974,2026-02-10 13:00:00,CUST-405,Beauty,2,412.89,6.4,Delivered,2.0,Europe,825.78
1975,2026-02-10 14:00:00,CUST-367,Electronics,1,461.73,17.21,Delivered,5.0,Asia,461.73
1976,2026-02-10 15:00:00,CUST-153,Electronics,2,397.47,37.91,Delivered,5.0,South America,794.94
1977,2026-02-10 16:00:00,CUST-335,Clothing,1,108.37,35.38,Delivered,5.0,North America,108.37
1978,2026-02-10 17:00:00,CUST-488,Beauty,1,211.65,15.94,Delivered,5.0,North America,211.65
1979,2026-02-10 18:00:00,CUST-833,Electronics,4,304.41,31.81,Delivered,5.0,Asia,1217.64
1980,2026-02-10 19:00:00,CUST-862,Home Decor,1,88.54,40.72,Delivered,2.0,Europe,88.54
1981,2026-02-10 20:00:00,CUST-924,Home Decor,5,113.2,6.5,Delivered,5.0,Asia,566.0
1982,2026-02-10 21:00:00,CUST-500,Electronics,1,148.61,37.29,Delivered,4.0,South America,148.61
1983,2026-02-10 22:00:00,CUST-723,Home Decor,2,259.66,16.34,Delivered,2.0,Europe,519.32
1984,2026-02-10 23:00:00,CUST-866,Books,1,260.29,47.65,Delivered,5.0,South America,260.29
1985,2026-02-11 00:00:00,CUST-402,Electronics,1,409.0,29.22,Delivered,5.0,North America,409.0
1986,2026-02-11 01:00:00,CUST-306,Clothing,1,378.97,6.5,Shipped,2.0,North America,378.97
1987,2026-02-11 02:00:00,CUST-328,Clothing,3,457.73,23.15,Shipped,4.0,South America,1373.19
1988,2026-02-11 03:00:00,CUST-952,Beauty,3,418.12,48.48,Delivered,5.0,South America,1254.36
1989,2026-02-11 04:00:00,CUST-677,Books,3,134.4,37.87,Delivered,4.0,North America,403.2
1990,2026-02-11 05:00:00,CUST-174,Clothing,2,172.34,18.52,Delivered,5.0,Asia,344.68
1991,2026-02-11 06:00:00,CUST-534,Beauty,3,255.21,30.89,Delivered,5.0,Asia,765.63
1992,2026-02-11 07:00:00,CUST-202,Clothing,1,16.99,31.96,Delivered,5.0,Asia,16.99
1993,2026-02-11 08:00:00,CUST-521,Clothing,1,452.91,6.05,Shipped,4.0,South America,452.91
1994,2026-02-11 09:00:00,CUST-803,Electronics,2,31.73,13.05,Delivered,4.0,South America,63.46
1995,2026-02-11 10:00:00,CUST-863,Electronics,2,168.0,29.83,Delivered,5.0,North America,336.0
1996,2026-02-11 11:00:00,CUST-837,Electronics,2,288.9,23.12,Delivered,4.0,Europe,577.8
1997,2026-02-11 12:00:00,CUST-905,Home Decor,1,263.74,13.55,Delivered,5.0,Asia,263.74
1998,2026-02-11 13:00:00,CUST-405,Electronics,1,330.69,39.77,Delivered,4.0,Asia,330.69
1999,2026-02-11 14:00:00,CUST-197,Books,4,268.48,27.0,Delivered,4.0,Asia,1073.92
2000,2026-02-11 15:00:00,CUST-949,Electronics,2,122.21,18.95,Delivered,5.0,North America,244.42
2001,2026-02-11 16:00:00,CUST-897,Electronics,1,108.53,12.28,Delivered,5.0,Europe,108.53
2002,2026-02-11 17:00:00,CUST-434,Clothing,3,454.55,32.5,Delivered,3.0,Europe,1363.65
2003,2026-02-11 18:00:00,CUST-958,Home Decor,4,139.34,34.98,Delivered,5.0,Europe,557.36
2004,2026-02-11 19:00:00,CUST-534,Electronics,1,147.68,35.13,Delivered,5.0,Asia,147.68
2005,2026-02-11 20:00:00,CUST-546,Clothing,3,212.35,14.91,Delivered,5.0,South America,637.05
2006,2026-02-11 21:00:00,CUST-407,Books,4,78.32,31.79,Delivered,4.0,Asia,313.28
2007,2026-02-11 22:00:00,CUST-348,Electronics,4,258.56,45.74,Delivered,4.0,Europe,1034.24
2008,2026-02-11 23:00:00,CUST-265,Clothing,4,335.87,20.89,Delivered,5.0,North America,1343.48
2009,2026-02-12 00:00:00,CUST-580,Beauty,2,395.14,14.48,Delivered,,Europe,790.28
2010,2026-02-12 01:00:00,CUST-434,Electronics,1,358.61,39.75,Delivered,3.0,Asia,358.61
2011,2026-02-12 02:00:00,CUST-641,Clothing,1,82.34,12.96,Delivered,4.0,South America,82.34
2012,2026-02-12 03:00:00,CUST-858,Clothing,1,233.47,16.42,Delivered,2.0,Europe,233.47
2013,2026-02-12 04:00:00,CUST-205,Clothing,1,28.91,9.53,Delivered,5.0,South America,28.91
2014,2026-02-12 05:00:00,CUST-662,Electronics,1,18.72,17.05,Delivered,3.0,Europe,18.72
2015,2026-02-12 06:00:00,CUST-180,Electronics,1,225.66,23.47,Delivered,4.0,South America,225.66
2016,2026-02-12 07:00:00,CUST-232,Clothing,1,133.95,7.89,Delivered,5.0,South America,133.95
2017,2026-02-12 08:00:00,CUST-896,Electronics,1,344.85,44.23,Shipped,5.0,Europe,344.85
2018,2026-02-12 09:00:00,CUST-237,Beauty,3,364.88,28.12,Delivered,4.0,North America,1094.64
2019,2026-02-12 10:00:00,CUST-283,Clothing,1,448.75,31.46,Returned,5.0,Asia,448.75
2020,2026-02-12 11:00:00,CUST-500,Clothing,2,382.73,21.71,Cancelled,4.0,Asia,765.46
2021,2026-02-12 12:00:00,CUST-429,Beauty,2,33.64,35.14,Delivered,1.0,Europe,67.28
2022,2026-02-12 13:00:00,CUST-884,Home Decor,1,192.1,24.43,Shipped,5.0,South America,192.1
2023,2026-02-12 14:00:00,CUST-607,Electronics,4,143.78,39.26,Delivered,5.0,Asia,575.12
2024,2026-02-12 15:00:00,CUST-951,Books,2,199.2,41.96,Cancelled,5.0,South America,398.4
2025,2026-02-12 16:00:00,CUST-168,Electronics,1,88.44,35.23,Delivered,,North America,88.44
2026,2026-02-12 17:00:00,CUST-645,Electronics,1,57.88,27.11,Delivered,5.0,Europe,57.88
2027,2026-02-12 18:00:00,CUST-873,Beauty,1,265.28,40.2,Delivered,5.0,North America,265.28
2028,2026-02-12 19:00:00,CUST-152,Clothing,1,362.99,27.24,Delivered,5.0,South America,362.99
2029,2026-02-12 20:00:00,CUST-549,Clothing,1,353.94,10.02,Delivered,5.0,South America,353.94
2030,2026-02-12 21:00:00,CUST-304,Electronics,2,230.96,10.24,Delivered,5.0,Europe,461.92
2031,2026-02-12 22:00:00,CUST-225,Clothing,3,265.92,47.69,Returned,3.0,South America,797.76
2032,2026-02-12 23:00:00,CUST-846,Electronics,2,263.0,14.61,Delivered,3.0,Europe,526.0
2033,2026-02-13 00:00:00,CUST-142,Books,1,348.87,41.72,Delivered,3.0,Europe,348.87
2034,2026-02-13 01:00:00,CUST-851,Electronics,1,33.48,16.1,Delivered,5.0,North America,33.48
2035,2026-02-13 02:00:00,CUST-982,Beauty,1,357.85,24.39,Delivered,5.0,Asia,357.85
2036,2026-02-13 03:00:00,CUST-210,Home Decor,1,295.28,34.47,Delivered,5.0,Asia,295.28
2037,2026-02-13 04:00:00,CUST-860,Beauty,1,107.07,12.15,Delivered,4.0,South America,107.07
2038,2026-02-13 05:00:00,CUST-762,Home Decor,3,34.04,38.18,Returned,4.0,Asia,102.12
2039,2026-02-13 06:00:00,CUST-282,Home Decor,1,63.18,36.05,Delivered,1.0,South America,63.18
2040,2026-02-13 07:00:00,CUST-947,Clothing,3,267.1,29.44,Delivered,5.0,Asia,801.3
2041,2026-02-13 08:00:00,CUST-194,Electronics,1,381.62,30.47,Delivered,5.0,North America,381.62
2042,2026-02-13 09:00:00,CUST-473,Electronics,5,173.98,9.76,Delivered,5.0,Asia,869.9
2043,2026-02-13 10:00:00,CUST-619,Beauty,2,195.77,24.62,Delivered,2.0,South America,391.54
2044,2026-02-13 11:00:00,CUST-459,Beauty,2,467.73,8.9,Delivered,3.0,South America,935.46
2045,2026-02-13 12:00:00,CUST-795,Clothing,1,114.38,18.85,Delivered,4.0,Asia,114.38
2046,2026-02-13 13:00:00,CUST-380,Electronics,3,60.84,45.51,Delivered,4.0,Europe,182.52
2047,2026-02-13 14:00:00,CUST-294,Clothing,3,178.27,30.85,Delivered,5.0,North America,534.81
2048,2026-02-13 15:00:00,CUST-963,Home Decor,2,375.5,38.42,Shipped,3.0,Europe,751.0
2049,2026-02-13 16:00:00,CUST-294,Clothing,2,316.78,30.82,Delivered,5.0,Asia,633.56
2050,2026-02-13 17:00:00,CUST-766,Beauty,2,213.74,13.74,Delivered,5.0,Europe,427.48
2051,2026-02-13 18:00:00,CUST-192,Books,1,482.73,31.77,Delivered,4.0,Asia,482.73
2052,2026-02-13 19:00:00,CUST-771,Electronics,2,370.15,38.99,Delivered,4.0,South America,740.3
2053,2026-02-13 20:00:00,CUST-160,Clothing,3,40.31,11.23,Delivered,5.0,Europe,120.93
2054,2026-02-13 21:00:00,CUST-733,Clothing,1,374.87,41.76,Shipped,4.0,North America,374.87
2055,2026-02-13 22:00:00,CUST-150,Clothing,1,21.78,29.99,Delivered,5.0,Europe,21.78
2056,2026-02-13 23:00:00,CUST-502,Electronics,1,328.66,5.19,Delivered,3.0,South America,328.66
2057,2026-02-14 00:00:00,CUST-888,Electronics,2,113.14,28.39,Delivered,5.0,South America,226.28
2058,2026-02-14 01:00:00,CUST-104,Beauty,1,351.26,22.81,Shipped,,South America,351.26
2059,2026-02-14 02:00:00,CUST-565,Clothing,1,161.79,18.34,Delivered,5.0,Europe,161.79
2060,2026-02-14 03:00:00,CUST-703,Clothing,1,437.77,39.71,Delivered,5.0,South America,437.77
2061,2026-02-14 04:00:00,CUST-781,Books,3,175.09,45.48,Delivered,3.0,South America,525.27
2062,2026-02-14 05:00:00,CUST-928,Beauty,1,313.65,39.32,Delivered,1.0,Europe,313.65
2063,2026-02-14 06:00:00,CUST-633,Electronics,2,150.1,43.1,Delivered,5.0,Europe,300.2
2064,2026-02-14 07:00:00,CUST-504,Home Decor,1,459.44,45.9,Delivered,3.0,Asia,459.44
2065,2026-02-14 08:00:00,CUST-937,Clothing,3,392.69,46.07,Delivered,5.0,Europe,1178.07
2066,2026-02-14 09:00:00,CUST-612,Beauty,4,129.22,10.16,Delivered,5.0,South America,516.88
2067,2026-02-14 10:00:00,CUST-744,Home Decor,1,474.91,25.54,Delivered,4.0,North America,474.91
2068,2026-02-14 11:00:00,CUST-332,Home Decor,1,185.01,5.01,Delivered,3.0,South America,185.01
2069,2026-02-14 12:00:00,CUST-623,Clothing,3,329.41,27.79,Shipped,3.0,South America,988.23
2070,2026-02-14 13:00:00,CUST-445,Beauty,1,374.0,46.59,Delivered,5.0,South America,374.0
2071,2026-02-14 14:00:00,CUST-145,Electronics,1,21.22,13.96,Delivered,5.0,Europe,21.22
2072,2026-02-14 15:00:00,CUST-645,Electronics,3,479.89,33.79,Delivered,5.0,North America,1439.67
2073,2026-02-14 16:00:00,CUST-177,Clothing,5,178.78,34.0,Delivered,5.0,South America,893.9
2074,2026-02-14 17:00:00,CUST-829,Electronics,2,102.99,12.22,Delivered,5.0,Europe,205.98
2075,2026-02-14 18:00:00,CUST-912,Electronics,1,426.85,15.73,Delivered,1.0,Asia,426.85
2076,2026-02-14 19:00:00,CUST-172,Beauty,1,354.42,25.79,Delivered,5.0,North America,354.42
2077,2026-02-14 20:00:00,CUST-893,Books,1,52.5,13.47,Returned,4.0,North America,52.5
2078,2026-02-14 21:00:00,CUST-348,Clothing,3,67.35,31.32,Delivered,4.0,Europe,202.05
2079,2026-02-14 22:00:00,CUST-146,Electronics,3,360.44,26.8,Delivered,5.0,Asia,1081.32
2080,2026-02-14 23:00:00,CUST-220,Electronics,3,46.64,28.36,Delivered,5.0,South America,139.92
2081,2026-02-15 00:00:00,CUST-313,Electronics,1,459.42,11.05,Delivered,4.0,Asia,459.42
2082,2026-02-15 01:00:00,CUST-338,Electronics,2,373.35,28.28,Delivered,5.0,North America,746.7
2083,2026-02-15 02:00:00,CUST-155,Books,1,174.39,7.23,Delivered,,Europe,174.39
2084,2026-02-15 03:00:00,CUST-449,Electronics,1,187.84,44.67,Delivered,5.0,Asia,187.84
2085,2026-02-15 04:00:00,CUST-206,Clothing,3,258.18,20.45,Delivered,1.0,South America,774.54
2086,2026-02-15 05:00:00,CUST-930,Electronics,1,186.88,43.54,Delivered,2.0,Asia,186.88
2087,2026-02-15 06:00:00,CUST-147,Beauty,2,393.9,36.57,Cancelled,5.0,Asia,787.8
2088,2026-02-15 07:00:00,CUST-672,Home Decor,2,487.62,39.48,Delivered,5.0,Europe,975.24
2089,2026-02-15 08:00:00,CUST-436,Books,4,296.42,19.15,Delivered,5.0,Europe,1185.68
2090,2026-02-15 09:00:00,CUST-125,Beauty,3,228.56,15.25,Delivered,5.0,North America,685.68
2091,2026-02-15 10:00:00,CUST-903,Clothing,3,119.16,23.3,Shipped,5.0,Europe,357.48
2092,2026-02-15 11:00:00,CUST-356,Electronics,2,330.18,6.09,Delivered,5.0,Asia,660.36
2093,2026-02-15 12:00:00,CUST-107,Home Decor,1,345.93,46.34,Delivered,5.0,South America,345.93
2094,2026-02-15 13:00:00,CUST-724,Clothing,1,345.74,22.42,Delivered,5.0,North America,345.74
2095,2026-02-15 14:00:00,CUST-966,Home Decor,2,23.22,49.49,Shipped,5.0,Europe,46.44
2096,2026-02-15 15:00:00,CUST-352,Electronics,2,450.57,39.27,Delivered,4.0,Asia,901.14
2097,2026-02-15 16:00:00,CUST-791,Electronics,2,175.67,8.62,Delivered,5.0,Asia,351.34
2098,2026-02-15 17:00:00,CUST-818,Clothing,1,374.64,34.71,Shipped,5.0,North America,374.64
2099,2026-02-15 18:00:00,CUST-402,Home Decor,1,382.31,17.19,Cancelled,3.0,North America,382.31
2100,2026-02-15 19:00:00,CUST-738,Beauty,1,328.77,15.97,Shipped,5.0,Europe,328.77
2101,2026-02-15 20:00:00,CUST-155,Electronics,2,203.48,16.55,Delivered,2.0,Europe,406.96
2102,2026-02-15 21:00:00,CUST-825,Clothing,2,308.11,46.22,Delivered,3.0,South America,616.22
2103,2026-02-15 22:00:00,CUST-625,Electronics,2,29.7,27.5,Delivered,5.0,North America,59.4
2104,2026-02-15 23:00:00,CUST-573,Electronics,1,383.33,35.13,Delivered,3.0,North America,383.33
2105,2026-02-16 00:00:00,CUST-127,Clothing,1,58.8,17.64,Cancelled,5.0,Asia,58.8
2106,2026-02-16 01:00:00,CUST-177,Electronics,3,204.41,28.53,Shipped,4.0,South America,613.23
2107,2026-02-16 02:00:00,CUST-315,Electronics,3,60.77,20.75,Delivered,5.0,Europe,182.31
2108,2026-02-16 03:00:00,CUST-485,Clothing,1,420.17,19.45,Delivered,4.0,South America,420.17
2109,2026-02-16 04:00:00,CUST-464,Electronics,2,279.65,16.11,Delivered,4.0,South America,559.3
2110,2026-02-16 05:00:00,CUST-765,Electronics,1,348.57,23.41,Delivered,5.0,Asia,348.57
2111,2026-02-16 06:00:00,CUST-625,Electronics,2,344.47,34.7,Delivered,4.0,North America,688.94
2112,2026-02-16 07:00:00,CUST-798,Electronics,3,422.39,14.99,Delivered,4.0,North America,1267.17
2113,2026-02-16 08:00:00,CUST-411,Electronics,2,74.96,48.44,Delivered,4.0,North America,149.92
2114,2026-02-16 09:00:00,CUST-982,Home Decor,2,333.27,10.61,Shipped,3.0,Europe,666.54
2115,2026-02-16 10:00:00,CUST-106,Electronics,1,291.82,26.61,Delivered,4.0,North America,291.82
2116,2026-02-16 11:00:00,CUST-102,Electronics,2,25.14,8.83,Delivered,1.0,South America,50.28
2117,2026-02-16 12:00:00,CUST-722,Clothing,2,108.7,6.02,Shipped,5.0,South America,217.4
2118,2026-02-16 13:00:00,CUST-849,Home Decor,2,141.11,46.52,Delivered,5.0,North America,282.22
2119,2026-02-16 14:00:00,CUST-462,Beauty,2,45.55,41.47,Delivered,5.0,South America,91.1
2120,2026-02-16 15:00:00,CUST-850,Beauty,1,183.81,36.24,Delivered,5.0,Europe,183.81
2121,2026-02-16 16:00:00,CUST-607,Home Decor,4,23.33,43.93,Shipped,1.0,North America,93.32
2122,2026-02-16 17:00:00,CUST-373,Clothing,3,281.06,41.13,Delivered,5.0,Europe,843.18
2123,2026-02-16 18:00:00,CUST-605,Home Decor,1,113.64,34.13,Shipped,4.0,North America,113.64
2124,2026-02-16 19:00:00,CUST-905,Home Decor,2,150.63,43.13,Delivered,5.0,Europe,301.26
2125,2026-02-16 20:00:00,CUST-838,Electronics,1,456.13,22.59,Delivered,3.0,Europe,456.13
2126,2026-02-16 21:00:00,CUST-982,Electronics,1,256.38,29.87,Delivered,5.0,Europe,256.38
2127,2026-02-16 22:00:00,CUST-114,Electronics,1,141.82,39.93,Delivered,5.0,South America,141.82
2128,2026-02-16 23:00:00,CUST-291,Books,2,303.25,8.82,Returned,2.0,Europe,606.5
2129,2026-02-17 00:00:00,CUST-730,Clothing,3,108.82,43.64,Delivered,5.0,Asia,326.46
2130,2026-02-17 01:00:00,CUST-584,Home Decor,2,46.45,12.06,Cancelled,1.0,Europe,92.9
2131,2026-02-17 02:00:00,CUST-127,Clothing,2,20.24,43.9,Shipped,5.0,Europe,40.48
2132,2026-02-17 03:00:00,CUST-813,Clothing,1,476.25,19.01,Delivered,,Europe,476.25
2133,2026-02-17 04:00:00,CUST-138,Electronics,1,365.06,19.71,Delivered,3.0,Europe,365.06
2134,2026-02-17 05:00:00,CUST-372,Electronics,1,401.97,8.33,Delivered,4.0,North America,401.97
2135,2026-02-17 06:00:00,CUST-330,Beauty,3,490.65,44.87,Delivered,5.0,South America,1471.95
2136,2026-02-17 07:00:00,CUST-185,Home Decor,4,466.5,12.85,Delivered,5.0,South America,1866.0
2137,2026-02-17 08:00:00,CUST-573,Clothing,1,371.09,33.35,Delivered,5.0,South America,371.09
2138,2026-02-17 09:00:00,CUST-225,Beauty,2,350.05,33.98,Delivered,5.0,North America,700.1
2139,2026-02-17 10:00:00,CUST-911,Electronics,4,175.06,17.65,Delivered,4.0,Europe,700.24
2140,2026-02-17 11:00:00,CUST-636,Books,1,60.97,49.35,Delivered,5.0,Europe,60.97
2141,2026-02-17 12:00:00,CUST-244,Clothing,3,291.12,7.89,Delivered,5.0,South America,873.36
2142,2026-02-17 13:00:00,CUST-624,Clothing,2,292.36,32.35,Shipped,4.0,Asia,584.72
2143,2026-02-17 14:00:00,CUST-311,Clothing,2,476.6,26.58,Delivered,2.0,Europe,953.2
2144,2026-02-17 15:00:00,CUST-124,Electronics,1,226.86,16.05,Delivered,4.0,Europe,226.86
2145,2026-02-17 16:00:00,CUST-679,Electronics,2,348.5,12.36,Delivered,5.0,Europe,697.0
2146,2026-02-17 17:00:00,CUST-493,Home Decor,3,291.74,38.17,Delivered,3.0,North America,875.22
2147,2026-02-17 18:00:00,CUST-166,Beauty,1,96.61,46.23,Delivered,5.0,Europe,96.61
2148,2026-02-17 19:00:00,CUST-332,Beauty,2,300.11,9.84,Delivered,5.0,South America,600.22
2149,2026-02-17 20:00:00,CUST-208,Electronics,1,274.66,13.73,Delivered,2.0,Europe,274.66
2150,2026-02-17 21:00:00,CUST-245,Clothing,3,252.01,49.38,Delivered,4.0,South America,756.03
2151,2026-02-17 22:00:00,CUST-210,Electronics,2,261.58,5.68,Delivered,4.0,Asia,523.16
2152,2026-02-17 23:00:00,CUST-327,Electronics,3,90.35,27.87,Delivered,4.0,North America,271.05
2153,2026-02-18 00:00:00,CUST-210,Home Decor,1,237.1,28.23,Delivered,4.0,Asia,237.1
2154,2026-02-18 01:00:00,CUST-569,Clothing,1,306.77,16.84,Delivered,5.0,Europe,306.77
2155,2026-02-18 02:00:00,CUST-133,Electronics,1,249.83,34.84,Delivered,5.0,Asia,249.83
2156,2026-02-18 03:00:00,CUST-722,Electronics,1,249.46,47.52,Delivered,5.0,Europe,249.46
2157,2026-02-18 04:00:00,CUST-875,Books,1,47.98,25.26,Delivered,4.0,South America,47.98
2158,2026-02-18 05:00:00,CUST-468,Electronics,2,103.48,38.72,Delivered,5.0,Europe,206.96
2159,2026-02-18 06:00:00,CUST-847,Clothing,1,167.28,34.07,Delivered,5.0,North America,167.28
2160,2026-02-18 07:00:00,CUST-694,Clothing,2,215.48,26.28,Delivered,4.0,Asia,430.96
2161,2026-02-18 08:00:00,CUST-653,Electronics,1,301.03,7.24,Delivered,4.0,Europe,301.03
2162,2026-02-18 09:00:00,CUST-524,Electronics,2,433.04,38.38,Cancelled,5.0,South America,866.08
2163,2026-02-18 10:00:00,CUST-712,Clothing,2,87.99,21.35,Delivered,5.0,Asia,175.98
2164,2026-02-18 11:00:00,CUST-617,Beauty,2,17.39,15.1,Delivered,4.0,North America,34.78
2165,2026-02-18 12:00:00,CUST-791,Clothing,5,230.13,47.67,Delivered,5.0,Europe,1150.65
2166,2026-02-18 13:00:00,CUST-381,Home Decor,1,221.73,39.81,Shipped,5.0,North America,221.73
2167,2026-02-18 14:00:00,CUST-419,Books,1,280.43,48.3,Delivered,1.0,South America,280.43
2168,2026-02-18 15:00:00,CUST-837,Beauty,1,418.28,16.53,Returned,4.0,Asia,418.28
2169,2026-02-18 16:00:00,CUST-542,Clothing,1,403.16,42.61,Delivered,5.0,Asia,403.16
2170,2026-02-18 17:00:00,CUST-414,Clothing,2,59.02,32.35,Delivered,1.0,Asia,118.04
2171,2026-02-18 18:00:00,CUST-976,Home Decor,1,467.66,49.17,Delivered,5.0,South America,467.66
2172,2026-02-18 19:00:00,CUST-840,Home Decor,2,64.1,47.58,Delivered,2.0,Europe,128.2
2173,2026-02-18 20:00:00,CUST-476,Clothing,1,320.94,48.78,Returned,5.0,Europe,320.94
2174,2026-02-18 21:00:00,CUST-388,Home Decor,5,339.48,47.83,Shipped,5.0,Europe,1697.4
2175,2026-02-18 22:00:00,CUST-536,Electronics,4,343.14,5.34,Delivered,1.0,North America,1372.56
2176,2026-02-18 23:00:00,CUST-761,Clothing,1,140.02,38.35,Delivered,1.0,South America,140.02
2177,2026-02-19 00:00:00,CUST-376,Electronics,1,171.87,17.24,Shipped,5.0,Asia,171.87
2178,2026-02-19 01:00:00,CUST-809,Electronics,3,278.85,36.73,Delivered,4.0,South America,836.55
2179,2026-02-19 02:00:00,CUST-681,Electronics,5,107.8,49.13,Delivered,5.0,South America,539.0
2180,2026-02-19 03:00:00,CUST-602,Home Decor,1,19.95,6.77,Delivered,4.0,South America,19.95
2181,2026-02-19 04:00:00,CUST-723,Clothing,1,285.45,30.51,Delivered,3.0,Asia,285.45
2182,2026-02-19 05:00:00,CUST-615,Electronics,4,237.99,38.07,Shipped,4.0,Asia,951.96
2183,2026-02-19 06:00:00,CUST-449,Clothing,2,331.8,16.4,Delivered,4.0,North America,663.6
2184,2026-02-19 07:00:00,CUST-942,Clothing,1,81.88,15.13,Delivered,4.0,South America,81.88
2185,2026-02-19 08:00:00,CUST-545,Electronics,2,422.05,7.72,Shipped,5.0,Europe,844.1
2186,2026-02-19 09:00:00,CUST-929,Home Decor,4,81.65,9.23,Delivered,5.0,North America,326.6
2187,2026-02-19 10:00:00,CUST-449,Beauty,3,446.76,34.55,Delivered,5.0,Asia,1340.28
2188,2026-02-19 11:00:00,CUST-706,Beauty,2,230.27,27.73,Shipped,4.0,Asia,460.54
2189,2026-02-19 12:00:00,CUST-763,Home Decor,2,279.4,6.35,Delivered,4.0,North America,558.8
2190,2026-02-19 13:00:00,CUST-922,Clothing,1,449.32,48.63,Delivered,3.0,Europe,449.32
2191,2026-02-19 14:00:00,CUST-236,Electronics,3,156.96,34.52,Delivered,4.0,South America,470.88
2192,2026-02-19 15:00:00,CUST-858,Electronics,1,99.1,28.2,Delivered,5.0,South America,99.1
2193,2026-02-19 16:00:00,CUST-998,Electronics,4,228.42,17.27,Delivered,5.0,Europe,913.68
2194,2026-02-19 17:00:00,CUST-342,Books,1,129.74,34.61,Delivered,4.0,South America,129.74
2195,2026-02-19 18:00:00,CUST-642,Electronics,3,268.64,21.39,Delivered,5.0,Asia,805.92
2196,2026-02-19 19:00:00,CUST-139,Electronics,1,144.88,36.61,Delivered,4.0,North America,144.88
2197,2026-02-19 20:00:00,CUST-328,Beauty,2,433.6,35.72,Delivered,5.0,Europe,867.2
2198,2026-02-19 21:00:00,CUST-647,Books,1,307.59,9.17,Delivered,5.0,North America,307.59
2199,2026-02-19 22:00:00,CUST-322,Beauty,2,10.12,45.92,Delivered,4.0,South America,20.24
2200,2026-02-19 23:00:00,CUST-105,Electronics,3,404.68,26.91,Delivered,5.0,South America,1214.04
2201,2026-02-20 00:00:00,CUST-421,Electronics,2,171.8,22.68,Cancelled,5.0,Asia,343.6
2202,2026-02-20 01:00:00,CUST-567,Clothing,2,166.9,48.0,Delivered,4.0,Asia,333.8
2203,2026-02-20 02:00:00,CUST-831,Electronics,1,197.7,24.72,Delivered,5.0,South America,197.7
2204,2026-02-20 03:00:00,CUST-174,Electronics,4,318.83,37.45,Delivered,5.0,South America,1275.32
2205,2026-02-20 04:00:00,CUST-103,Clothing,2,226.61,34.48,Delivered,5.0,Asia,453.22
2206,2026-02-20 05:00:00,CUST-946,Books,2,318.03,12.43,Delivered,5.0,Asia,636.06
2207,2026-02-20 06:00:00,CUST-745,Clothing,3,81.92,49.6,Returned,2.0,Europe,245.76
2208,2026-02-20 07:00:00,CUST-217,Home Decor,2,485.38,25.86,Shipped,3.0,Asia,970.76
2209,2026-02-20 08:00:00,CUST-980,Home Decor,1,367.51,22.77,Delivered,4.0,Europe,367.51
2210,2026-02-20 09:00:00,CUST-705,Electronics,2,132.6,46.38,Shipped,4.0,Europe,265.2
2211,2026-02-20 10:00:00,CUST-603,Home Decor,2,364.84,28.82,Delivered,5.0,North America,729.68
2212,2026-02-20 11:00:00,CUST-673,Electronics,3,291.76,36.73,Delivered,4.0,Asia,875.28
2213,2026-02-20 12:00:00,CUST-540,Electronics,3,63.5,43.08,Delivered,5.0,Europe,190.5
2214,2026-02-20 13:00:00,CUST-293,Home Decor,1,97.32,15.6,Delivered,5.0,North America,97.32
2215,2026-02-20 14:00:00,CUST-946,Electronics,1,30.24,12.63,Delivered,5.0,North America,30.24
2216,2026-02-20 15:00:00,CUST-814,Books,1,406.53,8.08,Shipped,4.0,Asia,406.53
2217,2026-02-20 16:00:00,CUST-491,Electronics,1,280.34,45.37,Delivered,4.0,Asia,280.34
2218,2026-02-20 17:00:00,CUST-125,Home Decor,2,165.21,14.02,Delivered,4.0,North America,330.42
2219,2026-02-20 18:00:00,CUST-534,Clothing,3,71.91,18.85,Delivered,5.0,Europe,215.73
2220,2026-02-20 19:00:00,CUST-272,Electronics,1,247.18,17.86,Delivered,5.0,Asia,247.18
2221,2026-02-20 20:00:00,CUST-399,Electronics,1,267.38,18.71,Cancelled,4.0,North America,267.38
2222,2026-02-20 21:00:00,CUST-744,Home Decor,4,353.95,35.06,Delivered,,North America,1415.8
2223,2026-02-20 22:00:00,CUST-425,Beauty,3,485.27,47.94,Delivered,5.0,Europe,1455.81
2224,2026-02-20 23:00:00,CUST-509,Beauty,2,223.12,19.83,Cancelled,4.0,South America,446.24
2225,2026-02-21 00:00:00,CUST-217,Clothing,3,208.96,23.34,Delivered,5.0,Europe,626.88
2226,2026-02-21 01:00:00,CUST-935,Beauty,2,191.27,39.7,Delivered,5.0,North America,382.54
2227,2026-02-21 02:00:00,CUST-886,Home Decor,1,415.19,24.46,Delivered,5.0,Europe,415.19
2228,2026-02-21 03:00:00,CUST-823,Home Decor,1,86.6,46.67,Delivered,5.0,Asia,86.6
2229,2026-02-21 04:00:00,CUST-324,Clothing,1,178.47,27.64,Delivered,5.0,North America,178.47
2230,2026-02-21 05:00:00,CUST-631,Home Decor,1,365.24,20.65,Delivered,4.0,Europe,365.24
2231,2026-02-21 06:00:00,CUST-212,Beauty,4,17.69,48.72,Delivered,,Europe,70.76
2232,2026-02-21 07:00:00,CUST-239,Clothing,3,151.8,24.16,Delivered,5.0,Europe,455.4
2233,2026-02-21 08:00:00,CUST-658,Beauty,1,324.31,15.4,Delivered,1.0,Europe,324.31
2234,2026-02-21 09:00:00,CUST-100,Home Decor,1,101.12,13.0,Delivered,4.0,North America,101.12
2235,2026-02-21 10:00:00,CUST-189,Electronics,1,158.33,49.78,Delivered,1.0,Europe,158.33
2236,2026-02-21 11:00:00,CUST-753,Electronics,2,248.16,38.88,Shipped,5.0,Asia,496.32
2237,2026-02-21 12:00:00,CUST-419,Clothing,3,216.79,23.39,Delivered,3.0,South America,650.37
2238,2026-02-21 13:00:00,CUST-649,Clothing,1,61.95,42.19,Delivered,5.0,South America,61.95
2239,2026-02-21 14:00:00,CUST-904,Beauty,1,469.74,29.61,Delivered,4.0,South America,469.74
2240,2026-02-21 15:00:00,CUST-993,Electronics,2,31.7,19.28,Delivered,5.0,Asia,63.4
2241,2026-02-21 16:00:00,CUST-238,Beauty,2,377.37,38.45,Delivered,5.0,South America,754.74
2242,2026-02-21 17:00:00,CUST-610,Beauty,1,45.0,38.57,Cancelled,4.0,North America,45.0
2243,2026-02-21 18:00:00,CUST-967,Electronics,2,238.97,27.51,Delivered,4.0,North America,477.94
2244,2026-02-21 19:00:00,CUST-944,Beauty,2,95.95,7.03,Shipped,4.0,Asia,191.9
2245,2026-02-21 20:00:00,CUST-358,Books,1,79.14,8.47,Delivered,5.0,Asia,79.14
2246,2026-02-21 21:00:00,CUST-772,Home Decor,1,71.69,40.49,Delivered,5.0,North America,71.69
2247,2026-02-21 22:00:00,CUST-789,Beauty,1,231.87,42.06,Delivered,4.0,Asia,231.87
2248,2026-02-21 23:00:00,CUST-109,Books,3,262.59,35.52,Delivered,4.0,Asia,787.77
2249,2026-02-22 00:00:00,CUST-360,Home Decor,4,75.36,42.76,Delivered,2.0,North America,301.44
2250,2026-02-22 01:00:00,CUST-749,Clothing,3,489.9,37.38,Delivered,5.0,North America,1469.7
2251,2026-02-22 02:00:00,CUST-271,Beauty,2,136.31,45.36,Delivered,4.0,Europe,272.62
2252,2026-02-22 03:00:00,CUST-997,Home Decor,2,234.83,11.77,Delivered,5.0,Europe,469.66
2253,2026-02-22 04:00:00,CUST-112,Home Decor,2,115.97,22.45,Shipped,5.0,South America,231.94
2254,2026-02-22 05:00:00,CUST-267,Electronics,4,252.02,25.88,Delivered,5.0,Asia,1008.08
2255,2026-02-22 06:00:00,CUST-741,Beauty,1,380.45,18.39,Cancelled,3.0,North America,380.45
2256,2026-02-22 07:00:00,CUST-695,Electronics,2,265.34,37.64,Delivered,2.0,South America,530.68
2257,2026-02-22 08:00:00,CUST-420,Books,2,149.97,46.06,Delivered,5.0,Europe,299.94
2258,2026-02-22 09:00:00,CUST-418,Clothing,2,131.71,23.56,Delivered,4.0,Asia,263.42
2259,2026-02-22 10:00:00,CUST-712,Electronics,1,381.88,47.37,Delivered,3.0,South America,381.88
2260,2026-02-22 11:00:00,CUST-428,Clothing,2,67.94,28.25,Delivered,5.0,Asia,135.88
2261,2026-02-22 12:00:00,CUST-884,Electronics,3,191.28,28.51,Delivered,4.0,South America,573.84
2262,2026-02-22 13:00:00,CUST-876,Home Decor,1,84.23,32.01,Returned,4.0,Asia,84.23
2263,2026-02-22 14:00:00,CUST-649,Books,3,136.41,17.07,Delivered,5.0,Asia,409.23
2264,2026-02-22 15:00:00,CUST-518,Beauty,1,84.81,22.25,Delivered,5.0,North America,84.81
2265,2026-02-22 16:00:00,CUST-705,Electronics,4,444.52,29.9,Delivered,4.0,Asia,1778.08
2266,2026-02-22 17:00:00,CUST-194,Electronics,2,368.63,47.39,Cancelled,5.0,Europe,737.26
2267,2026-02-22 18:00:00,CUST-916,Beauty,2,284.85,33.92,Delivered,5.0,North America,569.7
2268,2026-02-22 19:00:00,CUST-680,Books,1,119.97,19.99,Shipped,5.0,Asia,119.97
2269,2026-02-22 20:00:00,CUST-417,Clothing,1,260.01,5.47,Delivered,4.0,Europe,260.01
2270,2026-02-22 21:00:00,CUST-335,Clothing,2,265.21,49.17,Delivered,5.0,Europe,530.42
2271,2026-02-22 22:00:00,CUST-433,Clothing,1,299.3,27.18,Returned,4.0,South America,299.3
2272,2026-02-22 23:00:00,CUST-984,Beauty,2,39.44,47.23,Delivered,4.0,North America,78.88
2273,2026-02-23 00:00:00,CUST-475,Home Decor,1,486.72,29.72,Shipped,4.0,North America,486.72
2274,2026-02-23 01:00:00,CUST-558,Electronics,3,238.07,32.25,Delivered,4.0,South America,714.21
2275,2026-02-23 02:00:00,CUST-236,Electronics,3,464.0,37.04,Delivered,5.0,South America,1392.0
2276,2026-02-23 03:00:00,CUST-687,Beauty,1,14.81,19.44,Shipped,5.0,South America,14.81
2277,2026-02-23 04:00:00,CUST-646,Electronics,2,131.3,36.45,Delivered,4.0,North America,262.6
2278,2026-02-23 05:00:00,CUST-612,Clothing,3,60.96,28.71,Delivered,3.0,Europe,182.88
2279,2026-02-23 06:00:00,CUST-395,Home Decor,2,387.11,35.26,Delivered,4.0,Europe,774.22
2280,2026-02-23 07:00:00,CUST-419,Electronics,1,166.86,42.61,Delivered,4.0,Asia,166.86
2281,2026-02-23 08:00:00,CUST-671,Electronics,2,421.84,13.29,Delivered,4.0,North America,843.68
2282,2026-02-23 09:00:00,CUST-931,Beauty,1,417.87,32.61,Delivered,4.0,North America,417.87
2283,2026-02-23 10:00:00,CUST-448,Beauty,1,337.22,7.35,Shipped,1.0,South America,337.22
2284,2026-02-23 11:00:00,CUST-939,Beauty,1,336.23,9.6,Delivered,4.0,North America,336.23
2285,2026-02-23 12:00:00,CUST-878,Beauty,2,353.08,35.36,Delivered,5.0,North America,706.16
2286,2026-02-23 13:00:00,CUST-972,Home Decor,1,340.14,8.19,Shipped,3.0,Europe,340.14
2287,2026-02-23 14:00:00,CUST-328,Beauty,4,199.59,31.79,Delivered,3.0,North America,798.36
2288,2026-02-23 15:00:00,CUST-369,Clothing,1,344.59,14.9,Shipped,4.0,Europe,344.59
2289,2026-02-23 16:00:00,CUST-927,Home Decor,1,449.73,18.68,Cancelled,4.0,Europe,449.73
2290,2026-02-23 17:00:00,CUST-897,Books,1,172.96,10.83,Delivered,5.0,North America,172.96
2291,2026-02-23 18:00:00,CUST-390,Electronics,1,473.0,16.19,Delivered,5.0,Europe,473.0
2292,2026-02-23 19:00:00,CUST-824,Clothing,2,16.65,41.96,Delivered,5.0,South America,33.3
2293,2026-02-23 20:00:00,CUST-264,Clothing,1,181.05,33.75,Delivered,5.0,Europe,181.05
2294,2026-02-23 21:00:00,CUST-104,Electronics,1,74.73,47.74,Delivered,4.0,North America,74.73
2295,2026-02-23 22:00:00,CUST-950,Electronics,1,72.04,7.19,Delivered,4.0,South America,72.04
2296,2026-02-23 23:00:00,CUST-478,Beauty,1,409.56,40.66,Delivered,5.0,South America,409.56
2297,2026-02-24 00:00:00,CUST-177,Books,1,460.0,36.46,Shipped,5.0,North America,460.0
2298,2026-02-24 01:00:00,CUST-509,Clothing,3,391.1,16.74,Shipped,5.0,Asia,1173.3
2299,2026-02-24 02:00:00,CUST-673,Electronics,2,488.54,37.81,Cancelled,4.0,Europe,977.08
2300,2026-02-24 03:00:00,CUST-231,Electronics,2,116.0,37.24,Delivered,4.0,Europe,232.0
2301,2026-02-24 04:00:00,CUST-700,Beauty,2,78.99,25.67,Delivered,,Asia,157.98
2302,2026-02-24 05:00:00,CUST-848,Clothing,2,265.14,35.99,Delivered,1.0,South America,530.28
2303,2026-02-24 06:00:00,CUST-141,Clothing,4,416.23,25.01,Delivered,5.0,Asia,1664.92
2304,2026-02-24 07:00:00,CUST-188,Clothing,1,29.52,20.1,Delivered,4.0,North America,29.52
2305,2026-02-24 08:00:00,CUST-501,Clothing,1,497.83,25.99,Returned,4.0,Asia,497.83
2306,2026-02-24 09:00:00,CUST-395,Clothing,1,305.1,45.28,Shipped,5.0,South America,305.1
2307,2026-02-24 10:00:00,CUST-939,Beauty,1,489.68,22.31,Delivered,3.0,North America,489.68
2308,2026-02-24 11:00:00,CUST-394,Home Decor,1,188.89,23.17,Delivered,4.0,North America,188.89
2309,2026-02-24 12:00:00,CUST-715,Home Decor,2,234.43,32.38,Delivered,3.0,North America,468.86
2310,2026-02-24 13:00:00,CUST-625,Clothing,1,378.66,38.88,Delivered,4.0,Europe,378.66
2311,2026-02-24 14:00:00,CUST-899,Home Decor,5,398.42,38.06,Shipped,1.0,Europe,1992.1
2312,2026-02-24 15:00:00,CUST-790,Home Decor,1,124.19,5.89,Returned,5.0,North America,124.19
2313,2026-02-24 16:00:00,CUST-736,Electronics,1,465.6,35.93,Delivered,5.0,Asia,465.6
2314,2026-02-24 17:00:00,CUST-521,Home Decor,5,435.04,25.27,Shipped,5.0,Europe,2175.2
2315,2026-02-24 18:00:00,CUST-964,Electronics,3,18.92,28.58,Shipped,5.0,South America,56.76
2316,2026-02-24 19:00:00,CUST-122,Beauty,1,73.0,30.27,Delivered,5.0,Europe,73.0
2317,2026-02-24 20:00:00,CUST-674,Clothing,2,253.09,37.93,Delivered,4.0,Asia,506.18
2318,2026-02-24 21:00:00,CUST-242,Books,3,235.87,42.41,Delivered,5.0,Europe,707.61
2319,2026-02-24 22:00:00,CUST-764,Electronics,1,357.11,34.08,Shipped,4.0,Asia,357.11
2320,2026-02-24 23:00:00,CUST-244,Beauty,1,53.96,30.38,Delivered,4.0,Asia,53.96
2321,2026-02-25 00:00:00,CUST-324,Home Decor,3,325.98,21.82,Delivered,3.0,Europe,977.94
2322,2026-02-25 01:00:00,CUST-602,Beauty,2,312.02,11.2,Delivered,3.0,Asia,624.04
2323,2026-02-25 02:00:00,CUST-920,Clothing,1,124.47,48.14,Delivered,5.0,Asia,124.47
2324,2026-02-25 03:00:00,CUST-715,Clothing,2,275.77,25.78,Delivered,3.0,South America,551.54
2325,2026-02-25 04:00:00,CUST-203,Beauty,1,118.88,30.48,Delivered,4.0,North America,118.88
2326,2026-02-25 05:00:00,CUST-138,Electronics,3,81.99,38.8,Shipped,5.0,North America,245.97
2327,2026-02-25 06:00:00,CUST-297,Electronics,1,290.84,8.08,Delivered,4.0,Europe,290.84
2328,2026-02-25 07:00:00,CUST-745,Home Decor,3,488.96,43.48,Shipped,5.0,Asia,1466.88
2329,2026-02-25 08:00:00,CUST-678,Clothing,2,126.1,40.87,Cancelled,5.0,Europe,252.2
2330,2026-02-25 09:00:00,CUST-490,Electronics,1,184.11,39.85,Shipped,4.0,Europe,184.11
2331,2026-02-25 10:00:00,CUST-278,Electronics,1,135.72,5.99,Cancelled,2.0,North America,135.72
2332,2026-02-25 11:00:00,CUST-653,Electronics,2,140.57,28.69,Cancelled,4.0,Asia,281.14
2333,2026-02-25 12:00:00,CUST-547,Beauty,4,208.05,7.44,Delivered,4.0,Europe,832.2
2334,2026-02-25 13:00:00,CUST-599,Home Decor,1,353.91,29.79,Delivered,4.0,Europe,353.91
2335,2026-02-25 14:00:00,CUST-114,Beauty,1,29.01,37.33,Delivered,4.0,North America,29.01
2336,2026-02-25 15:00:00,CUST-722,Books,2,478.99,10.48,Delivered,5.0,North America,957.98
2337,2026-02-25 16:00:00,CUST-768,Clothing,3,32.68,36.27,Delivered,4.0,North America,98.04
2338,2026-02-25 17:00:00,CUST-388,Electronics,1,441.81,25.23,Delivered,3.0,Europe,441.81
2339,2026-02-25 18:00:00,CUST-577,Electronics,2,448.25,41.52,Delivered,4.0,Asia,896.5
2340,2026-02-25 19:00:00,CUST-330,Electronics,2,267.0,29.01,Delivered,5.0,North America,534.0
2341,2026-02-25 20:00:00,CUST-519,Books,1,77.13,20.13,Delivered,4.0,North America,77.13
2342,2026-02-25 21:00:00,CUST-256,Clothing,1,286.92,19.94,Cancelled,4.0,Asia,286.92
2343,2026-02-25 22:00:00,CUST-649,Electronics,1,318.03,45.39,Delivered,4.0,Europe,318.03
2344,2026-02-25 23:00:00,CUST-540,Clothing,3,430.3,25.38,Delivered,4.0,Europe,1290.9
2345,2026-02-26 00:00:00,CUST-196,Home Decor,2,279.94,23.26,Delivered,4.0,Asia,559.88
2346,2026-02-26 01:00:00,CUST-510,Home Decor,2,211.25,6.79,Delivered,5.0,North America,422.5
2347,2026-02-26 02:00:00,CUST-388,Electronics,1,420.76,21.39,Shipped,5.0,South America,420.76
2348,2026-02-26 03:00:00,CUST-353,Books,1,490.67,43.23,Delivered,5.0,Asia,490.67
2349,2026-02-26 04:00:00,CUST-295,Clothing,3,326.1,39.24,Delivered,5.0,South America,978.3
2350,2026-02-26 05:00:00,CUST-697,Electronics,1,438.45,14.94,Shipped,5.0,Europe,438.45
2351,2026-02-26 06:00:00,CUST-933,Beauty,2,303.38,23.59,Delivered,5.0,Europe,606.76
2352,2026-02-26 07:00:00,CUST-621,Electronics,2,348.0,13.85,Shipped,4.0,South America,696.0
2353,2026-02-26 08:00:00,CUST-616,Books,1,347.2,47.94,Delivered,5.0,North America,347.2
2354,2026-02-26 09:00:00,CUST-734,Books,1,355.35,31.92,Delivered,1.0,South America,355.35
2355,2026-02-26 10:00:00,CUST-941,Home Decor,1,167.3,38.95,Delivered,4.0,North America,167.3
2356,2026-02-26 11:00:00,CUST-964,Beauty,1,292.07,37.12,Delivered,4.0,Asia,292.07
2357,2026-02-26 12:00:00,CUST-217,Clothing,3,301.13,44.32,Delivered,5.0,Europe,903.39
2358,2026-02-26 13:00:00,CUST-905,Books,1,164.39,47.72,Delivered,4.0,Europe,164.39
2359,2026-02-26 14:00:00,CUST-258,Clothing,1,181.43,6.46,Shipped,5.0,South America,181.43
2360,2026-02-26 15:00:00,CUST-914,Home Decor,3,383.5,48.89,Delivered,5.0,Asia,1150.5
2361,2026-02-26 16:00:00,CUST-327,Books,1,295.53,44.17,Delivered,1.0,South America,295.53
2362,2026-02-26 17:00:00,CUST-976,Books,2,83.11,22.23,Delivered,4.0,South America,166.22
2363,2026-02-26 18:00:00,CUST-315,Beauty,1,420.44,42.67,Cancelled,3.0,South America,420.44
2364,2026-02-26 19:00:00,CUST-795,Clothing,1,442.73,38.15,Delivered,3.0,North America,442.73
2365,2026-02-26 20:00:00,CUST-114,Books,1,238.41,40.69,Delivered,5.0,Europe,238.41
2366,2026-02-26 21:00:00,CUST-256,Home Decor,1,112.36,14.93,Delivered,5.0,Europe,112.36
2367,2026-02-26 22:00:00,CUST-747,Books,3,474.33,34.19,Delivered,4.0,South America,1422.99
2368,2026-02-26 23:00:00,CUST-360,Home Decor,2,442.31,6.17,Delivered,5.0,North America,884.62
2369,2026-02-27 00:00:00,CUST-256,Clothing,1,129.75,43.17,Cancelled,5.0,Europe,129.75
2370,2026-02-27 01:00:00,CUST-146,Clothing,1,56.84,47.8,Delivered,4.0,North America,56.84
2371,2026-02-27 02:00:00,CUST-423,Home Decor,1,225.92,34.8,Delivered,5.0,Asia,225.92
2372,2026-02-27 03:00:00,CUST-943,Beauty,1,341.43,28.07,Delivered,3.0,North America,341.43
2373,2026-02-27 04:00:00,CUST-784,Clothing,1,95.94,37.66,Delivered,5.0,North America,95.94
2374,2026-02-27 05:00:00,CUST-229,Home Decor,2,261.47,19.69,Delivered,3.0,Asia,522.94
2375,2026-02-27 06:00:00,CUST-510,Clothing,3,218.45,33.19,Cancelled,5.0,Europe,655.35
2376,2026-02-27 07:00:00,CUST-194,Beauty,1,446.37,37.35,Delivered,4.0,Europe,446.37
2377,2026-02-27 08:00:00,CUST-726,Clothing,2,220.49,11.42,Shipped,5.0,North America,440.98
2378,2026-02-27 09:00:00,CUST-854,Electronics,3,271.55,11.3,Delivered,4.0,North America,814.65
2379,2026-02-27 10:00:00,CUST-391,Electronics,1,478.09,37.23,Delivered,1.0,Asia,478.09
2380,2026-02-27 11:00:00,CUST-893,Electronics,3,156.85,24.43,Delivered,4.0,Asia,470.55
2381,2026-02-27 12:00:00,CUST-910,Clothing,3,151.61,45.01,Delivered,5.0,Europe,454.83
2382,2026-02-27 13:00:00,CUST-382,Electronics,1,401.8,19.04,Delivered,5.0,Europe,401.8
2383,2026-02-27 14:00:00,CUST-168,Electronics,5,145.99,6.91,Shipped,5.0,Asia,729.95
2384,2026-02-27 15:00:00,CUST-759,Books,1,417.61,34.24,Delivered,5.0,North America,417.61
2385,2026-02-27 16:00:00,CUST-110,Beauty,1,56.81,35.79,Delivered,5.0,Asia,56.81
2386,2026-02-27 17:00:00,CUST-353,Clothing,3,64.52,29.91,Delivered,4.0,Europe,193.56
2387,2026-02-27 18:00:00,CUST-941,Books,1,451.65,35.75,Cancelled,1.0,North America,451.65
2388,2026-02-27 19:00:00,CUST-971,Electronics,1,275.0,28.57,Cancelled,5.0,South America,275.0
2389,2026-02-27 20:00:00,CUST-649,Home Decor,1,362.22,36.17,Delivered,5.0,South America,362.22
2390,2026-02-27 21:00:00,CUST-233,Home Decor,3,120.39,6.98,Delivered,4.0,Asia,361.17
2391,2026-02-27 22:00:00,CUST-811,Clothing,3,91.47,21.58,Delivered,5.0,Europe,274.41
2392,2026-02-27 23:00:00,CUST-122,Clothing,2,419.13,14.49,Delivered,5.0,North America,838.26
2393,2026-02-28 00:00:00,CUST-914,Clothing,4,185.73,9.47,Delivered,5.0,South America,742.92
2394,2026-02-28 01:00:00,CUST-445,Clothing,1,232.97,15.53,Delivered,5.0,North America,232.97
2395,2026-02-28 02:00:00,CUST-401,Home Decor,1,23.71,13.61,Shipped,2.0,North America,23.71
2396,2026-02-28 03:00:00,CUST-462,Electronics,2,199.08,48.79,Delivered,5.0,North America,398.16
2397,2026-02-28 04:00:00,CUST-495,Electronics,3,387.51,17.89,Delivered,4.0,North America,1162.53
2398,2026-02-28 05:00:00,CUST-317,Electronics,1,412.42,15.39,Delivered,4.0,Asia,412.42
2399,2026-02-28 06:00:00,CUST-240,Electronics,1,352.39,42.57,Delivered,4.0,North America,352.39
2400,2026-02-28 07:00:00,CUST-715,Clothing,3,349.17,23.86,Cancelled,5.0,South America,1047.51
2401,2026-02-28 08:00:00,CUST-309,Electronics,5,258.06,23.97,Delivered,5.0,South America,1290.3
2402,2026-02-28 09:00:00,CUST-722,Beauty,2,273.78,24.96,Shipped,5.0,Asia,547.56
2403,2026-02-28 10:00:00,CUST-715,Electronics,1,373.89,23.74,Delivered,5.0,South America,373.89
2404,2026-02-28 11:00:00,CUST-927,Electronics,5,131.18,19.7,Shipped,5.0,North America,655.9
2405,2026-02-28 12:00:00,CUST-782,Home Decor,3,123.44,17.89,Delivered,4.0,South America,370.32
2406,2026-02-28 13:00:00,CUST-559,Electronics,2,475.46,44.69,Delivered,5.0,Europe,950.92
2407,2026-02-28 14:00:00,CUST-455,Home Decor,3,23.57,12.28,Shipped,2.0,North America,70.71
2408,2026-02-28 15:00:00,CUST-423,Home Decor,3,78.34,13.15,Delivered,5.0,Asia,235.02
2409,2026-02-28 16:00:00,CUST-232,Electronics,4,289.46,30.73,Delivered,2.0,Europe,1157.84
2410,2026-02-28 17:00:00,CUST-987,Electronics,3,371.54,20.46,Delivered,4.0,South America,1114.62
2411,2026-02-28 18:00:00,CUST-904,Clothing,2,273.57,23.97,Delivered,4.0,Europe,547.14
2412,2026-02-28 19:00:00,CUST-939,Electronics,2,183.98,41.29,Delivered,5.0,South America,367.96
2413,2026-02-28 20:00:00,CUST-226,Electronics,1,489.21,45.66,Delivered,1.0,South America,489.21
2414,2026-02-28 21:00:00,CUST-205,Electronics,2,354.89,40.57,Delivered,4.0,South America,709.78
2415,2026-02-28 22:00:00,CUST-703,Electronics,3,417.38,15.57,Delivered,5.0,Asia,1252.14
2416,2026-02-28 23:00:00,CUST-898,Clothing,4,29.72,49.1,Delivered,3.0,Europe,118.88
2417,2026-03-01 00:00:00,CUST-477,Home Decor,1,125.6,21.34,Delivered,5.0,Asia,125.6
2418,2026-03-01 01:00:00,CUST-150,Home Decor,2,193.34,12.61,Delivered,5.0,South America,386.68
2419,2026-03-01 02:00:00,CUST-128,Electronics,1,99.47,27.48,Shipped,5.0,North America,99.47
2420,2026-03-01 03:00:00,CUST-561,Electronics,2,45.72,37.64,Delivered,4.0,North America,91.44
2421,2026-03-01 04:00:00,CUST-395,Beauty,2,120.29,8.75,Delivered,4.0,Asia,240.58
2422,2026-03-01 05:00:00,CUST-396,Home Decor,1,271.48,33.54,Delivered,3.0,North America,271.48
2423,2026-03-01 06:00:00,CUST-825,Beauty,2,350.92,43.61,Delivered,3.0,Europe,701.84
2424,2026-03-01 07:00:00,CUST-878,Clothing,1,389.27,16.78,Delivered,1.0,North America,389.27
2425,2026-03-01 08:00:00,CUST-506,Home Decor,1,31.04,36.19,Delivered,,North America,31.04
2426,2026-03-01 09:00:00,CUST-868,Clothing,3,219.71,23.0,Delivered,5.0,South America,659.13
2427,2026-03-01 10:00:00,CUST-913,Clothing,1,69.88,23.64,Delivered,4.0,Europe,69.88
2428,2026-03-01 11:00:00,CUST-712,Clothing,1,221.29,17.64,Delivered,4.0,Europe,221.29
2429,2026-03-01 12:00:00,CUST-504,Clothing,1,222.65,33.1,Delivered,5.0,North America,222.65
2430,2026-03-01 13:00:00,CUST-445,Electronics,1,254.12,21.24,Returned,4.0,South America,254.12
2431,2026-03-01 14:00:00,CUST-721,Clothing,3,447.49,42.39,Delivered,5.0,North America,1342.47
2432,2026-03-01 15:00:00,CUST-519,Beauty,1,404.5,48.33,Delivered,4.0,North America,404.5
2433,2026-03-01 16:00:00,CUST-281,Books,3,321.99,47.08,Delivered,5.0,Asia,965.97
2434,2026-03-01 17:00:00,CUST-924,Clothing,1,443.85,12.34,Shipped,5.0,South America,443.85
2435,2026-03-01 18:00:00,CUST-100,Clothing,1,342.45,5.64,Delivered,5.0,Asia,342.45
2436,2026-03-01 19:00:00,CUST-930,Electronics,1,411.24,24.73,Delivered,1.0,North America,411.24
2437,2026-03-01 20:00:00,CUST-666,Home Decor,2,286.25,37.8,Delivered,2.0,North America,572.5
2438,2026-03-01 21:00:00,CUST-470,Clothing,2,267.36,48.99,Shipped,,South America,534.72
2439,2026-03-01 22:00:00,CUST-760,Books,4,364.81,40.25,Shipped,5.0,Europe,1459.24
2440,2026-03-01 23:00:00,CUST-530,Clothing,2,19.65,31.12,Delivered,5.0,North America,39.3
2441,2026-03-02 00:00:00,CUST-408,Clothing,1,348.29,6.19,Shipped,5.0,North America,348.29
2442,2026-03-02 01:00:00,CUST-236,Home Decor,3,467.91,42.15,Delivered,1.0,Asia,1403.73
2443,2026-03-02 02:00:00,CUST-301,Beauty,4,359.83,12.97,Returned,4.0,Asia,1439.32
2444,2026-03-02 03:00:00,CUST-535,Clothing,1,28.03,7.5,Cancelled,4.0,South America,28.03
2445,2026-03-02 04:00:00,CUST-412,Clothing,1,195.16,43.27,Delivered,5.0,Asia,195.16
2446,2026-03-02 05:00:00,CUST-216,Books,2,406.69,30.48,Delivered,4.0,Europe,813.38
2447,2026-03-02 06:00:00,CUST-765,Electronics,1,479.72,10.78,Delivered,4.0,North America,479.72
2448,2026-03-02 07:00:00,CUST-902,Beauty,5,191.38,22.39,Delivered,,Asia,956.9
2449,2026-03-02 08:00:00,CUST-674,Electronics,1,422.19,8.85,Delivered,5.0,Europe,422.19
2450,2026-03-02 09:00:00,CUST-343,Beauty,1,433.27,33.71,Delivered,5.0,North America,433.27
2451,2026-03-02 10:00:00,CUST-636,Home Decor,5,70.41,17.71,Delivered,5.0,North America,352.05
2452,2026-03-02 11:00:00,CUST-701,Clothing,3,424.44,43.97,Returned,5.0,Europe,1273.32
2453,2026-03-02 12:00:00,CUST-174,Beauty,1,168.88,21.1,Delivered,3.0,North America,168.88
2454,2026-03-02 13:00:00,CUST-905,Electronics,4,300.69,27.26,Delivered,1.0,Europe,1202.76
2455,2026-03-02 14:00:00,CUST-485,Electronics,1,274.09,7.86,Delivered,5.0,Europe,274.09
2456,2026-03-02 15:00:00,CUST-309,Home Decor,1,334.9,17.4,Delivered,4.0,Asia,334.9
2457,2026-03-02 16:00:00,CUST-574,Clothing,4,372.83,35.45,Cancelled,4.0,South America,1491.32
2458,2026-03-02 17:00:00,CUST-517,Home Decor,2,226.03,38.13,Delivered,4.0,Europe,452.06
2459,2026-03-02 18:00:00,CUST-446,Electronics,1,445.27,15.93,Delivered,5.0,Asia,445.27
2460,2026-03-02 19:00:00,CUST-628,Electronics,1,406.65,27.67,Cancelled,4.0,North America,406.65
2461,2026-03-02 20:00:00,CUST-739,Electronics,2,394.86,41.79,Delivered,4.0,Asia,789.72
2462,2026-03-02 21:00:00,CUST-975,Electronics,1,234.54,22.1,Returned,4.0,Europe,234.54
2463,2026-03-02 22:00:00,CUST-862,Clothing,2,28.41,11.02,Delivered,4.0,Asia,56.82
2464,2026-03-02 23:00:00,CUST-278,Beauty,2,251.21,24.43,Delivered,5.0,South America,502.42
2465,2026-03-03 00:00:00,CUST-281,Books,1,450.24,32.03,Delivered,5.0,North America,450.24
2466,2026-03-03 01:00:00,CUST-763,Beauty,2,103.32,5.33,Cancelled,5.0,Asia,206.64
2467,2026-03-03 02:00:00,CUST-124,Electronics,3,491.47,20.69,Delivered,5.0,North America,1474.41
2468,2026-03-03 03:00:00,CUST-279,Clothing,1,405.77,32.33,Delivered,4.0,Europe,405.77
2469,2026-03-03 04:00:00,CUST-809,Electronics,1,357.82,47.84,Shipped,5.0,South America,357.82
2470,2026-03-03 05:00:00,CUST-600,Electronics,1,341.81,23.38,Delivered,4.0,South America,341.81
2471,2026-03-03 06:00:00,CUST-955,Clothing,2,297.64,12.33,Delivered,5.0,Asia,595.28
2472,2026-03-03 07:00:00,CUST-260,Electronics,3,363.13,29.04,Delivered,4.0,North America,1089.39
2473,2026-03-03 08:00:00,CUST-276,Electronics,1,216.73,17.86,Delivered,5.0,North America,216.73
2474,2026-03-03 09:00:00,CUST-384,Books,1,424.19,14.67,Delivered,2.0,Asia,424.19
2475,2026-03-03 10:00:00,CUST-162,Clothing,1,351.21,31.57,Cancelled,4.0,Asia,351.21
2476,2026-03-03 11:00:00,CUST-761,Clothing,2,387.91,46.21,Shipped,5.0,Asia,775.82
2477,2026-03-03 12:00:00,CUST-765,Electronics,1,398.32,42.59,Delivered,5.0,Asia,398.32
2478,2026-03-03 13:00:00,CUST-255,Electronics,3,55.11,13.2,Delivered,5.0,South America,165.33
2479,2026-03-03 14:00:00,CUST-981,Beauty,1,37.26,39.46,Delivered,5.0,Asia,37.26
2480,2026-03-03 15:00:00,CUST-568,Electronics,2,402.48,15.34,Delivered,3.0,North America,804.96
2481,2026-03-03 16:00:00,CUST-148,Clothing,2,137.1,18.08,Delivered,5.0,Europe,274.2
2482,2026-03-03 17:00:00,CUST-948,Electronics,2,295.17,46.4,Shipped,1.0,North America,590.34
2483,2026-03-03 18:00:00,CUST-183,Clothing,1,227.42,46.0,Delivered,5.0,Asia,227.42
2484,2026-03-03 19:00:00,CUST-460,Electronics,2,20.8,12.59,Delivered,5.0,South America,41.6
2485,2026-03-03 20:00:00,CUST-788,Beauty,1,29.74,7.89,Delivered,5.0,Asia,29.74
2486,2026-03-03 21:00:00,CUST-247,Beauty,1,415.29,18.19,Delivered,4.0,Europe,415.29
2487,2026-03-03 22:00:00,CUST-729,Beauty,2,307.76,31.18,Delivered,4.0,Asia,615.52
2488,2026-03-03 23:00:00,CUST-441,Electronics,2,266.68,44.46,Delivered,4.0,Europe,533.36
2489,2026-03-04 00:00:00,CUST-575,Beauty,1,472.73,10.35,Delivered,4.0,Asia,472.73
2490,2026-03-04 01:00:00,CUST-162,Clothing,1,94.83,23.67,Delivered,3.0,South America,94.83
2491,2026-03-04 02:00:00,CUST-800,Clothing,3,136.41,17.23,Delivered,5.0,North America,409.23
2492,2026-03-04 03:00:00,CUST-459,Home Decor,3,380.8,5.67,Delivered,4.0,Europe,1142.4
2493,2026-03-04 04:00:00,CUST-660,Electronics,1,389.87,40.48,Delivered,5.0,North America,389.87
2494,2026-03-04 05:00:00,CUST-426,Electronics,2,208.4,41.6,Delivered,1.0,Asia,416.8
2495,2026-03-04 06:00:00,CUST-868,Home Decor,1,475.98,14.96,Delivered,2.0,North America,475.98
2496,2026-03-04 07:00:00,CUST-835,Electronics,2,469.74,11.81,Cancelled,5.0,South America,939.48
2497,2026-03-04 08:00:00,CUST-240,Home Decor,3,16.08,11.51,Delivered,5.0,South America,48.24
2498,2026-03-04 09:00:00,CUST-314,Clothing,1,94.44,25.88,Delivered,4.0,North America,94.44
2499,2026-03-04 10:00:00,CUST-534,Beauty,3,411.91,16.09,Shipped,3.0,North America,1235.73
2500,2026-03-04 11:00:00,CUST-990,Books,1,174.26,28.01,Delivered,3.0,South America,174.26
2501,2026-03-04 12:00:00,CUST-822,Beauty,2,56.78,22.32,Shipped,5.0,Europe,113.56
2502,2026-03-04 13:00:00,CUST-417,Electronics,2,394.65,14.49,Delivered,5.0,Europe,789.3
2503,2026-03-04 14:00:00,CUST-131,Electronics,4,232.75,38.8,Cancelled,5.0,South America,931.0
2504,2026-03-04 15:00:00,CUST-769,Clothing,1,251.28,11.77,Delivered,2.0,South America,251.28
2505,2026-03-04 16:00:00,CUST-384,Electronics,1,101.32,40.95,Delivered,5.0,Europe,101.32
2506,2026-03-04 17:00:00,CUST-404,Electronics,1,333.84,30.27,Delivered,5.0,North America,333.84
2507,2026-03-04 18:00:00,CUST-528,Home Decor,5,280.11,42.44,Delivered,5.0,North America,1400.55
2508,2026-03-04 19:00:00,CUST-576,Clothing,2,111.27,5.21,Delivered,1.0,Asia,222.54
2509,2026-03-04 20:00:00,CUST-385,Books,2,176.76,38.71,Delivered,5.0,Europe,353.52
2510,2026-03-04 21:00:00,CUST-243,Electronics,1,302.47,7.32,Delivered,5.0,South America,302.47
2511,2026-03-04 22:00:00,CUST-523,Electronics,3,463.19,47.75,Delivered,5.0,Asia,1389.57
2512,2026-03-04 23:00:00,CUST-118,Electronics,3,460.98,36.62,Delivered,4.0,North America,1382.94
2513,2026-03-05 00:00:00,CUST-117,Books,2,151.07,19.41,Delivered,5.0,Europe,302.14
2514,2026-03-05 01:00:00,CUST-868,Beauty,1,370.45,19.39,Delivered,5.0,Asia,370.45
2515,2026-03-05 02:00:00,CUST-689,Beauty,1,390.0,43.77,Delivered,5.0,North America,390.0
2516,2026-03-05 03:00:00,CUST-470,Books,2,406.32,45.63,Delivered,5.0,South America,812.64
2517,2026-03-05 04:00:00,CUST-274,Clothing,2,289.67,45.12,Shipped,5.0,North America,579.34
2518,2026-03-05 05:00:00,CUST-293,Clothing,1,15.15,41.39,Delivered,5.0,North America,15.15
2519,2026-03-05 06:00:00,CUST-601,Clothing,2,383.22,41.86,Delivered,4.0,Europe,766.44
2520,2026-03-05 07:00:00,CUST-212,Home Decor,1,62.23,30.77,Delivered,4.0,South America,62.23
2521,2026-03-05 08:00:00,CUST-213,Clothing,3,67.27,6.27,Delivered,5.0,Europe,201.81
2522,2026-03-05 09:00:00,CUST-321,Clothing,2,306.76,8.9,Delivered,2.0,South America,613.52
2523,2026-03-05 10:00:00,CUST-777,Books,1,491.93,34.23,Delivered,5.0,Asia,491.93
2524,2026-03-05 11:00:00,CUST-930,Books,2,128.84,23.05,Cancelled,5.0,North America,257.68
2525,2026-03-05 12:00:00,CUST-743,Beauty,1,326.45,30.53,Cancelled,5.0,Europe,326.45
2526,2026-03-05 13:00:00,CUST-996,Beauty,1,158.79,15.4,Delivered,,South America,158.79
2527,2026-03-05 14:00:00,CUST-363,Home Decor,3,450.38,34.22,Delivered,4.0,Europe,1351.14
2528,2026-03-05 15:00:00,CUST-154,Electronics,1,300.82,15.93,Delivered,3.0,North America,300.82
2529,2026-03-05 16:00:00,CUST-970,Electronics,1,111.66,25.74,Delivered,4.0,North America,111.66
2530,2026-03-05 17:00:00,CUST-742,Home Decor,1,138.44,26.54,Delivered,5.0,Asia,138.44
2531,2026-03-05 18:00:00,CUST-899,Home Decor,1,221.92,13.0,Delivered,5.0,South America,221.92
2532,2026-03-05 19:00:00,CUST-877,Electronics,1,69.8,44.43,Delivered,4.0,South America,69.8
2533,2026-03-05 20:00:00,CUST-557,Books,1,48.58,28.66,Shipped,3.0,Asia,48.58
2534,2026-03-05 21:00:00,CUST-977,Electronics,2,343.23,44.01,Delivered,4.0,Asia,686.46
2535,2026-03-05 22:00:00,CUST-261,Electronics,1,209.51,16.81,Returned,5.0,South America,209.51
2536,2026-03-05 23:00:00,CUST-479,Home Decor,2,365.85,12.76,Delivered,5.0,South America,731.7
2537,2026-03-06 00:00:00,CUST-186,Electronics,1,63.93,5.81,Delivered,5.0,Europe,63.93
2538,2026-03-06 01:00:00,CUST-154,Electronics,1,308.83,9.22,Delivered,5.0,South America,308.83
2539,2026-03-06 02:00:00,CUST-575,Clothing,1,227.22,11.64,Delivered,5.0,Europe,227.22
2540,2026-03-06 03:00:00,CUST-899,Beauty,3,38.42,8.55,Delivered,4.0,Europe,115.26
2541,2026-03-06 04:00:00,CUST-277,Clothing,2,276.95,45.36,Delivered,4.0,Europe,553.9
2542,2026-03-06 05:00:00,CUST-490,Home Decor,3,50.57,46.01,Delivered,5.0,Europe,151.71
2543,2026-03-06 06:00:00,CUST-448,Home Decor,1,415.58,47.18,Delivered,5.0,North America,415.58
2544,2026-03-06 07:00:00,CUST-107,Electronics,3,319.66,48.19,Delivered,3.0,Asia,958.98
2545,2026-03-06 08:00:00,CUST-932,Books,1,282.91,27.13,Delivered,4.0,Asia,282.91
2546,2026-03-06 09:00:00,CUST-412,Electronics,1,75.4,28.85,Delivered,5.0,South America,75.4
2547,2026-03-06 10:00:00,CUST-858,Books,2,150.85,10.89,Returned,3.0,Asia,301.7
2548,2026-03-06 11:00:00,CUST-934,Clothing,1,251.51,11.17,Delivered,5.0,Asia,251.51
2549,2026-03-06 12:00:00,CUST-542,Books,5,320.31,39.77,Delivered,5.0,North America,1601.55
2550,2026-03-06 13:00:00,CUST-866,Electronics,1,99.78,43.51,Delivered,3.0,Europe,99.78
2551,2026-03-06 14:00:00,CUST-427,Clothing,5,14.34,40.31,Delivered,5.0,Europe,71.7
2552,2026-03-06 15:00:00,CUST-153,Electronics,2,178.93,42.56,Delivered,3.0,Europe,357.86
2553,2026-03-06 16:00:00,CUST-860,Electronics,2,246.61,17.45,Delivered,4.0,Asia,493.22
2554,2026-03-06 17:00:00,CUST-338,Home Decor,1,100.37,25.97,Delivered,4.0,Asia,100.37
2555,2026-03-06 18:00:00,CUST-328,Electronics,1,251.16,25.66,Delivered,5.0,South America,251.16
2556,2026-03-06 19:00:00,CUST-678,Home Decor,4,175.86,49.79,Delivered,5.0,North America,703.44
2557,2026-03-06 20:00:00,CUST-150,Electronics,1,232.99,47.71,Cancelled,3.0,North America,232.99
2558,2026-03-06 21:00:00,CUST-708,Clothing,2,180.25,31.93,Delivered,5.0,South America,360.5
2559,2026-03-06 22:00:00,CUST-703,Beauty,5,317.95,11.21,Shipped,1.0,South America,1589.75
2560,2026-03-06 23:00:00,CUST-363,Clothing,1,31.02,16.64,Returned,5.0,South America,31.02
2561,2026-03-07 00:00:00,CUST-517,Home Decor,2,93.74,21.37,Delivered,5.0,Europe,187.48
2562,2026-03-07 01:00:00,CUST-902,Home Decor,2,222.05,44.29,Cancelled,5.0,Europe,444.1
2563,2026-03-07 02:00:00,CUST-195,Beauty,1,184.59,12.68,Delivered,4.0,Europe,184.59
2564,2026-03-07 03:00:00,CUST-187,Clothing,1,201.9,14.89,Shipped,1.0,Europe,201.9
2565,2026-03-07 04:00:00,CUST-177,Home Decor,1,403.84,20.72,Delivered,4.0,South America,403.84
2566,2026-03-07 05:00:00,CUST-387,Books,1,444.3,46.71,Delivered,2.0,South America,444.3
2567,2026-03-07 06:00:00,CUST-219,Home Decor,2,131.85,27.67,Delivered,5.0,South America,263.7
2568,2026-03-07 07:00:00,CUST-913,Clothing,1,419.83,34.11,Cancelled,3.0,Europe,419.83
2569,2026-03-07 08:00:00,CUST-590,Home Decor,5,234.81,22.43,Cancelled,4.0,Europe,1174.05
2570,2026-03-07 09:00:00,CUST-551,Home Decor,1,144.17,13.48,Delivered,4.0,Asia,144.17
2571,2026-03-07 10:00:00,CUST-599,Home Decor,2,492.87,15.03,Delivered,5.0,South America,985.74
2572,2026-03-07 11:00:00,CUST-264,Electronics,2,414.15,41.12,Delivered,5.0,North America,828.3
2573,2026-03-07 12:00:00,CUST-281,Electronics,1,497.18,45.21,Delivered,4.0,North America,497.18
2574,2026-03-07 13:00:00,CUST-568,Beauty,1,92.41,27.19,Delivered,1.0,Asia,92.41
2575,2026-03-07 14:00:00,CUST-834,Electronics,3,80.48,21.06,Delivered,5.0,Europe,241.44
2576,2026-03-07 15:00:00,CUST-922,Home Decor,3,256.66,41.35,Shipped,2.0,South America,769.98
2577,2026-03-07 16:00:00,CUST-106,Clothing,1,322.94,35.29,Delivered,5.0,Europe,322.94
2578,2026-03-07 17:00:00,CUST-429,Clothing,1,93.82,6.84,Delivered,5.0,Europe,93.82
2579,2026-03-07 18:00:00,CUST-874,Electronics,1,431.61,20.78,Delivered,4.0,North America,431.61
2580,2026-03-07 19:00:00,CUST-772,Electronics,1,270.69,35.7,Delivered,4.0,North America,270.69
2581,2026-03-07 20:00:00,CUST-250,Books,2,211.36,30.82,Cancelled,1.0,South America,422.72
2582,2026-03-07 21:00:00,CUST-184,Beauty,3,305.01,49.01,Delivered,5.0,South America,915.03
2583,2026-03-07 22:00:00,CUST-246,Home Decor,1,321.13,43.98,Delivered,5.0,Europe,321.13
2584,2026-03-07 23:00:00,CUST-723,Clothing,5,30.96,7.69,Shipped,4.0,Europe,154.8
2585,2026-03-08 00:00:00,CUST-480,Home Decor,1,499.95,37.66,Delivered,4.0,Asia,499.95
2586,2026-03-08 01:00:00,CUST-647,Home Decor,2,188.32,20.13,Cancelled,5.0,Europe,376.64
2587,2026-03-08 02:00:00,CUST-384,Home Decor,1,40.16,35.69,Delivered,4.0,Asia,40.16
2588,2026-03-08 03:00:00,CUST-799,Electronics,1,427.64,32.78,Cancelled,3.0,Europe,427.64
2589,2026-03-08 04:00:00,CUST-181,Home Decor,1,496.58,27.64,Delivered,5.0,Europe,496.58
2590,2026-03-08 05:00:00,CUST-613,Beauty,1,410.02,43.38,Delivered,5.0,Europe,410.02
2591,2026-03-08 06:00:00,CUST-996,Books,2,427.42,36.89,Shipped,4.0,South America,854.84
2592,2026-03-08 07:00:00,CUST-914,Electronics,2,316.71,45.03,Delivered,3.0,South America,633.42
2593,2026-03-08 08:00:00,CUST-808,Home Decor,1,461.94,17.67,Delivered,5.0,South America,461.94
2594,2026-03-08 09:00:00,CUST-622,Home Decor,3,27.51,20.67,Delivered,4.0,Asia,82.53
2595,2026-03-08 10:00:00,CUST-845,Clothing,1,385.69,32.99,Delivered,5.0,Asia,385.69
2596,2026-03-08 11:00:00,CUST-485,Electronics,2,338.65,48.49,Delivered,5.0,South America,677.3
2597,2026-03-08 12:00:00,CUST-806,Clothing,1,34.3,21.72,Delivered,4.0,Asia,34.3
2598,2026-03-08 13:00:00,CUST-570,Clothing,1,276.55,6.45,Delivered,5.0,South America,276.55
2599,2026-03-08 14:00:00,CUST-218,Clothing,1,262.38,25.06,Shipped,4.0,North America,262.38
2600,2026-03-08 15:00:00,CUST-495,Home Decor,2,348.85,29.48,Delivered,5.0,South America,697.7
2601,2026-03-08 16:00:00,CUST-631,Home Decor,2,47.99,41.04,Delivered,5.0,North America,95.98
2602,2026-03-08 17:00:00,CUST-360,Home Decor,1,404.59,37.79,Delivered,5.0,Europe,404.59
2603,2026-03-08 18:00:00,CUST-904,Books,1,78.31,48.41,Delivered,5.0,Asia,78.31
2604,2026-03-08 19:00:00,CUST-355,Clothing,1,215.15,40.22,Delivered,4.0,Asia,215.15
2605,2026-03-08 20:00:00,CUST-833,Electronics,2,441.83,18.44,Delivered,2.0,South America,883.66
2606,2026-03-08 21:00:00,CUST-325,Home Decor,2,284.66,33.86,Delivered,1.0,Europe,569.32
2607,2026-03-08 22:00:00,CUST-152,Electronics,1,196.0,35.25,Delivered,5.0,Europe,196.0
2608,2026-03-08 23:00:00,CUST-966,Clothing,1,33.62,49.91,Returned,,Europe,33.62
2609,2026-03-09 00:00:00,CUST-599,Electronics,3,339.41,11.24,Cancelled,2.0,Europe,1018.23
2610,2026-03-09 01:00:00,CUST-605,Electronics,1,493.41,13.61,Delivered,4.0,Asia,493.41
2611,2026-03-09 02:00:00,CUST-953,Beauty,1,456.78,12.0,Shipped,3.0,South America,456.78
2612,2026-03-09 03:00:00,CUST-463,Electronics,1,361.48,31.51,Delivered,5.0,South America,361.48
2613,2026-03-09 04:00:00,CUST-379,Clothing,1,61.59,11.09,Delivered,4.0,North America,61.59
2614,2026-03-09 05:00:00,CUST-692,Electronics,2,127.33,34.52,Delivered,5.0,Asia,254.66
2615,2026-03-09 06:00:00,CUST-813,Home Decor,2,101.56,41.17,Shipped,3.0,North America,203.12
2616,2026-03-09 07:00:00,CUST-257,Clothing,1,184.18,24.48,Cancelled,4.0,Europe,184.18
2617,2026-03-09 08:00:00,CUST-731,Home Decor,2,125.4,30.23,Delivered,4.0,South America,250.8
2618,2026-03-09 09:00:00,CUST-158,Clothing,1,129.78,46.07,Delivered,4.0,North America,129.78
2619,2026-03-09 10:00:00,CUST-826,Electronics,3,312.2,30.63,Delivered,4.0,Asia,936.6
2620,2026-03-09 11:00:00,CUST-227,Clothing,2,166.16,14.39,Delivered,4.0,South America,332.32
2621,2026-03-09 12:00:00,CUST-835,Electronics,2,341.81,20.44,Delivered,3.0,Asia,683.62
2622,2026-03-09 13:00:00,CUST-820,Clothing,1,474.47,28.84,Shipped,4.0,South America,474.47
2623,2026-03-09 14:00:00,CUST-981,Clothing,1,322.85,11.97,Delivered,5.0,Asia,322.85
2624,2026-03-09 15:00:00,CUST-214,Books,1,378.31,32.56,Delivered,5.0,Asia,378.31
2625,2026-03-09 16:00:00,CUST-308,Electronics,2,378.27,49.97,Delivered,,South America,756.54
2626,2026-03-09 17:00:00,CUST-625,Home Decor,1,172.04,34.36,Delivered,4.0,Asia,172.04
2627,2026-03-09 18:00:00,CUST-620,Electronics,4,17.33,21.76,Delivered,5.0,Asia,69.32
2628,2026-03-09 19:00:00,CUST-651,Clothing,5,36.97,19.93,Delivered,4.0,Europe,184.85
2629,2026-03-09 20:00:00,CUST-336,Clothing,2,148.21,46.92,Returned,3.0,South America,296.42
2630,2026-03-09 21:00:00,CUST-380,Books,4,347.88,44.22,Delivered,4.0,North America,1391.52
2631,2026-03-09 22:00:00,CUST-458,Electronics,1,454.27,26.26,Delivered,3.0,South America,454.27
2632,2026-03-09 23:00:00,CUST-300,Electronics,1,479.81,20.9,Delivered,3.0,South America,479.81
2633,2026-03-10 00:00:00,CUST-857,Clothing,1,22.67,36.97,Delivered,1.0,Europe,22.67
2634,2026-03-10 01:00:00,CUST-377,Electronics,2,495.14,19.15,Shipped,4.0,North America,990.28
2635,2026-03-10 02:00:00,CUST-334,Electronics,1,168.02,10.37,Delivered,4.0,North America,168.02
2636,2026-03-10 03:00:00,CUST-593,Home Decor,4,423.05,18.96,Returned,5.0,North America,1692.2
2637,2026-03-10 04:00:00,CUST-103,Electronics,1,98.34,24.54,Returned,5.0,Asia,98.34
2638,2026-03-10 05:00:00,CUST-765,Electronics,1,40.82,16.49,Delivered,5.0,Asia,40.82
2639,2026-03-10 06:00:00,CUST-541,Home Decor,3,195.39,14.76,Returned,3.0,Asia,586.17
2640,2026-03-10 07:00:00,CUST-128,Clothing,1,430.87,5.28,Cancelled,4.0,North America,430.87
2641,2026-03-10 08:00:00,CUST-208,Electronics,1,118.2,33.39,Delivered,5.0,South America,118.2
2642,2026-03-10 09:00:00,CUST-709,Electronics,2,85.44,32.65,Delivered,4.0,South America,170.88
2643,2026-03-10 10:00:00,CUST-826,Home Decor,1,455.8,13.46,Delivered,5.0,North America,455.8
2644,2026-03-10 11:00:00,CUST-904,Electronics,1,469.79,47.46,Delivered,4.0,North America,469.79
2645,2026-03-10 12:00:00,CUST-174,Clothing,1,16.15,23.43,Delivered,4.0,Europe,16.15
2646,2026-03-10 13:00:00,CUST-937,Electronics,1,366.44,6.15,Delivered,3.0,Asia,366.44
2647,2026-03-10 14:00:00,CUST-245,Home Decor,4,161.51,14.89,Delivered,5.0,Asia,646.04
2648,2026-03-10 15:00:00,CUST-227,Clothing,3,193.61,36.14,Cancelled,2.0,Asia,580.83
2649,2026-03-10 16:00:00,CUST-952,Home Decor,1,239.86,14.07,Delivered,4.0,Europe,239.86
2650,2026-03-10 17:00:00,CUST-141,Beauty,1,219.13,7.43,Delivered,5.0,Europe,219.13
2651,2026-03-10 18:00:00,CUST-455,Home Decor,1,262.34,32.8,Delivered,5.0,Europe,262.34
2652,2026-03-10 19:00:00,CUST-140,Electronics,5,295.36,28.33,Delivered,5.0,North America,1476.8
2653,2026-03-10 20:00:00,CUST-133,Electronics,1,238.14,39.26,Delivered,1.0,Europe,238.14
2654,2026-03-10 21:00:00,CUST-116,Clothing,1,353.77,39.77,Delivered,5.0,South America,353.77
2655,2026-03-10 22:00:00,CUST-776,Electronics,2,362.11,48.2,Delivered,4.0,North America,724.22
2656,2026-03-10 23:00:00,CUST-252,Electronics,4,225.78,7.57,Shipped,3.0,North America,903.12
2657,2026-03-11 00:00:00,CUST-477,Beauty,1,79.81,6.75,Delivered,5.0,Asia,79.81
2658,2026-03-11 01:00:00,CUST-687,Clothing,1,323.91,49.42,Delivered,4.0,Asia,323.91
2659,2026-03-11 02:00:00,CUST-698,Clothing,1,388.75,34.02,Delivered,5.0,Europe,388.75
2660,2026-03-11 03:00:00,CUST-728,Home Decor,1,322.67,37.19,Delivered,5.0,South America,322.67
2661,2026-03-11 04:00:00,CUST-973,Home Decor,2,298.15,9.34,Cancelled,4.0,North America,596.3
2662,2026-03-11 05:00:00,CUST-441,Electronics,2,122.41,8.14,Delivered,5.0,North America,244.82
2663,2026-03-11 06:00:00,CUST-126,Beauty,2,326.12,12.21,Delivered,5.0,North America,652.24
2664,2026-03-11 07:00:00,CUST-924,Electronics,1,174.08,24.22,Delivered,5.0,Asia,174.08
2665,2026-03-11 08:00:00,CUST-386,Home Decor,1,460.58,9.96,Delivered,5.0,Asia,460.58
2666,2026-03-11 09:00:00,CUST-745,Beauty,1,330.32,25.09,Delivered,4.0,South America,330.32
2667,2026-03-11 10:00:00,CUST-830,Home Decor,1,146.31,30.27,Delivered,5.0,Asia,146.31
2668,2026-03-11 11:00:00,CUST-267,Home Decor,3,241.73,5.01,Delivered,4.0,South America,725.19
2669,2026-03-11 12:00:00,CUST-709,Electronics,1,424.82,10.14,Delivered,5.0,Asia,424.82
2670,2026-03-11 13:00:00,CUST-367,Clothing,1,174.38,21.88,Delivered,4.0,South America,174.38
2671,2026-03-11 14:00:00,CUST-848,Home Decor,1,267.47,7.4,Delivered,5.0,Asia,267.47
2672,2026-03-11 15:00:00,CUST-920,Clothing,1,343.04,11.01,Returned,5.0,Asia,343.04
2673,2026-03-11 16:00:00,CUST-554,Beauty,1,379.72,15.43,Returned,5.0,Europe,379.72
2674,2026-03-11 17:00:00,CUST-784,Clothing,3,95.21,24.33,Delivered,5.0,Europe,285.63
2675,2026-03-11 18:00:00,CUST-500,Electronics,1,286.92,37.17,Delivered,5.0,Europe,286.92
2676,2026-03-11 19:00:00,CUST-575,Electronics,2,456.98,10.97,Delivered,4.0,South America,913.96
2677,2026-03-11 20:00:00,CUST-801,Clothing,1,484.5,38.21,Delivered,,South America,484.5
2678,2026-03-11 21:00:00,CUST-733,Home Decor,1,331.51,43.48,Delivered,4.0,South America,331.51
2679,2026-03-11 22:00:00,CUST-657,Home Decor,4,491.99,34.32,Delivered,5.0,South America,1967.96
2680,2026-03-11 23:00:00,CUST-675,Home Decor,1,289.66,6.97,Delivered,4.0,Europe,289.66
2681,2026-03-12 00:00:00,CUST-229,Beauty,2,226.88,24.83,Delivered,4.0,North America,453.76
2682,2026-03-12 01:00:00,CUST-921,Beauty,1,280.28,34.7,Cancelled,3.0,Asia,280.28
2683,2026-03-12 02:00:00,CUST-462,Beauty,2,66.7,49.03,Cancelled,4.0,Asia,133.4
2684,2026-03-12 03:00:00,CUST-804,Electronics,3,206.84,47.83,Delivered,4.0,South America,620.52
2685,2026-03-12 04:00:00,CUST-918,Home Decor,3,234.62,22.81,Delivered,4.0,Europe,703.86
2686,2026-03-12 05:00:00,CUST-792,Electronics,3,425.83,32.72,Delivered,4.0,North America,1277.49
2687,2026-03-12 06:00:00,CUST-391,Electronics,2,381.74,45.09,Delivered,5.0,Europe,763.48
2688,2026-03-12 07:00:00,CUST-470,Home Decor,1,304.7,42.4,Cancelled,4.0,Asia,304.7
2689,2026-03-12 08:00:00,CUST-893,Clothing,2,180.17,26.57,Shipped,5.0,South America,360.34
2690,2026-03-12 09:00:00,CUST-128,Electronics,2,101.65,16.76,Delivered,5.0,South America,203.3
2691,2026-03-12 10:00:00,CUST-248,Electronics,1,180.4,11.17,Delivered,3.0,Europe,180.4
2692,2026-03-12 11:00:00,CUST-878,Electronics,1,343.1,26.96,Delivered,4.0,South America,343.1
2693,2026-03-12 12:00:00,CUST-395,Books,3,138.89,37.53,Delivered,5.0,North America,416.67
2694,2026-03-12 13:00:00,CUST-110,Electronics,1,219.17,48.64,Shipped,,Asia,219.17
2695,2026-03-12 14:00:00,CUST-611,Electronics,1,199.52,43.78,Delivered,5.0,North America,199.52
2696,2026-03-12 15:00:00,CUST-775,Clothing,3,385.14,14.19,Delivered,4.0,Europe,1155.42
2697,2026-03-12 16:00:00,CUST-212,Clothing,1,443.06,37.39,Delivered,5.0,Asia,443.06
2698,2026-03-12 17:00:00,CUST-286,Books,1,352.69,18.01,Delivered,5.0,North America,352.69
2699,2026-03-12 18:00:00,CUST-906,Electronics,2,177.39,35.76,Delivered,5.0,North America,354.78
2700,2026-03-12 19:00:00,CUST-843,Clothing,1,222.26,34.96,Delivered,5.0,North America,222.26
2701,2026-03-12 20:00:00,CUST-326,Home Decor,2,80.24,17.26,Delivered,5.0,Asia,160.48
2702,2026-03-12 21:00:00,CUST-409,Books,1,92.37,15.55,Delivered,5.0,Asia,92.37
2703,2026-03-12 22:00:00,CUST-197,Home Decor,1,90.5,9.68,Delivered,5.0,South America,90.5
2704,2026-03-12 23:00:00,CUST-154,Beauty,1,73.99,7.27,Delivered,4.0,Europe,73.99
2705,2026-03-13 00:00:00,CUST-722,Electronics,4,97.99,43.63,Cancelled,4.0,South America,391.96
2706,2026-03-13 01:00:00,CUST-763,Clothing,1,109.32,7.24,Delivered,4.0,Europe,109.32
2707,2026-03-13 02:00:00,CUST-857,Clothing,1,64.8,8.99,Delivered,5.0,Asia,64.8
2708,2026-03-13 03:00:00,CUST-505,Beauty,1,323.73,15.75,Delivered,4.0,North America,323.73
2709,2026-03-13 04:00:00,CUST-168,Electronics,1,495.3,44.94,Delivered,3.0,South America,495.3
2710,2026-03-13 05:00:00,CUST-411,Electronics,1,440.8,19.98,Delivered,5.0,Asia,440.8
2711,2026-03-13 06:00:00,CUST-388,Clothing,1,32.35,13.63,Delivered,4.0,Asia,32.35
2712,2026-03-13 07:00:00,CUST-861,Electronics,2,217.3,37.2,Returned,5.0,Asia,434.6
2713,2026-03-13 08:00:00,CUST-647,Electronics,1,431.06,19.36,Delivered,5.0,South America,431.06
2714,2026-03-13 09:00:00,CUST-850,Books,3,75.99,20.0,Delivered,5.0,Asia,227.97
2715,2026-03-13 10:00:00,CUST-247,Clothing,2,425.35,38.25,Delivered,5.0,Europe,850.7
2716,2026-03-13 11:00:00,CUST-566,Home Decor,1,300.42,16.32,Shipped,5.0,Europe,300.42
2717,2026-03-13 12:00:00,CUST-838,Home Decor,1,466.34,45.35,Shipped,5.0,North America,466.34
2718,2026-03-13 13:00:00,CUST-343,Clothing,2,439.26,30.26,Delivered,3.0,South America,878.52
2719,2026-03-13 14:00:00,CUST-590,Electronics,2,341.75,29.2,Delivered,4.0,South America,683.5
2720,2026-03-13 15:00:00,CUST-948,Electronics,1,332.33,16.91,Shipped,1.0,South America,332.33
2721,2026-03-13 16:00:00,CUST-606,Clothing,4,114.45,42.58,Delivered,5.0,South America,457.8
2722,2026-03-13 17:00:00,CUST-464,Home Decor,1,67.21,30.77,Delivered,5.0,South America,67.21
2723,2026-03-13 18:00:00,CUST-581,Clothing,1,213.54,12.0,Delivered,,Asia,213.54
2724,2026-03-13 19:00:00,CUST-300,Electronics,1,101.42,14.28,Delivered,,Asia,101.42
2725,2026-03-13 20:00:00,CUST-253,Clothing,4,60.18,26.07,Delivered,4.0,Europe,240.72
2726,2026-03-13 21:00:00,CUST-549,Books,2,158.14,40.08,Delivered,4.0,South America,316.28
2727,2026-03-13 22:00:00,CUST-600,Beauty,3,431.64,47.27,Delivered,4.0,South America,1294.92
2728,2026-03-13 23:00:00,CUST-172,Beauty,1,18.4,34.86,Delivered,5.0,South America,18.4
2729,2026-03-14 00:00:00,CUST-812,Beauty,1,153.39,27.78,Delivered,5.0,Europe,153.39
2730,2026-03-14 01:00:00,CUST-395,Clothing,1,217.79,16.28,Delivered,4.0,South America,217.79
2731,2026-03-14 02:00:00,CUST-116,Beauty,3,260.18,35.28,Delivered,5.0,South America,780.54
2732,2026-03-14 03:00:00,CUST-740,Electronics,1,98.97,49.2,Delivered,4.0,Asia,98.97
2733,2026-03-14 04:00:00,CUST-316,Home Decor,1,482.47,26.43,Delivered,5.0,Europe,482.47
2734,2026-03-14 05:00:00,CUST-160,Home Decor,1,293.65,12.3,Delivered,4.0,Asia,293.65
2735,2026-03-14 06:00:00,CUST-715,Electronics,3,265.83,9.65,Delivered,5.0,North America,797.49
2736,2026-03-14 07:00:00,CUST-141,Beauty,1,14.32,17.12,Delivered,5.0,South America,14.32
2737,2026-03-14 08:00:00,CUST-124,Books,1,248.0,30.62,Delivered,5.0,North America,248.0
2738,2026-03-14 09:00:00,CUST-138,Electronics,1,420.46,47.61,Delivered,5.0,South America,420.46
2739,2026-03-14 10:00:00,CUST-902,Beauty,5,117.63,18.46,Delivered,4.0,North America,588.15
2740,2026-03-14 11:00:00,CUST-230,Electronics,3,182.09,18.74,Shipped,5.0,Asia,546.27
2741,2026-03-14 12:00:00,CUST-597,Home Decor,2,20.08,26.65,Delivered,4.0,Europe,40.16
2742,2026-03-14 13:00:00,CUST-328,Clothing,1,488.69,46.33,Shipped,4.0,North America,488.69
2743,2026-03-14 14:00:00,CUST-207,Clothing,1,42.66,23.86,Delivered,5.0,Asia,42.66
2744,2026-03-14 15:00:00,CUST-271,Books,4,450.13,15.05,Cancelled,4.0,North America,1800.52
2745,2026-03-14 16:00:00,CUST-534,Beauty,1,163.36,12.34,Delivered,3.0,North America,163.36
2746,2026-03-14 17:00:00,CUST-577,Beauty,1,297.9,25.57,Delivered,5.0,Europe,297.9
2747,2026-03-14 18:00:00,CUST-201,Electronics,1,342.86,41.03,Delivered,5.0,Asia,342.86
2748,2026-03-14 19:00:00,CUST-965,Books,4,79.01,18.11,Cancelled,5.0,Europe,316.04
2749,2026-03-14 20:00:00,CUST-623,Electronics,1,227.44,28.06,Delivered,5.0,South America,227.44
2750,2026-03-14 21:00:00,CUST-374,Beauty,2,169.48,32.14,Shipped,5.0,Europe,338.96
2751,2026-03-14 22:00:00,CUST-712,Clothing,3,37.74,25.27,Delivered,5.0,Europe,113.22
2752,2026-03-14 23:00:00,CUST-143,Electronics,1,418.26,13.63,Delivered,5.0,North America,418.26
2753,2026-03-15 00:00:00,CUST-916,Home Decor,1,32.13,46.48,Shipped,4.0,North America,32.13
2754,2026-03-15 01:00:00,CUST-116,Electronics,5,330.1,30.45,Returned,5.0,North America,1650.5
2755,2026-03-15 02:00:00,CUST-429,Electronics,4,163.9,37.81,Delivered,2.0,Asia,655.6
2756,2026-03-15 03:00:00,CUST-668,Clothing,3,104.14,33.62,Delivered,5.0,Europe,312.42
2757,2026-03-15 04:00:00,CUST-922,Electronics,2,336.87,49.91,Delivered,5.0,South America,673.74
2758,2026-03-15 05:00:00,CUST-596,Electronics,1,291.52,25.53,Delivered,4.0,North America,291.52
2759,2026-03-15 06:00:00,CUST-914,Electronics,4,164.48,24.12,Delivered,5.0,South America,657.92
2760,2026-03-15 07:00:00,CUST-111,Clothing,1,261.35,21.21,Delivered,5.0,Europe,261.35
2761,2026-03-15 08:00:00,CUST-417,Electronics,3,130.66,21.27,Delivered,5.0,Europe,391.98
2762,2026-03-15 09:00:00,CUST-691,Home Decor,4,433.21,17.41,Shipped,3.0,Europe,1732.84
2763,2026-03-15 10:00:00,CUST-315,Electronics,2,163.77,49.13,Delivered,5.0,South America,327.54
2764,2026-03-15 11:00:00,CUST-438,Books,3,130.12,44.19,Delivered,4.0,South America,390.36
2765,2026-03-15 12:00:00,CUST-875,Beauty,3,378.4,19.25,Delivered,5.0,South America,1135.2
2766,2026-03-15 13:00:00,CUST-760,Electronics,1,18.62,18.74,Shipped,4.0,Europe,18.62
2767,2026-03-15 14:00:00,CUST-180,Beauty,2,141.33,9.66,Delivered,2.0,Europe,282.66
2768,2026-03-15 15:00:00,CUST-826,Beauty,1,193.94,44.47,Delivered,4.0,North America,193.94
2769,2026-03-15 16:00:00,CUST-584,Books,2,442.3,21.73,Returned,4.0,Asia,884.6
2770,2026-03-15 17:00:00,CUST-473,Home Decor,1,475.72,30.77,Delivered,5.0,South America,475.72
2771,2026-03-15 18:00:00,CUST-809,Electronics,1,361.07,45.52,Delivered,3.0,Asia,361.07
2772,2026-03-15 19:00:00,CUST-299,Home Decor,3,251.34,23.36,Shipped,5.0,South America,754.02
2773,2026-03-15 20:00:00,CUST-636,Home Decor,5,323.9,41.31,Delivered,5.0,South America,1619.5
2774,2026-03-15 21:00:00,CUST-565,Home Decor,1,212.86,24.36,Returned,5.0,Asia,212.86
2775,2026-03-15 22:00:00,CUST-188,Clothing,2,156.42,36.54,Shipped,4.0,Asia,312.84
2776,2026-03-15 23:00:00,CUST-367,Beauty,2,475.84,24.4,Delivered,5.0,South America,951.68
2777,2026-03-16 00:00:00,CUST-754,Books,4,66.54,22.67,Delivered,1.0,Europe,266.16
2778,2026-03-16 01:00:00,CUST-670,Electronics,1,179.73,49.58,Delivered,4.0,North America,179.73
2779,2026-03-16 02:00:00,CUST-588,Electronics,2,450.55,32.56,Shipped,5.0,South America,901.1
2780,2026-03-16 03:00:00,CUST-976,Electronics,4,364.34,21.53,Delivered,1.0,North America,1457.36
2781,2026-03-16 04:00:00,CUST-637,Beauty,1,24.26,16.6,Delivered,5.0,Europe,24.26
2782,2026-03-16 05:00:00,CUST-146,Home Decor,4,21.32,6.79,Delivered,3.0,Europe,85.28
2783,2026-03-16 06:00:00,CUST-387,Home Decor,4,263.09,36.8,Shipped,3.0,North America,1052.36
2784,2026-03-16 07:00:00,CUST-877,Clothing,4,247.28,21.75,Delivered,3.0,South America,989.12
2785,2026-03-16 08:00:00,CUST-115,Home Decor,1,227.07,41.96,Delivered,5.0,North America,227.07
2786,2026-03-16 09:00:00,CUST-810,Clothing,1,158.15,21.37,Delivered,4.0,South America,158.15
2787,2026-03-16 10:00:00,CUST-500,Clothing,3,493.45,21.8,Shipped,3.0,Asia,1480.35
2788,2026-03-16 11:00:00,CUST-893,Beauty,1,143.27,40.06,Delivered,5.0,South America,143.27
2789,2026-03-16 12:00:00,CUST-185,Books,2,250.12,27.03,Delivered,5.0,Asia,500.24
2790,2026-03-16 13:00:00,CUST-349,Books,1,208.4,44.82,Delivered,5.0,Asia,208.4
2791,2026-03-16 14:00:00,CUST-490,Books,1,93.42,31.56,Delivered,2.0,North America,93.42
2792,2026-03-16 15:00:00,CUST-881,Clothing,1,109.28,15.83,Delivered,2.0,Asia,109.28
2793,2026-03-16 16:00:00,CUST-434,Clothing,2,459.97,30.57,Delivered,5.0,North America,919.94
2794,2026-03-16 17:00:00,CUST-728,Home Decor,1,430.56,5.18,Delivered,5.0,North America,430.56
2795,2026-03-16 18:00:00,CUST-618,Books,2,107.53,19.06,Delivered,5.0,Europe,215.06
2796,2026-03-16 19:00:00,CUST-236,Electronics,2,439.07,14.36,Cancelled,5.0,North America,878.14
2797,2026-03-16 20:00:00,CUST-982,Clothing,2,112.5,34.44,Delivered,2.0,Europe,225.0
2798,2026-03-16 21:00:00,CUST-787,Electronics,2,317.01,11.12,Delivered,4.0,Europe,634.02
2799,2026-03-16 22:00:00,CUST-939,Home Decor,1,49.83,18.05,Shipped,5.0,North America,49.83
2800,2026-03-16 23:00:00,CUST-597,Clothing,1,441.38,19.91,Shipped,4.0,South America,441.38
2801,2026-03-17 00:00:00,CUST-926,Clothing,1,35.24,5.15,Delivered,5.0,South America,35.24
2802,2026-03-17 01:00:00,CUST-826,Electronics,2,281.92,7.1,Returned,4.0,North America,563.84
2803,2026-03-17 02:00:00,CUST-576,Clothing,2,392.06,19.0,Delivered,5.0,Asia,784.12
2804,2026-03-17 03:00:00,CUST-693,Beauty,1,67.25,15.01,Returned,4.0,North America,67.25
2805,2026-03-17 04:00:00,CUST-322,Electronics,1,208.2,10.26,Delivered,3.0,Asia,208.2
2806,2026-03-17 05:00:00,CUST-471,Home Decor,2,30.56,11.94,Delivered,5.0,South America,61.12
2807,2026-03-17 06:00:00,CUST-501,Home Decor,1,344.55,42.6,Delivered,5.0,Asia,344.55
2808,2026-03-17 07:00:00,CUST-542,Beauty,4,160.65,35.75,Returned,1.0,North America,642.6
2809,2026-03-17 08:00:00,CUST-589,Electronics,1,284.1,26.79,Delivered,4.0,Asia,284.1
2810,2026-03-17 09:00:00,CUST-714,Books,4,467.04,45.9,Cancelled,5.0,Europe,1868.16
2811,2026-03-17 10:00:00,CUST-372,Home Decor,1,159.87,6.33,Delivered,5.0,Europe,159.87
2812,2026-03-17 11:00:00,CUST-625,Books,1,33.83,20.52,Delivered,4.0,North America,33.83
2813,2026-03-17 12:00:00,CUST-258,Books,1,341.06,42.05,Delivered,5.0,North America,341.06
2814,2026-03-17 13:00:00,CUST-251,Electronics,1,395.55,33.27,Delivered,4.0,North America,395.55
2815,2026-03-17 14:00:00,CUST-719,Electronics,1,479.36,49.18,Delivered,5.0,South America,479.36
2816,2026-03-17 15:00:00,CUST-287,Electronics,1,87.32,47.5,Delivered,5.0,South America,87.32
2817,2026-03-17 16:00:00,CUST-912,Clothing,2,202.15,12.65,Cancelled,3.0,South America,404.3
2818,2026-03-17 17:00:00,CUST-197,Electronics,1,423.63,48.74,Delivered,5.0,Europe,423.63
2819,2026-03-17 18:00:00,CUST-230,Electronics,3,405.37,47.55,Cancelled,4.0,Asia,1216.11
2820,2026-03-17 19:00:00,CUST-904,Clothing,1,316.15,21.81,Delivered,3.0,Europe,316.15
2821,2026-03-17 20:00:00,CUST-270,Electronics,4,141.99,49.23,Delivered,5.0,Asia,567.96
2822,2026-03-17 21:00:00,CUST-282,Electronics,2,149.18,6.61,Delivered,4.0,Asia,298.36
2823,2026-03-17 22:00:00,CUST-463,Clothing,1,70.76,34.73,Shipped,5.0,North America,70.76
2824,2026-03-17 23:00:00,CUST-138,Electronics,1,461.71,16.98,Delivered,2.0,North America,461.71
2825,2026-03-18 00:00:00,CUST-626,Clothing,1,94.74,10.83,Cancelled,5.0,South America,94.74
2826,2026-03-18 01:00:00,CUST-987,Clothing,1,290.71,30.99,Delivered,3.0,North America,290.71
2827,2026-03-18 02:00:00,CUST-596,Clothing,2,296.33,18.79,Cancelled,4.0,Europe,592.66
2828,2026-03-18 03:00:00,CUST-615,Beauty,2,191.11,35.01,Shipped,5.0,Europe,382.22
2829,2026-03-18 04:00:00,CUST-448,Clothing,4,182.73,29.3,Delivered,4.0,Europe,730.92
2830,2026-03-18 05:00:00,CUST-496,Clothing,2,337.61,22.67,Delivered,5.0,North America,675.22
2831,2026-03-18 06:00:00,CUST-821,Clothing,4,200.27,13.18,Delivered,5.0,North America,801.08
2832,2026-03-18 07:00:00,CUST-260,Beauty,4,135.01,32.06,Shipped,4.0,Asia,540.04
2833,2026-03-18 08:00:00,CUST-115,Beauty,3,205.57,42.32,Delivered,5.0,Asia,616.71
2834,2026-03-18 09:00:00,CUST-592,Beauty,1,405.75,32.0,Delivered,4.0,North America,405.75
2835,2026-03-18 10:00:00,CUST-525,Home Decor,1,483.57,32.47,Delivered,4.0,Europe,483.57
2836,2026-03-18 11:00:00,CUST-207,Electronics,1,321.62,28.03,Delivered,4.0,North America,321.62
2837,2026-03-18 12:00:00,CUST-993,Electronics,2,393.23,22.47,Delivered,5.0,South America,786.46
2838,2026-03-18 13:00:00,CUST-549,Electronics,1,271.08,25.59,Delivered,5.0,South America,271.08
2839,2026-03-18 14:00:00,CUST-410,Books,1,316.16,49.53,Delivered,5.0,Europe,316.16
2840,2026-03-18 15:00:00,CUST-838,Home Decor,1,494.16,38.74,Cancelled,5.0,South America,494.16
2841,2026-03-18 16:00:00,CUST-269,Home Decor,1,224.83,24.38,Shipped,5.0,North America,224.83
2842,2026-03-18 17:00:00,CUST-645,Clothing,2,42.46,25.58,Delivered,5.0,North America,84.92
2843,2026-03-18 18:00:00,CUST-513,Beauty,1,478.93,27.48,Shipped,3.0,Asia,478.93
2844,2026-03-18 19:00:00,CUST-350,Electronics,2,398.6,34.67,Delivered,3.0,South America,797.2
2845,2026-03-18 20:00:00,CUST-858,Electronics,3,205.17,25.97,Delivered,4.0,South America,615.51
2846,2026-03-18 21:00:00,CUST-880,Clothing,1,491.37,35.88,Delivered,5.0,South America,491.37
2847,2026-03-18 22:00:00,CUST-240,Home Decor,2,179.31,19.81,Returned,5.0,South America,358.62
2848,2026-03-18 23:00:00,CUST-373,Clothing,3,192.34,23.48,Returned,5.0,Europe,577.02
2849,2026-03-19 00:00:00,CUST-515,Beauty,1,308.77,43.88,Delivered,1.0,Europe,308.77
2850,2026-03-19 01:00:00,CUST-707,Electronics,1,144.43,19.8,Delivered,4.0,North America,144.43
2851,2026-03-19 02:00:00,CUST-838,Home Decor,1,352.3,48.4,Delivered,5.0,South America,352.3
2852,2026-03-19 03:00:00,CUST-990,Clothing,2,84.9,12.76,Delivered,4.0,Asia,169.8
2853,2026-03-19 04:00:00,CUST-138,Electronics,2,62.93,15.88,Delivered,5.0,North America,125.86
2854,2026-03-19 05:00:00,CUST-913,Beauty,1,272.09,25.87,Delivered,3.0,North America,272.09
2855,2026-03-19 06:00:00,CUST-128,Beauty,1,282.19,40.88,Delivered,5.0,Europe,282.19
2856,2026-03-19 07:00:00,CUST-576,Home Decor,1,62.26,37.92,Delivered,5.0,North America,62.26
2857,2026-03-19 08:00:00,CUST-417,Beauty,3,482.45,12.85,Delivered,5.0,Asia,1447.35
2858,2026-03-19 09:00:00,CUST-344,Home Decor,1,290.91,15.65,Delivered,,South America,290.91
2859,2026-03-19 10:00:00,CUST-847,Electronics,3,84.01,30.89,Delivered,5.0,North America,252.03
2860,2026-03-19 11:00:00,CUST-796,Home Decor,1,162.61,18.28,Returned,4.0,Asia,162.61
2861,2026-03-19 12:00:00,CUST-371,Clothing,2,402.11,24.0,Delivered,5.0,Europe,804.22
2862,2026-03-19 13:00:00,CUST-539,Electronics,2,266.38,26.9,Delivered,5.0,Europe,532.76
2863,2026-03-19 14:00:00,CUST-847,Electronics,2,102.19,31.74,Delivered,4.0,South America,204.38
2864,2026-03-19 15:00:00,CUST-338,Home Decor,1,60.4,16.3,Delivered,5.0,North America,60.4
2865,2026-03-19 16:00:00,CUST-476,Home Decor,3,221.08,12.34,Delivered,5.0,Asia,663.24
2866,2026-03-19 17:00:00,CUST-365,Electronics,1,175.33,22.94,Delivered,5.0,Europe,175.33
2867,2026-03-19 18:00:00,CUST-458,Home Decor,1,331.4,8.69,Delivered,3.0,Asia,331.4
2868,2026-03-19 19:00:00,CUST-439,Books,2,463.37,28.7,Delivered,4.0,Europe,926.74
2869,2026-03-19 20:00:00,CUST-488,Electronics,3,131.39,42.78,Delivered,5.0,Europe,394.17
2870,2026-03-19 21:00:00,CUST-676,Electronics,2,429.06,10.35,Returned,5.0,South America,858.12
2871,2026-03-19 22:00:00,CUST-788,Beauty,1,461.03,10.07,Delivered,4.0,Asia,461.03
2872,2026-03-19 23:00:00,CUST-102,Electronics,2,451.98,8.61,Delivered,1.0,Asia,903.96
2873,2026-03-20 00:00:00,CUST-528,Home Decor,2,476.52,43.15,Delivered,4.0,Asia,953.04
2874,2026-03-20 01:00:00,CUST-241,Electronics,4,422.63,8.63,Delivered,4.0,Europe,1690.52
2875,2026-03-20 02:00:00,CUST-475,Clothing,3,300.81,49.26,Cancelled,4.0,South America,902.43
2876,2026-03-20 03:00:00,CUST-769,Home Decor,2,210.82,21.12,Delivered,4.0,Asia,421.64
2877,2026-03-20 04:00:00,CUST-423,Home Decor,1,250.93,19.79,Delivered,5.0,North America,250.93
2878,2026-03-20 05:00:00,CUST-245,Beauty,3,437.58,9.12,Delivered,1.0,Asia,1312.74
2879,2026-03-20 06:00:00,CUST-392,Beauty,2,157.69,31.35,Returned,5.0,Europe,315.38
2880,2026-03-20 07:00:00,CUST-764,Beauty,5,88.04,31.36,Delivered,5.0,South America,440.2
2881,2026-03-20 08:00:00,CUST-531,Home Decor,1,79.0,27.22,Delivered,5.0,Asia,79.0
2882,2026-03-20 09:00:00,CUST-804,Electronics,1,415.23,19.0,Delivered,5.0,Asia,415.23
2883,2026-03-20 10:00:00,CUST-684,Clothing,1,383.13,21.59,Shipped,5.0,Asia,383.13
2884,2026-03-20 11:00:00,CUST-498,Electronics,2,253.85,19.42,Delivered,5.0,North America,507.7
2885,2026-03-20 12:00:00,CUST-916,Beauty,4,144.69,24.18,Delivered,5.0,Europe,578.76
2886,2026-03-20 13:00:00,CUST-988,Clothing,1,342.03,20.38,Delivered,1.0,North America,342.03
2887,2026-03-20 14:00:00,CUST-443,Home Decor,2,28.83,35.4,Delivered,1.0,North America,57.66
2888,2026-03-20 15:00:00,CUST-239,Electronics,2,288.43,18.31,Shipped,5.0,Europe,576.86
2889,2026-03-20 16:00:00,CUST-286,Beauty,2,205.23,20.79,Delivered,5.0,Europe,410.46
2890,2026-03-20 17:00:00,CUST-904,Beauty,1,489.15,24.6,Delivered,5.0,Asia,489.15
2891,2026-03-20 18:00:00,CUST-160,Clothing,3,258.7,5.18,Returned,4.0,Europe,776.1
2892,2026-03-20 19:00:00,CUST-479,Beauty,1,280.61,27.14,Delivered,3.0,Asia,280.61
2893,2026-03-20 20:00:00,CUST-809,Electronics,3,359.06,16.51,Delivered,4.0,North America,1077.18
2894,2026-03-20 21:00:00,CUST-906,Clothing,1,247.42,7.53,Delivered,4.0,Asia,247.42
2895,2026-03-20 22:00:00,CUST-539,Beauty,1,120.04,46.0,Delivered,5.0,Europe,120.04
2896,2026-03-20 23:00:00,CUST-418,Clothing,3,273.27,19.51,Delivered,5.0,Asia,819.81
2897,2026-03-21 00:00:00,CUST-401,Books,1,472.69,24.17,Delivered,5.0,North America,472.69
2898,2026-03-21 01:00:00,CUST-443,Electronics,1,210.86,42.23,Delivered,3.0,Europe,210.86
2899,2026-03-21 02:00:00,CUST-110,Electronics,2,343.02,12.51,Delivered,5.0,Europe,686.04
2900,2026-03-21 03:00:00,CUST-161,Books,2,489.24,43.26,Shipped,5.0,South America,978.48
2901,2026-03-21 04:00:00,CUST-944,Electronics,2,416.66,15.87,Shipped,5.0,Asia,833.32
2902,2026-03-21 05:00:00,CUST-325,Books,1,332.93,31.51,Delivered,5.0,Asia,332.93
2903,2026-03-21 06:00:00,CUST-252,Books,1,370.64,35.86,Shipped,5.0,Asia,370.64
2904,2026-03-21 07:00:00,CUST-810,Electronics,1,468.88,45.73,Delivered,4.0,North America,468.88
2905,2026-03-21 08:00:00,CUST-663,Clothing,1,480.28,32.34,Shipped,5.0,North America,480.28
2906,2026-03-21 09:00:00,CUST-871,Electronics,4,484.79,25.4,Delivered,5.0,Europe,1939.16
2907,2026-03-21 10:00:00,CUST-670,Clothing,1,316.56,30.75,Delivered,4.0,Europe,316.56
2908,2026-03-21 11:00:00,CUST-683,Electronics,1,198.51,14.09,Delivered,4.0,North America,198.51
2909,2026-03-21 12:00:00,CUST-759,Electronics,1,75.25,36.01,Delivered,4.0,Asia,75.25
2910,2026-03-21 13:00:00,CUST-960,Clothing,1,198.92,13.41,Delivered,1.0,Asia,198.92
2911,2026-03-21 14:00:00,CUST-674,Clothing,2,472.05,30.08,Delivered,5.0,North America,944.1
2912,2026-03-21 15:00:00,CUST-409,Books,2,446.0,34.14,Shipped,4.0,Asia,892.0
2913,2026-03-21 16:00:00,CUST-984,Beauty,1,266.59,45.44,Delivered,2.0,North America,266.59
2914,2026-03-21 17:00:00,CUST-342,Home Decor,1,273.13,25.26,Delivered,4.0,Asia,273.13
2915,2026-03-21 18:00:00,CUST-592,Clothing,1,161.37,39.89,Shipped,3.0,Asia,161.37
2916,2026-03-21 19:00:00,CUST-465,Beauty,3,232.71,12.54,Delivered,5.0,South America,698.13
2917,2026-03-21 20:00:00,CUST-429,Clothing,2,360.08,12.03,Shipped,5.0,Europe,720.16
2918,2026-03-21 21:00:00,CUST-206,Home Decor,1,207.19,28.62,Delivered,4.0,Asia,207.19
2919,2026-03-21 22:00:00,CUST-325,Books,1,102.11,31.84,Delivered,5.0,Asia,102.11
2920,2026-03-21 23:00:00,CUST-924,Clothing,2,275.02,33.46,Delivered,4.0,North America,550.04
2921,2026-03-22 00:00:00,CUST-317,Home Decor,3,120.42,38.56,Cancelled,5.0,South America,361.26
2922,2026-03-22 01:00:00,CUST-852,Beauty,4,487.4,18.27,Delivered,5.0,South America,1949.6
2923,2026-03-22 02:00:00,CUST-605,Books,1,201.27,33.02,Delivered,5.0,North America,201.27
2924,2026-03-22 03:00:00,CUST-358,Home Decor,1,455.74,13.47,Delivered,5.0,North America,455.74
2925,2026-03-22 04:00:00,CUST-987,Electronics,1,120.52,14.85,Shipped,5.0,North America,120.52
2926,2026-03-22 05:00:00,CUST-873,Clothing,3,102.71,8.03,Delivered,5.0,Asia,308.13
2927,2026-03-22 06:00:00,CUST-616,Electronics,5,312.28,38.62,Delivered,4.0,North America,1561.4
2928,2026-03-22 07:00:00,CUST-872,Beauty,1,391.9,27.81,Delivered,5.0,Europe,391.9
2929,2026-03-22 08:00:00,CUST-153,Electronics,1,287.71,15.72,Delivered,5.0,North America,287.71
2930,2026-03-22 09:00:00,CUST-146,Beauty,1,122.6,30.03,Delivered,5.0,Asia,122.6
2931,2026-03-22 10:00:00,CUST-826,Electronics,1,28.57,20.94,Delivered,5.0,Europe,28.57
2932,2026-03-22 11:00:00,CUST-788,Electronics,1,312.96,42.67,Delivered,5.0,Asia,312.96
2933,2026-03-22 12:00:00,CUST-620,Clothing,2,74.21,28.77,Delivered,5.0,Europe,148.42
2934,2026-03-22 13:00:00,CUST-198,Home Decor,1,178.16,6.34,Delivered,1.0,Europe,178.16
2935,2026-03-22 14:00:00,CUST-119,Electronics,1,341.13,49.33,Delivered,4.0,Europe,341.13
2936,2026-03-22 15:00:00,CUST-989,Clothing,2,58.03,8.34,Delivered,3.0,Asia,116.06
2937,2026-03-22 16:00:00,CUST-852,Clothing,1,72.35,36.32,Delivered,3.0,Europe,72.35
2938,2026-03-22 17:00:00,CUST-672,Electronics,1,40.22,24.68,Delivered,4.0,South America,40.22
2939,2026-03-22 18:00:00,CUST-990,Electronics,1,498.08,16.22,Shipped,2.0,South America,498.08
2940,2026-03-22 19:00:00,CUST-589,Beauty,3,199.67,35.44,Delivered,4.0,Asia,599.01
2941,2026-03-22 20:00:00,CUST-518,Clothing,3,453.84,10.67,Delivered,5.0,South America,1361.52
2942,2026-03-22 21:00:00,CUST-789,Electronics,1,153.86,43.62,Delivered,4.0,Europe,153.86
2943,2026-03-22 22:00:00,CUST-949,Beauty,2,379.07,16.28,Delivered,3.0,North America,758.14
2944,2026-03-22 23:00:00,CUST-161,Books,1,117.34,21.27,Delivered,5.0,North America,117.34
2945,2026-03-23 00:00:00,CUST-244,Home Decor,2,254.18,33.47,Delivered,5.0,Europe,508.36
2946,2026-03-23 01:00:00,CUST-315,Clothing,2,414.06,5.05,Delivered,4.0,South America,828.12
2947,2026-03-23 02:00:00,CUST-102,Beauty,3,410.0,26.27,Shipped,4.0,Europe,1230.0
2948,2026-03-23 03:00:00,CUST-259,Books,1,399.2,45.24,Cancelled,4.0,North America,399.2
2949,2026-03-23 04:00:00,CUST-838,Beauty,5,413.63,35.62,Delivered,4.0,North America,2068.15
2950,2026-03-23 05:00:00,CUST-880,Clothing,5,113.62,22.46,Delivered,2.0,Asia,568.1
2951,2026-03-23 06:00:00,CUST-219,Home Decor,3,246.29,34.72,Delivered,5.0,North America,738.87
2952,2026-03-23 07:00:00,CUST-992,Home Decor,2,247.59,47.15,Delivered,5.0,Asia,495.18
2953,2026-03-23 08:00:00,CUST-188,Electronics,1,446.35,13.45,Delivered,5.0,South America,446.35
2954,2026-03-23 09:00:00,CUST-428,Clothing,1,155.48,28.93,Delivered,4.0,Europe,155.48
2955,2026-03-23 10:00:00,CUST-679,Beauty,1,466.43,15.56,Delivered,4.0,Asia,466.43
2956,2026-03-23 11:00:00,CUST-456,Home Decor,1,230.89,43.44,Shipped,4.0,Europe,230.89
2957,2026-03-23 12:00:00,CUST-709,Clothing,2,338.2,37.45,Delivered,4.0,Asia,676.4
2958,2026-03-23 13:00:00,CUST-366,Home Decor,2,141.75,41.05,Delivered,5.0,South America,283.5
2959,2026-03-23 14:00:00,CUST-716,Electronics,4,211.05,47.44,Delivered,5.0,South America,844.2
2960,2026-03-23 15:00:00,CUST-422,Clothing,1,357.8,15.45,Delivered,2.0,Asia,357.8
2961,2026-03-23 16:00:00,CUST-734,Beauty,1,261.25,7.19,Delivered,5.0,Asia,261.25
2962,2026-03-23 17:00:00,CUST-640,Electronics,3,466.05,18.09,Delivered,5.0,South America,1398.15
2963,2026-03-23 18:00:00,CUST-748,Electronics,1,371.19,22.96,Delivered,3.0,Europe,371.19
2964,2026-03-23 19:00:00,CUST-294,Books,1,286.56,33.13,Delivered,3.0,South America,286.56
2965,2026-03-23 20:00:00,CUST-837,Electronics,5,444.47,40.9,Delivered,4.0,Europe,2222.35
2966,2026-03-23 21:00:00,CUST-431,Electronics,3,336.12,20.74,Delivered,5.0,Asia,1008.36
2967,2026-03-23 22:00:00,CUST-269,Books,1,327.19,26.31,Delivered,3.0,Europe,327.19
2968,2026-03-23 23:00:00,CUST-620,Home Decor,3,130.72,40.35,Delivered,4.0,Asia,392.16
2969,2026-03-24 00:00:00,CUST-562,Home Decor,2,203.48,15.14,Delivered,5.0,Europe,406.96
2970,2026-03-24 01:00:00,CUST-139,Beauty,3,344.82,14.77,Delivered,3.0,Asia,1034.46
2971,2026-03-24 02:00:00,CUST-636,Electronics,3,446.98,31.52,Delivered,4.0,North America,1340.94
2972,2026-03-24 03:00:00,CUST-360,Home Decor,1,164.62,24.62,Delivered,5.0,North America,164.62
2973,2026-03-24 04:00:00,CUST-494,Clothing,2,115.59,47.7,Delivered,5.0,South America,231.18
2974,2026-03-24 05:00:00,CUST-325,Beauty,1,300.91,21.07,Delivered,4.0,South America,300.91
2975,2026-03-24 06:00:00,CUST-223,Clothing,1,42.93,39.18,Cancelled,3.0,Asia,42.93
2976,2026-03-24 07:00:00,CUST-137,Home Decor,4,360.13,31.24,Delivered,5.0,Europe,1440.52
2977,2026-03-24 08:00:00,CUST-427,Clothing,2,354.54,7.46,Shipped,5.0,Asia,709.08
2978,2026-03-24 09:00:00,CUST-350,Clothing,2,183.93,8.8,Delivered,5.0,North America,367.86
2979,2026-03-24 10:00:00,CUST-275,Beauty,3,447.41,14.14,Shipped,3.0,North America,1342.23
2980,2026-03-24 11:00:00,CUST-701,Home Decor,4,256.07,11.44,Cancelled,5.0,Asia,1024.28
2981,2026-03-24 12:00:00,CUST-553,Home Decor,3,326.42,19.82,Delivered,4.0,North America,979.26
2982,2026-03-24 13:00:00,CUST-136,Clothing,1,112.69,31.05,Delivered,5.0,South America,112.69
2983,2026-03-24 14:00:00,CUST-415,Clothing,1,214.5,32.11,Delivered,4.0,Asia,214.5
2984,2026-03-24 15:00:00,CUST-787,Home Decor,1,432.58,31.45,Delivered,4.0,South America,432.58
2985,2026-03-24 16:00:00,CUST-895,Beauty,1,114.34,10.29,Shipped,3.0,South America,114.34
2986,2026-03-24 17:00:00,CUST-692,Home Decor,1,201.38,32.01,Delivered,4.0,South America,201.38
2987,2026-03-24 18:00:00,CUST-213,Books,2,165.86,23.44,Shipped,4.0,North America,331.72
2988,2026-03-24 19:00:00,CUST-139,Beauty,2,84.04,45.64,Delivered,1.0,Europe,168.08
2989,2026-03-24 20:00:00,CUST-400,Home Decor,5,151.96,46.04,Delivered,4.0,Europe,759.8
2990,2026-03-24 21:00:00,CUST-323,Home Decor,2,124.06,39.57,Returned,4.0,Europe,248.12
2991,2026-03-24 22:00:00,CUST-417,Books,2,462.56,36.64,Delivered,5.0,South America,925.12
2992,2026-03-24 23:00:00,CUST-448,Home Decor,1,373.13,10.17,Delivered,3.0,Asia,373.13
2993,2026-03-25 00:00:00,CUST-214,Beauty,1,164.89,8.81,Delivered,5.0,South America,164.89
2994,2026-03-25 01:00:00,CUST-797,Home Decor,1,384.04,42.84,Shipped,5.0,South America,384.04
2995,2026-03-25 02:00:00,CUST-422,Home Decor,3,20.85,24.22,Delivered,4.0,Asia,62.55
2996,2026-03-25 03:00:00,CUST-667,Electronics,1,268.0,25.31,Shipped,2.0,Europe,268.0
2997,2026-03-25 04:00:00,CUST-139,Clothing,2,132.66,43.15,Delivered,5.0,Europe,265.32
2998,2026-03-25 05:00:00,CUST-965,Books,2,66.02,32.96,Delivered,4.0,Europe,132.04
2999,2026-03-25 06:00:00,CUST-139,Home Decor,1,443.04,13.07,Delivered,3.0,South America,443.04
3000,2026-03-25 07:00:00,CUST-958,Home Decor,1,107.68,14.5,Delivered,4.0,South America,107.68
3001,2026-03-25 08:00:00,CUST-848,Books,1,412.97,5.29,Delivered,4.0,North America,412.97
3002,2026-03-25 09:00:00,CUST-388,Home Decor,1,212.48,36.98,Delivered,4.0,Europe,212.48
3003,2026-03-25 10:00:00,CUST-361,Clothing,3,17.0,26.85,Delivered,5.0,South America,51.0
3004,2026-03-25 11:00:00,CUST-315,Beauty,2,368.94,47.75,Delivered,5.0,North America,737.88
3005,2026-03-25 12:00:00,CUST-246,Home Decor,2,302.22,37.13,Delivered,5.0,South America,604.44
3006,2026-03-25 13:00:00,CUST-435,Electronics,3,178.64,9.64,Delivered,4.0,South America,535.92
3007,2026-03-25 14:00:00,CUST-267,Clothing,2,147.96,12.27,Delivered,5.0,Europe,295.92
3008,2026-03-25 15:00:00,CUST-191,Clothing,4,46.11,27.58,Delivered,5.0,Asia,184.44
3009,2026-03-25 16:00:00,CUST-452,Clothing,1,471.3,46.62,Delivered,5.0,South America,471.3
3010,2026-03-25 17:00:00,CUST-670,Clothing,2,252.05,16.13,Shipped,5.0,South America,504.1
3011,2026-03-25 18:00:00,CUST-670,Clothing,1,51.91,42.15,Delivered,3.0,South America,51.91
3012,2026-03-25 19:00:00,CUST-915,Electronics,1,435.65,19.05,Shipped,5.0,Europe,435.65
3013,2026-03-25 20:00:00,CUST-780,Clothing,1,146.63,17.15,Delivered,4.0,South America,146.63
3014,2026-03-25 21:00:00,CUST-880,Electronics,2,109.77,45.56,Delivered,5.0,North America,219.54
3015,2026-03-25 22:00:00,CUST-462,Home Decor,1,147.66,7.13,Delivered,4.0,Europe,147.66
3016,2026-03-25 23:00:00,CUST-656,Beauty,1,286.64,34.73,Delivered,5.0,North America,286.64
3017,2026-03-26 00:00:00,CUST-444,Home Decor,5,46.29,6.94,Delivered,4.0,Europe,231.45
3018,2026-03-26 01:00:00,CUST-792,Clothing,3,246.06,41.03,Delivered,4.0,South America,738.18
3019,2026-03-26 02:00:00,CUST-269,Electronics,2,448.91,42.32,Cancelled,5.0,South America,897.82
3020,2026-03-26 03:00:00,CUST-455,Electronics,3,102.2,45.2,Delivered,5.0,North America,306.6
3021,2026-03-26 04:00:00,CUST-290,Clothing,4,172.28,13.37,Delivered,5.0,North America,689.12
3022,2026-03-26 05:00:00,CUST-766,Electronics,2,204.1,10.6,Delivered,4.0,Europe,408.2
3023,2026-03-26 06:00:00,CUST-521,Clothing,1,297.25,27.66,Delivered,2.0,Europe,297.25
3024,2026-03-26 07:00:00,CUST-799,Electronics,3,460.43,17.22,Delivered,4.0,Asia,1381.29
3025,2026-03-26 08:00:00,CUST-106,Beauty,2,203.32,32.28,Delivered,4.0,Asia,406.64
3026,2026-03-26 09:00:00,CUST-232,Clothing,1,43.88,28.12,Delivered,5.0,Asia,43.88
3027,2026-03-26 10:00:00,CUST-846,Electronics,1,180.5,11.52,Delivered,3.0,South America,180.5
3028,2026-03-26 11:00:00,CUST-656,Beauty,1,103.14,38.27,Delivered,4.0,North America,103.14
3029,2026-03-26 12:00:00,CUST-925,Clothing,4,329.37,41.17,Delivered,5.0,North America,1317.48
3030,2026-03-26 13:00:00,CUST-860,Electronics,1,24.34,48.34,Delivered,2.0,Asia,24.34
3031,2026-03-26 14:00:00,CUST-130,Home Decor,4,153.05,22.8,Delivered,5.0,Asia,612.2
3032,2026-03-26 15:00:00,CUST-634,Home Decor,4,277.14,20.2,Delivered,2.0,Europe,1108.56
3033,2026-03-26 16:00:00,CUST-525,Home Decor,2,145.89,13.65,Delivered,3.0,Asia,291.78
3034,2026-03-26 17:00:00,CUST-493,Electronics,2,279.99,13.14,Shipped,5.0,North America,559.98
3035,2026-03-26 18:00:00,CUST-771,Clothing,1,66.21,19.45,Delivered,4.0,Europe,66.21
3036,2026-03-26 19:00:00,CUST-462,Electronics,1,471.97,49.18,Delivered,5.0,Asia,471.97
3037,2026-03-26 20:00:00,CUST-536,Electronics,1,152.54,9.15,Cancelled,5.0,South America,152.54
3038,2026-03-26 21:00:00,CUST-769,Beauty,3,462.27,16.67,Delivered,5.0,Asia,1386.81
3039,2026-03-26 22:00:00,CUST-650,Home Decor,1,169.66,8.87,Delivered,5.0,South America,169.66
3040,2026-03-26 23:00:00,CUST-181,Clothing,1,393.1,17.31,Delivered,5.0,Asia,393.1
3041,2026-03-27 00:00:00,CUST-455,Home Decor,1,130.63,9.16,Shipped,4.0,Europe,130.63
3042,2026-03-27 01:00:00,CUST-357,Electronics,4,338.19,27.87,Delivered,4.0,South America,1352.76
3043,2026-03-27 02:00:00,CUST-817,Beauty,1,168.62,24.73,Delivered,5.0,South America,168.62
3044,2026-03-27 03:00:00,CUST-688,Electronics,4,259.49,12.83,Delivered,5.0,Europe,1037.96
3045,2026-03-27 04:00:00,CUST-623,Electronics,1,340.17,12.87,Delivered,3.0,South America,340.17
3046,2026-03-27 05:00:00,CUST-394,Clothing,2,298.55,33.17,Delivered,3.0,Europe,597.1
3047,2026-03-27 06:00:00,CUST-323,Home Decor,1,292.38,22.42,Delivered,4.0,Asia,292.38
3048,2026-03-27 07:00:00,CUST-624,Home Decor,2,42.18,7.53,Shipped,2.0,Europe,84.36
3049,2026-03-27 08:00:00,CUST-145,Electronics,2,132.05,46.41,Shipped,4.0,Europe,264.1
3050,2026-03-27 09:00:00,CUST-766,Clothing,1,290.2,23.22,Delivered,5.0,Europe,290.2
3051,2026-03-27 10:00:00,CUST-212,Clothing,2,18.98,31.6,Delivered,1.0,Europe,37.96
3052,2026-03-27 11:00:00,CUST-332,Electronics,2,132.82,44.84,Delivered,5.0,North America,265.64
3053,2026-03-27 12:00:00,CUST-116,Beauty,2,122.3,23.1,Delivered,5.0,South America,244.6
3054,2026-03-27 13:00:00,CUST-459,Electronics,3,132.43,41.93,Delivered,3.0,Asia,397.29
3055,2026-03-27 14:00:00,CUST-322,Clothing,1,272.45,46.16,Delivered,3.0,Europe,272.45
3056,2026-03-27 15:00:00,CUST-965,Home Decor,2,295.16,12.83,Delivered,1.0,North America,590.32
3057,2026-03-27 16:00:00,CUST-799,Electronics,5,455.41,45.16,Delivered,5.0,North America,2277.05
3058,2026-03-27 17:00:00,CUST-547,Home Decor,3,199.16,10.39,Shipped,5.0,Asia,597.48
3059,2026-03-27 18:00:00,CUST-955,Beauty,4,464.02,17.38,Delivered,4.0,South America,1856.08
3060,2026-03-27 19:00:00,CUST-464,Electronics,1,329.46,41.37,Shipped,4.0,Asia,329.46
3061,2026-03-27 20:00:00,CUST-774,Books,3,457.2,45.53,Delivered,4.0,Europe,1371.6
3062,2026-03-27 21:00:00,CUST-425,Home Decor,2,418.4,35.79,Delivered,5.0,South America,836.8
3063,2026-03-27 22:00:00,CUST-566,Electronics,1,346.92,9.72,Delivered,1.0,South America,346.92
3064,2026-03-27 23:00:00,CUST-513,Clothing,3,184.49,28.53,Delivered,5.0,Asia,553.47
3065,2026-03-28 00:00:00,CUST-554,Clothing,2,128.14,30.77,Shipped,5.0,Asia,256.28
3066,2026-03-28 01:00:00,CUST-685,Home Decor,1,118.97,17.68,Delivered,4.0,South America,118.97
3067,2026-03-28 02:00:00,CUST-332,Beauty,1,476.57,49.61,Delivered,5.0,Asia,476.57
3068,2026-03-28 03:00:00,CUST-323,Beauty,3,479.7,20.1,Delivered,1.0,South America,1439.1
3069,2026-03-28 04:00:00,CUST-930,Books,1,365.17,14.46,Delivered,4.0,Asia,365.17
3070,2026-03-28 05:00:00,CUST-511,Beauty,1,443.06,9.96,Returned,3.0,South America,443.06
3071,2026-03-28 06:00:00,CUST-671,Home Decor,1,460.31,22.03,Delivered,1.0,Europe,460.31
3072,2026-03-28 07:00:00,CUST-434,Clothing,1,260.66,36.17,Cancelled,4.0,North America,260.66
3073,2026-03-28 08:00:00,CUST-321,Clothing,4,318.24,15.41,Delivered,5.0,Asia,1272.96
3074,2026-03-28 09:00:00,CUST-136,Electronics,1,215.19,39.63,Delivered,5.0,South America,215.19
3075,2026-03-28 10:00:00,CUST-377,Home Decor,2,215.06,11.09,Delivered,5.0,North America,430.12
3076,2026-03-28 11:00:00,CUST-295,Clothing,4,28.83,24.82,Cancelled,4.0,North America,115.32
3077,2026-03-28 12:00:00,CUST-963,Electronics,2,222.57,36.61,Shipped,5.0,North America,445.14
3078,2026-03-28 13:00:00,CUST-583,Electronics,1,340.01,11.09,Shipped,4.0,Asia,340.01
3079,2026-03-28 14:00:00,CUST-341,Clothing,3,216.77,31.9,Delivered,3.0,Asia,650.31
3080,2026-03-28 15:00:00,CUST-423,Home Decor,1,437.48,40.95,Delivered,4.0,Europe,437.48
3081,2026-03-28 16:00:00,CUST-830,Clothing,1,172.96,31.8,Delivered,5.0,Asia,172.96
3082,2026-03-28 17:00:00,CUST-291,Home Decor,2,75.01,28.02,Delivered,4.0,Asia,150.02
3083,2026-03-28 18:00:00,CUST-116,Clothing,3,407.66,42.72,Delivered,5.0,Asia,1222.98
3084,2026-03-28 19:00:00,CUST-623,Home Decor,3,340.23,49.34,Delivered,3.0,North America,1020.69
3085,2026-03-28 20:00:00,CUST-500,Electronics,5,128.49,13.16,Delivered,5.0,Europe,642.45
3086,2026-03-28 21:00:00,CUST-985,Electronics,3,272.86,36.11,Delivered,5.0,North America,818.58
3087,2026-03-28 22:00:00,CUST-804,Home Decor,3,206.91,8.63,Shipped,5.0,Europe,620.73
3088,2026-03-28 23:00:00,CUST-121,Clothing,3,470.04,6.93,Cancelled,5.0,Asia,1410.12
3089,2026-03-29 00:00:00,CUST-573,Electronics,1,307.59,17.64,Delivered,5.0,South America,307.59
3090,2026-03-29 01:00:00,CUST-219,Clothing,1,87.61,48.69,Delivered,4.0,Asia,87.61
3091,2026-03-29 02:00:00,CUST-309,Electronics,2,256.05,29.85,Delivered,5.0,North America,512.1
3092,2026-03-29 03:00:00,CUST-405,Clothing,2,432.65,17.07,Delivered,4.0,North America,865.3
3093,2026-03-29 04:00:00,CUST-369,Clothing,1,339.03,10.97,Delivered,5.0,North America,339.03
3094,2026-03-29 05:00:00,CUST-803,Home Decor,1,422.8,46.41,Delivered,5.0,Europe,422.8
3095,2026-03-29 06:00:00,CUST-786,Beauty,1,132.7,21.31,Delivered,4.0,North America,132.7
3096,2026-03-29 07:00:00,CUST-384,Electronics,2,445.29,18.8,Delivered,5.0,South America,890.58
3097,2026-03-29 08:00:00,CUST-815,Books,3,380.25,43.61,Shipped,4.0,South America,1140.75
3098,2026-03-29 09:00:00,CUST-775,Clothing,4,367.17,32.2,Delivered,2.0,Asia,1468.68
3099,2026-03-29 10:00:00,CUST-862,Home Decor,3,179.81,12.59,Delivered,5.0,Europe,539.43
3100,2026-03-29 11:00:00,CUST-326,Home Decor,3,444.95,23.97,Delivered,4.0,Europe,1334.85
3101,2026-03-29 12:00:00,CUST-480,Home Decor,1,322.61,46.77,Delivered,5.0,Asia,322.61
3102,2026-03-29 13:00:00,CUST-559,Clothing,1,427.4,45.55,Delivered,4.0,North America,427.4
3103,2026-03-29 14:00:00,CUST-106,Clothing,1,186.88,8.15,Delivered,5.0,North America,186.88
3104,2026-03-29 15:00:00,CUST-128,Electronics,2,81.37,17.09,Shipped,5.0,Asia,162.74
3105,2026-03-29 16:00:00,CUST-132,Electronics,1,172.85,11.95,Delivered,5.0,Asia,172.85
3106,2026-03-29 17:00:00,CUST-745,Clothing,2,233.08,29.02,Delivered,4.0,Asia,466.16
3107,2026-03-29 18:00:00,CUST-978,Clothing,2,271.37,38.75,Delivered,4.0,Asia,542.74
3108,2026-03-29 19:00:00,CUST-178,Clothing,1,260.3,18.3,Delivered,5.0,Europe,260.3
3109,2026-03-29 20:00:00,CUST-558,Electronics,4,277.57,39.11,Delivered,,Europe,1110.28
3110,2026-03-29 21:00:00,CUST-669,Home Decor,2,422.44,35.09,Delivered,4.0,North America,844.88
3111,2026-03-29 22:00:00,CUST-637,Beauty,1,93.35,37.77,Delivered,5.0,Europe,93.35
3112,2026-03-29 23:00:00,CUST-581,Books,1,164.87,47.67,Delivered,5.0,Europe,164.87
3113,2026-03-30 00:00:00,CUST-529,Clothing,2,445.42,24.11,Shipped,5.0,Europe,890.84
3114,2026-03-30 01:00:00,CUST-837,Home Decor,1,284.62,20.42,Delivered,5.0,Asia,284.62
3115,2026-03-30 02:00:00,CUST-384,Beauty,1,295.86,35.77,Delivered,5.0,Europe,295.86
3116,2026-03-30 03:00:00,CUST-615,Clothing,2,244.25,41.34,Delivered,4.0,North America,488.5
3117,2026-03-30 04:00:00,CUST-198,Clothing,4,279.0,13.62,Delivered,5.0,Europe,1116.0
3118,2026-03-30 05:00:00,CUST-496,Books,1,107.06,43.11,Delivered,5.0,Asia,107.06
3119,2026-03-30 06:00:00,CUST-588,Clothing,4,277.96,7.6,Delivered,4.0,Europe,1111.84
3120,2026-03-30 07:00:00,CUST-138,Clothing,3,498.61,5.29,Delivered,2.0,South America,1495.83
3121,2026-03-30 08:00:00,CUST-370,Electronics,1,287.36,12.13,Delivered,,North America,287.36
3122,2026-03-30 09:00:00,CUST-986,Electronics,2,31.76,49.04,Delivered,5.0,Europe,63.52
3123,2026-03-30 10:00:00,CUST-896,Beauty,1,400.25,28.56,Delivered,5.0,North America,400.25
3124,2026-03-30 11:00:00,CUST-256,Home Decor,1,204.27,7.1,Delivered,5.0,Asia,204.27
3125,2026-03-30 12:00:00,CUST-174,Clothing,2,85.3,49.87,Delivered,5.0,North America,170.6
3126,2026-03-30 13:00:00,CUST-983,Electronics,2,432.63,38.52,Delivered,3.0,South America,865.26
3127,2026-03-30 14:00:00,CUST-899,Home Decor,1,107.01,42.71,Delivered,5.0,South America,107.01
3128,2026-03-30 15:00:00,CUST-229,Home Decor,4,461.18,14.58,Cancelled,5.0,North America,1844.72
3129,2026-03-30 16:00:00,CUST-786,Electronics,3,226.48,9.75,Delivered,3.0,Asia,679.44
3130,2026-03-30 17:00:00,CUST-183,Beauty,4,373.97,28.18,Cancelled,5.0,North America,1495.88
3131,2026-03-30 18:00:00,CUST-121,Electronics,1,278.03,39.75,Delivered,4.0,Europe,278.03
3132,2026-03-30 19:00:00,CUST-558,Clothing,4,135.75,33.7,Delivered,2.0,Europe,543.0
3133,2026-03-30 20:00:00,CUST-638,Home Decor,1,338.83,33.4,Delivered,2.0,North America,338.83
3134,2026-03-30 21:00:00,CUST-806,Electronics,1,479.38,39.07,Delivered,5.0,Europe,479.38
3135,2026-03-30 22:00:00,CUST-948,Beauty,3,387.12,15.22,Delivered,5.0,Europe,1161.36
3136,2026-03-30 23:00:00,CUST-481,Home Decor,2,305.97,34.77,Delivered,5.0,Asia,611.94
3137,2026-03-31 00:00:00,CUST-847,Beauty,2,495.41,22.64,Delivered,5.0,North America,990.82
3138,2026-03-31 01:00:00,CUST-539,Electronics,1,140.01,8.14,Delivered,3.0,Europe,140.01
3139,2026-03-31 02:00:00,CUST-703,Electronics,1,40.55,14.1,Delivered,3.0,North America,40.55
3140,2026-03-31 03:00:00,CUST-120,Electronics,2,25.74,40.73,Delivered,4.0,North America,51.48
3141,2026-03-31 04:00:00,CUST-402,Clothing,1,358.24,45.32,Cancelled,4.0,Europe,358.24
3142,2026-03-31 05:00:00,CUST-968,Home Decor,2,416.81,17.73,Delivered,5.0,Asia,833.62
3143,2026-03-31 06:00:00,CUST-183,Beauty,1,321.2,13.57,Delivered,5.0,Asia,321.2
3144,2026-03-31 07:00:00,CUST-873,Home Decor,4,453.46,6.2,Cancelled,4.0,South America,1813.84
3145,2026-03-31 08:00:00,CUST-758,Books,2,352.01,47.65,Delivered,2.0,North America,704.02
3146,2026-03-31 09:00:00,CUST-552,Home Decor,2,191.77,35.77,Delivered,5.0,South America,383.54
3147,2026-03-31 10:00:00,CUST-486,Clothing,4,98.82,48.07,Delivered,5.0,Asia,395.28
3148,2026-03-31 11:00:00,CUST-606,Electronics,2,463.08,43.87,Delivered,5.0,Europe,926.16
3149,2026-03-31 12:00:00,CUST-356,Home Decor,1,60.76,20.32,Cancelled,4.0,Europe,60.76
3150,2026-03-31 13:00:00,CUST-669,Electronics,1,276.06,10.07,Delivered,5.0,Asia,276.06
3151,2026-03-31 14:00:00,CUST-991,Electronics,2,163.86,27.46,Delivered,4.0,Asia,327.72
3152,2026-03-31 15:00:00,CUST-626,Clothing,1,142.99,6.21,Delivered,5.0,North America,142.99
3153,2026-03-31 16:00:00,CUST-261,Beauty,2,326.46,11.75,Delivered,2.0,South America,652.92
3154,2026-03-31 17:00:00,CUST-262,Electronics,1,123.31,15.5,Delivered,4.0,South America,123.31
3155,2026-03-31 18:00:00,CUST-931,Beauty,1,459.02,34.95,Delivered,5.0,Asia,459.02
3156,2026-03-31 19:00:00,CUST-892,Beauty,2,208.96,27.94,Delivered,4.0,North America,417.92
3157,2026-03-31 20:00:00,CUST-891,Clothing,5,341.91,18.61,Delivered,5.0,Europe,1709.55
3158,2026-03-31 21:00:00,CUST-623,Electronics,2,366.6,30.41,Delivered,3.0,Asia,733.2
3159,2026-03-31 22:00:00,CUST-885,Electronics,4,344.64,10.63,Shipped,1.0,South America,1378.56
3160,2026-03-31 23:00:00,CUST-370,Home Decor,4,452.67,39.01,Delivered,5.0,North America,1810.68
3161,2026-04-01 00:00:00,CUST-591,Home Decor,1,123.25,37.04,Delivered,4.0,North America,123.25
3162,2026-04-01 01:00:00,CUST-307,Beauty,1,52.17,14.74,Delivered,3.0,North America,52.17
3163,2026-04-01 02:00:00,CUST-638,Home Decor,3,37.18,32.29,Cancelled,3.0,South America,111.54
3164,2026-04-01 03:00:00,CUST-683,Electronics,3,440.14,27.65,Delivered,5.0,North America,1320.42
3165,2026-04-01 04:00:00,CUST-159,Electronics,2,486.91,7.74,Delivered,5.0,Europe,973.82
3166,2026-04-01 05:00:00,CUST-529,Home Decor,5,158.24,17.52,Delivered,5.0,South America,791.2
3167,2026-04-01 06:00:00,CUST-756,Electronics,1,349.82,49.98,Delivered,5.0,Asia,349.82
3168,2026-04-01 07:00:00,CUST-704,Clothing,1,14.37,9.48,Delivered,5.0,North America,14.37
3169,2026-04-01 08:00:00,CUST-408,Clothing,2,102.43,27.79,Delivered,4.0,South America,204.86
3170,2026-04-01 09:00:00,CUST-619,Electronics,1,347.74,43.22,Delivered,5.0,Asia,347.74
3171,2026-04-01 10:00:00,CUST-690,Electronics,1,42.28,18.53,Delivered,4.0,Asia,42.28
3172,2026-04-01 11:00:00,CUST-126,Clothing,1,239.57,16.73,Delivered,5.0,Europe,239.57
3173,2026-04-01 12:00:00,CUST-785,Electronics,1,334.67,45.09,Delivered,5.0,Asia,334.67
3174,2026-04-01 13:00:00,CUST-661,Electronics,2,385.32,18.72,Cancelled,5.0,Europe,770.64
3175,2026-04-01 14:00:00,CUST-298,Home Decor,3,232.37,34.32,Delivered,4.0,South America,697.11
3176,2026-04-01 15:00:00,CUST-486,Beauty,3,318.84,38.31,Delivered,5.0,Europe,956.52
3177,2026-04-01 16:00:00,CUST-448,Electronics,2,274.39,40.49,Delivered,5.0,South America,548.78
3178,2026-04-01 17:00:00,CUST-792,Beauty,1,35.63,49.76,Shipped,4.0,South America,35.63
3179,2026-04-01 18:00:00,CUST-635,Clothing,2,373.97,41.14,Delivered,5.0,North America,747.94
3180,2026-04-01 19:00:00,CUST-927,Clothing,1,94.46,34.57,Cancelled,5.0,Europe,94.46
3181,2026-04-01 20:00:00,CUST-477,Beauty,1,25.58,45.3,Delivered,1.0,South America,25.58
3182,2026-04-01 21:00:00,CUST-998,Home Decor,1,231.07,45.76,Delivered,5.0,North America,231.07
3183,2026-04-01 22:00:00,CUST-657,Beauty,3,434.16,48.79,Delivered,5.0,Europe,1302.48
3184,2026-04-01 23:00:00,CUST-626,Electronics,4,83.91,39.94,Delivered,5.0,Europe,335.64
3185,2026-04-02 00:00:00,CUST-252,Electronics,2,16.3,13.77,Delivered,5.0,Asia,32.6
3186,2026-04-02 01:00:00,CUST-833,Beauty,2,63.89,36.94,Shipped,1.0,North America,127.78
3187,2026-04-02 02:00:00,CUST-305,Clothing,1,188.19,8.38,Delivered,3.0,Asia,188.19
3188,2026-04-02 03:00:00,CUST-554,Electronics,2,294.28,19.31,Delivered,3.0,South America,588.56
3189,2026-04-02 04:00:00,CUST-372,Home Decor,2,104.58,10.21,Delivered,4.0,Europe,209.16
3190,2026-04-02 05:00:00,CUST-993,Beauty,1,402.96,47.75,Returned,5.0,South America,402.96
3191,2026-04-02 06:00:00,CUST-335,Beauty,1,379.12,20.24,Delivered,4.0,North America,379.12
3192,2026-04-02 07:00:00,CUST-951,Clothing,3,350.97,37.09,Delivered,4.0,Europe,1052.91
3193,2026-04-02 08:00:00,CUST-839,Beauty,2,248.86,30.71,Delivered,5.0,South America,497.72
3194,2026-04-02 09:00:00,CUST-620,Electronics,3,188.96,9.84,Delivered,4.0,Europe,566.88
3195,2026-04-02 10:00:00,CUST-777,Electronics,3,194.04,30.26,Delivered,2.0,Asia,582.12
3196,2026-04-02 11:00:00,CUST-930,Home Decor,5,256.5,34.75,Delivered,5.0,North America,1282.5
3197,2026-04-02 12:00:00,CUST-825,Electronics,1,47.88,44.67,Shipped,3.0,North America,47.88
3198,2026-04-02 13:00:00,CUST-600,Clothing,1,344.33,8.15,Shipped,5.0,North America,344.33
3199,2026-04-02 14:00:00,CUST-216,Home Decor,1,182.24,18.3,Delivered,5.0,Europe,182.24
3200,2026-04-02 15:00:00,CUST-485,Clothing,1,120.13,36.16,Delivered,5.0,South America,120.13
3201,2026-04-02 16:00:00,CUST-443,Electronics,2,146.38,6.54,Delivered,2.0,South America,292.76
3202,2026-04-02 17:00:00,CUST-683,Electronics,2,98.34,14.16,Delivered,4.0,North America,196.68
3203,2026-04-02 18:00:00,CUST-494,Clothing,2,451.77,14.84,Delivered,5.0,Europe,903.54
3204,2026-04-02 19:00:00,CUST-163,Clothing,1,92.83,35.12,Delivered,4.0,Europe,92.83
3205,2026-04-02 20:00:00,CUST-816,Beauty,4,442.63,17.87,Cancelled,4.0,Europe,1770.52
3206,2026-04-02 21:00:00,CUST-820,Beauty,1,290.4,31.98,Delivered,1.0,South America,290.4
3207,2026-04-02 22:00:00,CUST-171,Clothing,1,435.05,48.44,Delivered,5.0,North America,435.05
3208,2026-04-02 23:00:00,CUST-888,Beauty,2,242.29,40.7,Delivered,5.0,South America,484.58
3209,2026-04-03 00:00:00,CUST-373,Electronics,3,464.54,19.98,Cancelled,5.0,Asia,1393.62
3210,2026-04-03 01:00:00,CUST-419,Electronics,1,113.63,26.26,Delivered,5.0,Europe,113.63
3211,2026-04-03 02:00:00,CUST-437,Beauty,1,281.8,14.03,Delivered,1.0,Asia,281.8
3212,2026-04-03 03:00:00,CUST-465,Clothing,2,71.66,5.71,Shipped,5.0,North America,143.32
3213,2026-04-03 04:00:00,CUST-594,Books,1,229.14,18.04,Delivered,4.0,North America,229.14
3214,2026-04-03 05:00:00,CUST-706,Clothing,1,289.25,21.62,Delivered,5.0,South America,289.25
3215,2026-04-03 06:00:00,CUST-265,Beauty,2,306.78,30.4,Delivered,5.0,North America,613.56
3216,2026-04-03 07:00:00,CUST-643,Clothing,1,189.11,47.48,Shipped,5.0,North America,189.11
3217,2026-04-03 08:00:00,CUST-110,Clothing,1,47.4,47.65,Delivered,5.0,South America,47.4
3218,2026-04-03 09:00:00,CUST-400,Clothing,1,331.11,8.15,Returned,5.0,South America,331.11
3219,2026-04-03 10:00:00,CUST-828,Home Decor,5,249.33,32.66,Cancelled,5.0,South America,1246.65
3220,2026-04-03 11:00:00,CUST-900,Clothing,4,77.07,6.91,Delivered,5.0,South America,308.28
3221,2026-04-03 12:00:00,CUST-201,Books,1,468.58,34.16,Delivered,5.0,North America,468.58
3222,2026-04-03 13:00:00,CUST-524,Electronics,1,478.28,10.3,Delivered,5.0,Asia,478.28
3223,2026-04-03 14:00:00,CUST-491,Electronics,1,429.74,47.59,Delivered,5.0,South America,429.74
3224,2026-04-03 15:00:00,CUST-878,Clothing,1,423.5,43.9,Delivered,5.0,North America,423.5
3225,2026-04-03 16:00:00,CUST-313,Home Decor,2,58.35,6.0,Delivered,3.0,North America,116.7
3226,2026-04-03 17:00:00,CUST-790,Beauty,2,496.78,40.2,Delivered,3.0,North America,993.56
3227,2026-04-03 18:00:00,CUST-187,Clothing,1,206.19,33.62,Shipped,3.0,North America,206.19
3228,2026-04-03 19:00:00,CUST-652,Home Decor,1,89.93,27.29,Cancelled,4.0,North America,89.93
3229,2026-04-03 20:00:00,CUST-500,Clothing,1,407.93,32.12,Delivered,4.0,South America,407.93
3230,2026-04-03 21:00:00,CUST-687,Home Decor,1,120.61,35.52,Delivered,5.0,South America,120.61
3231,2026-04-03 22:00:00,CUST-988,Beauty,1,267.83,44.8,Shipped,4.0,Europe,267.83
3232,2026-04-03 23:00:00,CUST-145,Electronics,2,72.73,39.53,Cancelled,5.0,Europe,145.46
3233,2026-04-04 00:00:00,CUST-771,Clothing,2,242.58,30.89,Delivered,4.0,South America,485.16
3234,2026-04-04 01:00:00,CUST-562,Books,2,283.49,42.11,Delivered,5.0,South America,566.98
3235,2026-04-04 02:00:00,CUST-691,Beauty,1,228.5,49.41,Delivered,3.0,South America,228.5
3236,2026-04-04 03:00:00,CUST-409,Home Decor,2,44.05,18.51,Delivered,5.0,Asia,88.1
3237,2026-04-04 04:00:00,CUST-185,Clothing,1,247.62,10.33,Delivered,5.0,South America,247.62
3238,2026-04-04 05:00:00,CUST-191,Electronics,1,239.78,37.92,Returned,5.0,North America,239.78
3239,2026-04-04 06:00:00,CUST-759,Clothing,2,138.19,49.04,Cancelled,5.0,Asia,276.38
3240,2026-04-04 07:00:00,CUST-772,Beauty,1,461.58,10.25,Delivered,3.0,Asia,461.58
3241,2026-04-04 08:00:00,CUST-813,Home Decor,2,214.72,24.43,Delivered,4.0,North America,429.44
3242,2026-04-04 09:00:00,CUST-341,Electronics,2,433.42,7.8,Delivered,4.0,North America,866.84
3243,2026-04-04 10:00:00,CUST-964,Electronics,4,63.74,39.94,Delivered,4.0,Europe,254.96
3244,2026-04-04 11:00:00,CUST-101,Electronics,4,166.25,47.69,Delivered,5.0,North America,665.0
3245,2026-04-04 12:00:00,CUST-324,Electronics,1,96.4,27.45,Shipped,5.0,South America,96.4
3246,2026-04-04 13:00:00,CUST-900,Electronics,5,210.12,23.43,Delivered,5.0,South America,1050.6
3247,2026-04-04 14:00:00,CUST-844,Clothing,2,64.7,45.85,Delivered,5.0,Europe,129.4
3248,2026-04-04 15:00:00,CUST-688,Electronics,2,226.11,11.0,Delivered,4.0,Asia,452.22
3249,2026-04-04 16:00:00,CUST-215,Electronics,1,183.4,45.12,Delivered,2.0,Asia,183.4
3250,2026-04-04 17:00:00,CUST-765,Clothing,3,119.42,22.65,Shipped,5.0,Europe,358.26
3251,2026-04-04 18:00:00,CUST-202,Electronics,1,324.67,30.17,Delivered,4.0,South America,324.67
3252,2026-04-04 19:00:00,CUST-293,Electronics,3,475.95,28.77,Delivered,5.0,Europe,1427.85
3253,2026-04-04 20:00:00,CUST-265,Clothing,1,111.49,32.72,Shipped,5.0,South America,111.49
3254,2026-04-04 21:00:00,CUST-970,Electronics,2,358.78,47.4,Delivered,5.0,South America,717.56
3255,2026-04-04 22:00:00,CUST-189,Clothing,1,373.77,47.8,Delivered,5.0,North America,373.77
3256,2026-04-04 23:00:00,CUST-785,Electronics,1,254.08,42.4,Delivered,5.0,Europe,254.08
3257,2026-04-05 00:00:00,CUST-221,Beauty,1,449.86,13.62,Delivered,5.0,Europe,449.86
3258,2026-04-05 01:00:00,CUST-242,Books,1,483.53,20.01,Delivered,5.0,South America,483.53
3259,2026-04-05 02:00:00,CUST-205,Home Decor,1,187.5,26.95,Delivered,5.0,South America,187.5
3260,2026-04-05 03:00:00,CUST-986,Clothing,1,329.01,45.75,Delivered,1.0,North America,329.01
3261,2026-04-05 04:00:00,CUST-527,Beauty,2,334.48,28.44,Delivered,5.0,South America,668.96
3262,2026-04-05 05:00:00,CUST-404,Home Decor,3,207.78,48.98,Cancelled,2.0,South America,623.34
3263,2026-04-05 06:00:00,CUST-971,Electronics,2,165.23,49.27,Delivered,5.0,Asia,330.46
3264,2026-04-05 07:00:00,CUST-416,Clothing,1,467.53,31.94,Shipped,3.0,Europe,467.53
3265,2026-04-05 08:00:00,CUST-734,Beauty,1,397.09,44.49,Delivered,4.0,North America,397.09
3266,2026-04-05 09:00:00,CUST-108,Clothing,1,66.09,49.97,Delivered,3.0,North America,66.09
3267,2026-04-05 10:00:00,CUST-873,Electronics,4,68.74,43.24,Delivered,4.0,South America,274.96
3268,2026-04-05 11:00:00,CUST-172,Home Decor,3,462.05,34.56,Delivered,4.0,Europe,1386.15
3269,2026-04-05 12:00:00,CUST-458,Beauty,1,49.89,43.03,Delivered,1.0,Asia,49.89
3270,2026-04-05 13:00:00,CUST-322,Electronics,1,347.33,8.72,Delivered,5.0,North America,347.33
3271,2026-04-05 14:00:00,CUST-515,Clothing,3,121.11,33.57,Shipped,,South America,363.33
3272,2026-04-05 15:00:00,CUST-652,Electronics,3,27.24,14.74,Cancelled,5.0,Europe,81.72
3273,2026-04-05 16:00:00,CUST-469,Home Decor,3,39.22,10.22,Delivered,5.0,Asia,117.66
3274,2026-04-05 17:00:00,CUST-815,Electronics,3,193.03,45.18,Delivered,5.0,Europe,579.09
3275,2026-04-05 18:00:00,CUST-363,Clothing,1,48.02,33.78,Delivered,5.0,North America,48.02
3276,2026-04-05 19:00:00,CUST-939,Beauty,1,302.35,15.96,Delivered,5.0,South America,302.35
3277,2026-04-05 20:00:00,CUST-789,Clothing,1,327.15,22.41,Cancelled,5.0,South America,327.15
3278,2026-04-05 21:00:00,CUST-959,Home Decor,1,193.0,48.8,Delivered,5.0,North America,193.0
3279,2026-04-05 22:00:00,CUST-417,Clothing,1,374.01,43.8,Delivered,4.0,North America,374.01
3280,2026-04-05 23:00:00,CUST-183,Electronics,2,250.12,5.7,Delivered,2.0,Europe,500.24
3281,2026-04-06 00:00:00,CUST-417,Home Decor,1,220.81,49.09,Delivered,5.0,North America,220.81
3282,2026-04-06 01:00:00,CUST-210,Electronics,1,209.42,21.58,Delivered,4.0,Europe,209.42
3283,2026-04-06 02:00:00,CUST-350,Clothing,1,221.24,36.29,Delivered,4.0,South America,221.24
3284,2026-04-06 03:00:00,CUST-482,Electronics,1,484.26,37.07,Delivered,4.0,Asia,484.26
3285,2026-04-06 04:00:00,CUST-106,Home Decor,1,343.89,46.03,Delivered,5.0,South America,343.89
3286,2026-04-06 05:00:00,CUST-558,Books,3,164.45,44.83,Delivered,5.0,South America,493.35
3287,2026-04-06 06:00:00,CUST-183,Books,3,369.59,17.68,Delivered,2.0,Asia,1108.77
3288,2026-04-06 07:00:00,CUST-307,Clothing,1,171.83,33.96,Cancelled,4.0,Asia,171.83
3289,2026-04-06 08:00:00,CUST-489,Electronics,2,71.6,22.72,Cancelled,3.0,Asia,143.2
3290,2026-04-06 09:00:00,CUST-413,Clothing,1,242.93,28.65,Cancelled,5.0,South America,242.93
3291,2026-04-06 10:00:00,CUST-121,Beauty,2,378.0,29.96,Returned,4.0,North America,756.0
3292,2026-04-06 11:00:00,CUST-509,Electronics,1,195.05,22.84,Delivered,4.0,South America,195.05
3293,2026-04-06 12:00:00,CUST-994,Books,1,435.9,25.88,Delivered,3.0,North America,435.9
3294,2026-04-06 13:00:00,CUST-614,Clothing,3,199.61,14.38,Delivered,4.0,Europe,598.83
3295,2026-04-06 14:00:00,CUST-226,Books,1,181.42,32.34,Shipped,4.0,South America,181.42
3296,2026-04-06 15:00:00,CUST-908,Beauty,1,499.14,39.15,Delivered,5.0,Asia,499.14
3297,2026-04-06 16:00:00,CUST-799,Beauty,1,246.41,24.34,Delivered,4.0,South America,246.41
3298,2026-04-06 17:00:00,CUST-973,Clothing,1,404.56,49.0,Cancelled,5.0,South America,404.56
3299,2026-04-06 18:00:00,CUST-113,Electronics,1,404.44,7.58,Delivered,4.0,Asia,404.44
3300,2026-04-06 19:00:00,CUST-111,Clothing,3,463.92,31.51,Delivered,4.0,Europe,1391.76
3301,2026-04-06 20:00:00,CUST-186,Clothing,2,51.6,31.26,Delivered,4.0,Europe,103.2
3302,2026-04-06 21:00:00,CUST-623,Electronics,2,142.9,6.63,Delivered,5.0,Europe,285.8
3303,2026-04-06 22:00:00,CUST-636,Clothing,1,386.2,15.11,Delivered,5.0,Europe,386.2
3304,2026-04-06 23:00:00,CUST-400,Clothing,1,285.67,45.75,Delivered,5.0,South America,285.67
3305,2026-04-07 00:00:00,CUST-342,Home Decor,1,284.21,29.5,Delivered,4.0,South America,284.21
3306,2026-04-07 01:00:00,CUST-221,Home Decor,1,91.45,24.64,Delivered,1.0,Asia,91.45
3307,2026-04-07 02:00:00,CUST-246,Electronics,2,147.76,23.7,Delivered,3.0,North America,295.52
3308,2026-04-07 03:00:00,CUST-666,Books,1,265.45,44.97,Delivered,4.0,Asia,265.45
3309,2026-04-07 04:00:00,CUST-849,Electronics,3,145.82,21.52,Returned,3.0,Europe,437.46
3310,2026-04-07 05:00:00,CUST-455,Clothing,1,113.04,43.66,Delivered,2.0,North America,113.04
3311,2026-04-07 06:00:00,CUST-784,Clothing,1,53.0,18.91,Returned,4.0,Asia,53.0
3312,2026-04-07 07:00:00,CUST-832,Beauty,1,86.31,28.92,Delivered,5.0,Europe,86.31
3313,2026-04-07 08:00:00,CUST-730,Electronics,1,386.75,11.47,Delivered,5.0,North America,386.75
3314,2026-04-07 09:00:00,CUST-408,Clothing,1,362.2,42.13,Delivered,4.0,North America,362.2
3315,2026-04-07 10:00:00,CUST-794,Home Decor,1,32.46,38.12,Delivered,4.0,Europe,32.46
3316,2026-04-07 11:00:00,CUST-387,Electronics,1,109.61,28.85,Delivered,5.0,North America,109.61
3317,2026-04-07 12:00:00,CUST-406,Home Decor,2,284.62,6.17,Delivered,4.0,Asia,569.24
3318,2026-04-07 13:00:00,CUST-911,Books,2,168.09,26.66,Delivered,5.0,Asia,336.18
3319,2026-04-07 14:00:00,CUST-693,Books,1,413.39,15.13,Cancelled,5.0,Asia,413.39
3320,2026-04-07 15:00:00,CUST-822,Electronics,1,394.64,23.6,Delivered,5.0,North America,394.64
3321,2026-04-07 16:00:00,CUST-761,Electronics,2,446.87,43.54,Returned,4.0,North America,893.74
3322,2026-04-07 17:00:00,CUST-648,Clothing,5,285.84,39.63,Delivered,5.0,Europe,1429.2
3323,2026-04-07 18:00:00,CUST-451,Clothing,2,182.52,15.89,Delivered,5.0,Europe,365.04
3324,2026-04-07 19:00:00,CUST-411,Electronics,1,306.97,49.32,Delivered,4.0,North America,306.97
3325,2026-04-07 20:00:00,CUST-972,Electronics,2,53.68,45.64,Shipped,5.0,Asia,107.36
3326,2026-04-07 21:00:00,CUST-158,Books,2,14.7,28.79,Delivered,4.0,North America,29.4
3327,2026-04-07 22:00:00,CUST-742,Books,1,18.38,28.86,Delivered,5.0,South America,18.38
3328,2026-04-07 23:00:00,CUST-813,Electronics,3,209.7,45.56,Delivered,4.0,Asia,629.1
3329,2026-04-08 00:00:00,CUST-854,Clothing,1,121.76,33.63,Delivered,1.0,South America,121.76
3330,2026-04-08 01:00:00,CUST-134,Clothing,4,87.1,29.15,Delivered,5.0,Europe,348.4
3331,2026-04-08 02:00:00,CUST-544,Electronics,2,311.51,38.71,Delivered,4.0,North America,623.02
3332,2026-04-08 03:00:00,CUST-192,Home Decor,2,497.6,15.58,Returned,2.0,South America,995.2
3333,2026-04-08 04:00:00,CUST-306,Home Decor,2,97.1,44.53,Cancelled,4.0,North America,194.2
3334,2026-04-08 05:00:00,CUST-452,Beauty,1,277.75,28.91,Delivered,3.0,South America,277.75
3335,2026-04-08 06:00:00,CUST-431,Home Decor,2,68.67,32.16,Delivered,5.0,North America,137.34
3336,2026-04-08 07:00:00,CUST-916,Clothing,3,467.78,9.05,Delivered,4.0,Asia,1403.34
3337,2026-04-08 08:00:00,CUST-961,Home Decor,2,152.96,18.93,Delivered,3.0,Europe,305.92
3338,2026-04-08 09:00:00,CUST-824,Electronics,3,440.39,24.2,Delivered,4.0,Asia,1321.17
3339,2026-04-08 10:00:00,CUST-258,Home Decor,3,148.71,23.63,Delivered,4.0,Europe,446.13
3340,2026-04-08 11:00:00,CUST-123,Clothing,5,404.97,40.02,Delivered,5.0,Asia,2024.85
3341,2026-04-08 12:00:00,CUST-503,Electronics,2,112.6,17.7,Delivered,4.0,Europe,225.2
3342,2026-04-08 13:00:00,CUST-904,Electronics,2,153.47,13.19,Cancelled,5.0,Asia,306.94
3343,2026-04-08 14:00:00,CUST-615,Electronics,1,104.31,31.22,Delivered,1.0,North America,104.31
3344,2026-04-08 15:00:00,CUST-831,Books,2,139.49,32.68,Delivered,,Asia,278.98
3345,2026-04-08 16:00:00,CUST-463,Electronics,1,419.08,10.47,Delivered,5.0,South America,419.08
3346,2026-04-08 17:00:00,CUST-481,Electronics,1,323.13,5.11,Delivered,1.0,South America,323.13
3347,2026-04-08 18:00:00,CUST-631,Clothing,1,208.88,46.29,Delivered,4.0,North America,208.88
3348,2026-04-08 19:00:00,CUST-251,Home Decor,3,486.05,8.58,Delivered,4.0,North America,1458.15
3349,2026-04-08 20:00:00,CUST-661,Electronics,3,237.78,45.4,Delivered,1.0,North America,713.34
3350,2026-04-08 21:00:00,CUST-788,Books,2,485.18,22.96,Delivered,5.0,South America,970.36
3351,2026-04-08 22:00:00,CUST-707,Beauty,1,106.33,34.39,Delivered,5.0,Asia,106.33
3352,2026-04-08 23:00:00,CUST-716,Home Decor,2,453.27,13.35,Delivered,4.0,North America,906.54
3353,2026-04-09 00:00:00,CUST-519,Home Decor,2,16.77,42.08,Delivered,5.0,Asia,33.54
3354,2026-04-09 01:00:00,CUST-349,Electronics,1,277.2,13.11,Delivered,5.0,Europe,277.2
3355,2026-04-09 02:00:00,CUST-216,Clothing,1,217.3,22.39,Delivered,5.0,Asia,217.3
3356,2026-04-09 03:00:00,CUST-965,Beauty,1,267.29,15.71,Delivered,2.0,Asia,267.29
3357,2026-04-09 04:00:00,CUST-611,Electronics,2,281.19,42.69,Delivered,3.0,South America,562.38
3358,2026-04-09 05:00:00,CUST-839,Electronics,2,200.63,43.63,Delivered,4.0,Asia,401.26
3359,2026-04-09 06:00:00,CUST-677,Home Decor,1,499.12,21.74,Shipped,4.0,South America,499.12
3360,2026-04-09 07:00:00,CUST-434,Electronics,4,488.49,18.83,Shipped,2.0,Europe,1953.96
3361,2026-04-09 08:00:00,CUST-517,Books,1,481.26,39.81,Delivered,4.0,South America,481.26
3362,2026-04-09 09:00:00,CUST-873,Electronics,1,489.75,44.53,Delivered,2.0,Europe,489.75
3363,2026-04-09 10:00:00,CUST-394,Beauty,1,398.58,33.08,Delivered,5.0,Europe,398.58
3364,2026-04-09 11:00:00,CUST-854,Clothing,1,494.41,46.73,Delivered,4.0,North America,494.41
3365,2026-04-09 12:00:00,CUST-470,Beauty,1,447.26,22.24,Delivered,1.0,Asia,447.26
3366,2026-04-09 13:00:00,CUST-285,Clothing,1,213.81,11.83,Delivered,4.0,Asia,213.81
3367,2026-04-09 14:00:00,CUST-345,Clothing,2,394.54,13.08,Delivered,5.0,North America,789.08
3368,2026-04-09 15:00:00,CUST-736,Beauty,1,456.91,35.14,Delivered,5.0,North America,456.91
3369,2026-04-09 16:00:00,CUST-367,Clothing,2,359.18,23.34,Returned,5.0,Asia,718.36
3370,2026-04-09 17:00:00,CUST-742,Clothing,2,217.16,12.03,Delivered,5.0,North America,434.32
3371,2026-04-09 18:00:00,CUST-336,Clothing,1,42.24,18.15,Delivered,5.0,North America,42.24
3372,2026-04-09 19:00:00,CUST-629,Home Decor,3,406.75,28.88,Delivered,5.0,Europe,1220.25
3373,2026-04-09 20:00:00,CUST-651,Clothing,1,476.84,10.47,Delivered,2.0,North America,476.84
3374,2026-04-09 21:00:00,CUST-120,Books,3,187.61,5.15,Delivered,5.0,North America,562.83
3375,2026-04-09 22:00:00,CUST-836,Electronics,4,84.43,46.28,Delivered,5.0,South America,337.72
3376,2026-04-09 23:00:00,CUST-966,Clothing,1,169.99,18.72,Delivered,5.0,Asia,169.99
3377,2026-04-10 00:00:00,CUST-893,Beauty,4,295.48,14.97,Shipped,4.0,South America,1181.92
3378,2026-04-10 01:00:00,CUST-619,Home Decor,3,165.3,36.43,Delivered,2.0,North America,495.9
3379,2026-04-10 02:00:00,CUST-199,Beauty,4,309.2,43.4,Delivered,4.0,North America,1236.8
3380,2026-04-10 03:00:00,CUST-851,Books,2,483.76,33.45,Delivered,5.0,South America,967.52
3381,2026-04-10 04:00:00,CUST-577,Clothing,1,338.66,16.45,Delivered,5.0,North America,338.66
3382,2026-04-10 05:00:00,CUST-698,Electronics,3,187.7,43.77,Cancelled,4.0,Europe,563.1
3383,2026-04-10 06:00:00,CUST-397,Electronics,1,468.52,27.97,Delivered,5.0,South America,468.52
3384,2026-04-10 07:00:00,CUST-625,Home Decor,1,287.16,22.15,Delivered,2.0,South America,287.16
3385,2026-04-10 08:00:00,CUST-433,Beauty,1,72.9,32.21,Delivered,5.0,Asia,72.9
3386,2026-04-10 09:00:00,CUST-101,Electronics,1,254.5,36.53,Delivered,5.0,South America,254.5
3387,2026-04-10 10:00:00,CUST-474,Electronics,2,330.28,31.72,Delivered,1.0,Europe,660.56
3388,2026-04-10 11:00:00,CUST-392,Electronics,2,420.74,46.41,Delivered,4.0,North America,841.48
3389,2026-04-10 12:00:00,CUST-936,Beauty,4,468.87,33.26,Delivered,2.0,South America,1875.48
3390,2026-04-10 13:00:00,CUST-652,Clothing,1,165.53,44.54,Delivered,5.0,South America,165.53
3391,2026-04-10 14:00:00,CUST-417,Clothing,4,86.2,31.41,Delivered,4.0,Asia,344.8
3392,2026-04-10 15:00:00,CUST-601,Clothing,4,46.18,19.84,Delivered,5.0,Asia,184.72
3393,2026-04-10 16:00:00,CUST-927,Beauty,1,371.79,28.95,Delivered,4.0,North America,371.79
3394,2026-04-10 17:00:00,CUST-480,Home Decor,1,399.63,8.89,Cancelled,5.0,South America,399.63
3395,2026-04-10 18:00:00,CUST-722,Home Decor,3,210.59,15.36,Returned,4.0,Europe,631.77
3396,2026-04-10 19:00:00,CUST-113,Electronics,2,204.0,39.48,Shipped,4.0,North America,408.0
3397,2026-04-10 20:00:00,CUST-603,Clothing,3,477.58,34.77,Delivered,4.0,Europe,1432.74
3398,2026-04-10 21:00:00,CUST-330,Home Decor,2,459.17,12.49,Delivered,4.0,South America,918.34
3399,2026-04-10 22:00:00,CUST-183,Books,1,124.3,24.71,Shipped,1.0,North America,124.3
3400,2026-04-10 23:00:00,CUST-229,Electronics,1,392.6,11.39,Shipped,5.0,Asia,392.6
3401,2026-04-11 00:00:00,CUST-842,Electronics,2,315.12,43.51,Delivered,1.0,Asia,630.24
3402,2026-04-11 01:00:00,CUST-937,Electronics,1,85.57,9.91,Delivered,5.0,Europe,85.57
3403,2026-04-11 02:00:00,CUST-244,Clothing,2,184.82,34.44,Delivered,4.0,North America,369.64
3404,2026-04-11 03:00:00,CUST-990,Beauty,3,96.96,32.32,Shipped,4.0,Europe,290.88
3405,2026-04-11 04:00:00,CUST-956,Electronics,2,154.63,26.27,Delivered,4.0,Asia,309.26
3406,2026-04-11 05:00:00,CUST-127,Clothing,5,311.5,17.52,Delivered,5.0,South America,1557.5
3407,2026-04-11 06:00:00,CUST-165,Clothing,1,193.88,23.18,Returned,1.0,Asia,193.88
3408,2026-04-11 07:00:00,CUST-262,Electronics,2,203.09,41.29,Delivered,4.0,South America,406.18
3409,2026-04-11 08:00:00,CUST-328,Clothing,2,274.43,39.27,Delivered,5.0,Europe,548.86
3410,2026-04-11 09:00:00,CUST-360,Electronics,5,52.74,38.25,Delivered,3.0,Europe,263.7
3411,2026-04-11 10:00:00,CUST-548,Clothing,2,372.01,38.74,Delivered,5.0,Europe,744.02
3412,2026-04-11 11:00:00,CUST-523,Home Decor,1,206.84,11.47,Delivered,3.0,South America,206.84
3413,2026-04-11 12:00:00,CUST-559,Clothing,4,245.39,9.46,Delivered,3.0,Europe,981.56
3414,2026-04-11 13:00:00,CUST-775,Electronics,2,487.41,43.77,Delivered,5.0,Europe,974.82
3415,2026-04-11 14:00:00,CUST-400,Books,1,178.74,42.67,Delivered,4.0,North America,178.74
3416,2026-04-11 15:00:00,CUST-402,Home Decor,2,327.63,35.66,Delivered,4.0,South America,655.26
3417,2026-04-11 16:00:00,CUST-386,Beauty,3,202.33,32.27,Returned,5.0,Europe,606.99
3418,2026-04-11 17:00:00,CUST-494,Electronics,2,448.2,21.51,Shipped,3.0,Europe,896.4
3419,2026-04-11 18:00:00,CUST-109,Electronics,1,424.91,15.08,Delivered,5.0,South America,424.91
3420,2026-04-11 19:00:00,CUST-806,Electronics,3,128.4,35.04,Cancelled,5.0,South America,385.2
3421,2026-04-11 20:00:00,CUST-729,Electronics,3,348.96,46.09,Delivered,5.0,Asia,1046.88
3422,2026-04-11 21:00:00,CUST-369,Clothing,2,41.93,24.66,Delivered,1.0,Asia,83.86
3423,2026-04-11 22:00:00,CUST-691,Books,1,481.96,18.64,Delivered,5.0,North America,481.96
3424,2026-04-11 23:00:00,CUST-704,Clothing,1,181.01,17.18,Delivered,2.0,Europe,181.01
3425,2026-04-12 00:00:00,CUST-877,Electronics,2,417.6,6.07,Delivered,4.0,South America,835.2
3426,2026-04-12 01:00:00,CUST-943,Home Decor,3,166.03,28.41,Delivered,5.0,Europe,498.09
3427,2026-04-12 02:00:00,CUST-961,Electronics,1,320.06,49.47,Shipped,1.0,Asia,320.06
3428,2026-04-12 03:00:00,CUST-460,Home Decor,1,491.96,41.69,Delivered,2.0,Asia,491.96
3429,2026-04-12 04:00:00,CUST-356,Home Decor,1,439.61,45.39,Delivered,4.0,Asia,439.61
3430,2026-04-12 05:00:00,CUST-232,Beauty,2,88.58,32.95,Delivered,5.0,South America,177.16
3431,2026-04-12 06:00:00,CUST-375,Books,1,278.27,26.67,Delivered,4.0,Europe,278.27
3432,2026-04-12 07:00:00,CUST-875,Electronics,1,180.78,49.57,Delivered,3.0,South America,180.78
3433,2026-04-12 08:00:00,CUST-782,Clothing,1,222.83,25.12,Delivered,5.0,Europe,222.83
3434,2026-04-12 09:00:00,CUST-612,Books,2,174.24,46.26,Delivered,5.0,North America,348.48
3435,2026-04-12 10:00:00,CUST-412,Beauty,1,174.62,39.28,Delivered,4.0,Asia,174.62
3436,2026-04-12 11:00:00,CUST-675,Clothing,1,275.85,19.89,Cancelled,5.0,Asia,275.85
3437,2026-04-12 12:00:00,CUST-985,Books,4,104.06,27.64,Delivered,4.0,Asia,416.24
3438,2026-04-12 13:00:00,CUST-383,Electronics,1,273.32,22.29,Delivered,4.0,Asia,273.32
3439,2026-04-12 14:00:00,CUST-220,Books,1,146.69,11.13,Delivered,3.0,South America,146.69
3440,2026-04-12 15:00:00,CUST-206,Electronics,4,151.6,21.05,Delivered,5.0,Asia,606.4
3441,2026-04-12 16:00:00,CUST-786,Clothing,1,371.99,45.0,Delivered,4.0,Europe,371.99
3442,2026-04-12 17:00:00,CUST-303,Beauty,2,24.5,38.87,Delivered,5.0,Europe,49.0
3443,2026-04-12 18:00:00,CUST-264,Electronics,1,196.66,17.49,Cancelled,5.0,Asia,196.66
3444,2026-04-12 19:00:00,CUST-404,Clothing,3,209.69,21.56,Delivered,1.0,Asia,629.07
3445,2026-04-12 20:00:00,CUST-596,Clothing,1,247.7,32.74,Shipped,5.0,South America,247.7
3446,2026-04-12 21:00:00,CUST-731,Books,3,337.82,23.73,Delivered,4.0,South America,1013.46
3447,2026-04-12 22:00:00,CUST-655,Beauty,1,191.15,27.64,Delivered,4.0,Europe,191.15
3448,2026-04-12 23:00:00,CUST-923,Home Decor,1,114.44,36.42,Delivered,5.0,Europe,114.44
3449,2026-04-13 00:00:00,CUST-255,Home Decor,3,443.59,26.03,Delivered,5.0,North America,1330.77
3450,2026-04-13 01:00:00,CUST-466,Beauty,5,490.71,13.59,Delivered,5.0,Europe,2453.55
3451,2026-04-13 02:00:00,CUST-818,Clothing,1,19.81,28.43,Delivered,4.0,North America,19.81
3452,2026-04-13 03:00:00,CUST-719,Clothing,3,277.77,21.03,Delivered,5.0,Asia,833.31
3453,2026-04-13 04:00:00,CUST-350,Home Decor,1,177.43,18.08,Delivered,5.0,Asia,177.43
3454,2026-04-13 05:00:00,CUST-981,Clothing,2,145.72,19.76,Delivered,4.0,Asia,291.44
3455,2026-04-13 06:00:00,CUST-433,Electronics,1,174.5,24.76,Cancelled,5.0,Europe,174.5
3456,2026-04-13 07:00:00,CUST-741,Electronics,2,323.05,44.9,Delivered,5.0,Europe,646.1
3457,2026-04-13 08:00:00,CUST-610,Electronics,1,103.45,38.03,Delivered,4.0,Asia,103.45
3458,2026-04-13 09:00:00,CUST-392,Beauty,1,457.3,35.05,Delivered,5.0,South America,457.3
3459,2026-04-13 10:00:00,CUST-119,Clothing,1,238.4,26.21,Cancelled,5.0,Asia,238.4
3460,2026-04-13 11:00:00,CUST-381,Home Decor,1,169.53,5.08,Shipped,5.0,North America,169.53
3461,2026-04-13 12:00:00,CUST-896,Clothing,4,385.11,20.32,Delivered,1.0,South America,1540.44
3462,2026-04-13 13:00:00,CUST-100,Electronics,5,18.01,41.59,Cancelled,5.0,South America,90.05
3463,2026-04-13 14:00:00,CUST-218,Clothing,3,221.61,22.47,Delivered,5.0,Europe,664.83
3464,2026-04-13 15:00:00,CUST-134,Beauty,1,184.1,30.37,Delivered,4.0,Europe,184.1
3465,2026-04-13 16:00:00,CUST-297,Home Decor,1,175.72,14.21,Delivered,5.0,North America,175.72
3466,2026-04-13 17:00:00,CUST-584,Books,2,175.16,46.21,Delivered,5.0,Asia,350.32
3467,2026-04-13 18:00:00,CUST-856,Home Decor,4,25.32,46.54,Delivered,4.0,Asia,101.28
3468,2026-04-13 19:00:00,CUST-158,Home Decor,1,84.54,11.57,Delivered,2.0,Europe,84.54
3469,2026-04-13 20:00:00,CUST-936,Home Decor,3,79.52,37.59,Delivered,5.0,Europe,238.56
3470,2026-04-13 21:00:00,CUST-260,Books,5,494.42,8.39,Delivered,4.0,Asia,2472.1
3471,2026-04-13 22:00:00,CUST-790,Beauty,3,20.86,31.93,Delivered,4.0,South America,62.58
3472,2026-04-13 23:00:00,CUST-305,Electronics,1,91.87,13.04,Delivered,4.0,North America,91.87
3473,2026-04-14 00:00:00,CUST-111,Clothing,1,487.35,11.56,Delivered,5.0,North America,487.35
3474,2026-04-14 01:00:00,CUST-589,Home Decor,1,317.85,5.19,Delivered,4.0,North America,317.85
3475,2026-04-14 02:00:00,CUST-375,Home Decor,2,230.83,47.34,Delivered,5.0,Europe,461.66
3476,2026-04-14 03:00:00,CUST-792,Electronics,1,48.59,42.32,Cancelled,5.0,South America,48.59
3477,2026-04-14 04:00:00,CUST-341,Beauty,1,338.13,8.49,Delivered,3.0,North America,338.13
3478,2026-04-14 05:00:00,CUST-315,Books,3,77.52,31.97,Delivered,5.0,South America,232.56
3479,2026-04-14 06:00:00,CUST-350,Electronics,1,338.88,15.48,Delivered,,Europe,338.88
3480,2026-04-14 07:00:00,CUST-910,Beauty,1,489.8,16.88,Delivered,3.0,Europe,489.8
3481,2026-04-14 08:00:00,CUST-225,Electronics,2,270.67,44.34,Delivered,5.0,Asia,541.34
3482,2026-04-14 09:00:00,CUST-316,Electronics,2,114.9,10.14,Delivered,4.0,South America,229.8
3483,2026-04-14 10:00:00,CUST-405,Electronics,3,316.39,32.07,Delivered,3.0,South America,949.17
3484,2026-04-14 11:00:00,CUST-896,Electronics,1,261.34,23.06,Delivered,4.0,South America,261.34
3485,2026-04-14 12:00:00,CUST-284,Beauty,2,271.24,13.59,Delivered,4.0,Asia,542.48
3486,2026-04-14 13:00:00,CUST-138,Electronics,2,244.27,25.34,Delivered,1.0,North America,488.54
3487,2026-04-14 14:00:00,CUST-322,Electronics,1,340.13,47.32,Delivered,1.0,North America,340.13
3488,2026-04-14 15:00:00,CUST-283,Electronics,3,290.25,40.17,Delivered,2.0,Europe,870.75
3489,2026-04-14 16:00:00,CUST-594,Electronics,1,493.63,10.95,Delivered,5.0,Asia,493.63
3490,2026-04-14 17:00:00,CUST-526,Electronics,1,414.67,43.22,Delivered,4.0,South America,414.67
3491,2026-04-14 18:00:00,CUST-277,Home Decor,1,139.7,47.18,Delivered,5.0,Asia,139.7
3492,2026-04-14 19:00:00,CUST-527,Electronics,1,365.62,17.46,Delivered,5.0,Europe,365.62
3493,2026-04-14 20:00:00,CUST-393,Beauty,1,115.01,20.0,Shipped,5.0,North America,115.01
3494,2026-04-14 21:00:00,CUST-951,Beauty,3,393.35,10.68,Delivered,5.0,North America,1180.05
3495,2026-04-14 22:00:00,CUST-250,Electronics,1,82.3,20.52,Delivered,5.0,Europe,82.3
3496,2026-04-14 23:00:00,CUST-483,Beauty,5,242.04,35.29,Shipped,5.0,Asia,1210.2
3497,2026-04-15 00:00:00,CUST-737,Electronics,2,397.4,17.25,Delivered,5.0,Europe,794.8
3498,2026-04-15 01:00:00,CUST-912,Electronics,1,147.26,5.31,Delivered,4.0,South America,147.26
3499,2026-04-15 02:00:00,CUST-407,Electronics,1,420.19,20.23,Shipped,4.0,South America,420.19
3500,2026-04-15 03:00:00,CUST-435,Clothing,2,325.63,25.39,Delivered,5.0,Europe,651.26
3501,2026-04-15 04:00:00,CUST-845,Clothing,2,204.79,30.49,Delivered,5.0,South America,409.58
3502,2026-04-15 05:00:00,CUST-991,Beauty,1,217.47,35.77,Cancelled,4.0,South America,217.47
3503,2026-04-15 06:00:00,CUST-474,Clothing,1,463.74,7.78,Delivered,3.0,North America,463.74
3504,2026-04-15 07:00:00,CUST-107,Home Decor,3,116.72,26.14,Delivered,4.0,Asia,350.16
3505,2026-04-15 08:00:00,CUST-440,Electronics,1,349.75,16.99,Delivered,4.0,North America,349.75
3506,2026-04-15 09:00:00,CUST-228,Beauty,3,356.57,47.66,Delivered,5.0,North America,1069.71
3507,2026-04-15 10:00:00,CUST-875,Electronics,2,462.0,21.2,Delivered,4.0,Asia,924.0
3508,2026-04-15 11:00:00,CUST-768,Electronics,1,359.45,9.51,Shipped,1.0,North America,359.45
3509,2026-04-15 12:00:00,CUST-451,Electronics,1,296.39,6.87,Delivered,2.0,South America,296.39
3510,2026-04-15 13:00:00,CUST-457,Electronics,1,452.24,16.94,Delivered,4.0,Europe,452.24
3511,2026-04-15 14:00:00,CUST-616,Clothing,3,416.27,13.05,Delivered,2.0,Europe,1248.81
3512,2026-04-15 15:00:00,CUST-594,Beauty,1,361.22,34.24,Delivered,5.0,Asia,361.22
3513,2026-04-15 16:00:00,CUST-185,Electronics,1,25.96,43.11,Delivered,5.0,Europe,25.96
3514,2026-04-15 17:00:00,CUST-274,Home Decor,2,193.03,19.07,Returned,5.0,Europe,386.06
3515,2026-04-15 18:00:00,CUST-901,Home Decor,1,319.63,31.0,Delivered,5.0,Europe,319.63
3516,2026-04-15 19:00:00,CUST-292,Beauty,1,265.9,37.86,Delivered,5.0,Europe,265.9
3517,2026-04-15 20:00:00,CUST-410,Electronics,3,166.47,22.93,Delivered,5.0,North America,499.41
3518,2026-04-15 21:00:00,CUST-218,Clothing,1,80.77,7.98,Delivered,5.0,South America,80.77
3519,2026-04-15 22:00:00,CUST-317,Books,4,280.97,15.31,Delivered,5.0,South America,1123.88
3520,2026-04-15 23:00:00,CUST-526,Home Decor,3,150.1,44.74,Delivered,5.0,Europe,450.3
3521,2026-04-16 00:00:00,CUST-513,Clothing,1,124.17,42.1,Cancelled,5.0,Asia,124.17
3522,2026-04-16 01:00:00,CUST-213,Electronics,1,205.49,8.89,Delivered,1.0,North America,205.49
3523,2026-04-16 02:00:00,CUST-244,Electronics,1,394.89,15.08,Delivered,4.0,Europe,394.89
3524,2026-04-16 03:00:00,CUST-637,Home Decor,2,249.05,39.61,Cancelled,5.0,Europe,498.1
3525,2026-04-16 04:00:00,CUST-747,Home Decor,1,116.08,26.87,Delivered,5.0,Asia,116.08
3526,2026-04-16 05:00:00,CUST-402,Electronics,4,67.28,39.2,Delivered,5.0,North America,269.12
3527,2026-04-16 06:00:00,CUST-843,Home Decor,2,254.5,14.5,Returned,5.0,Europe,509.0
3528,2026-04-16 07:00:00,CUST-980,Home Decor,1,399.24,47.87,Delivered,5.0,Asia,399.24
3529,2026-04-16 08:00:00,CUST-687,Clothing,2,329.88,40.26,Delivered,1.0,North America,659.76
3530,2026-04-16 09:00:00,CUST-939,Home Decor,1,123.75,13.89,Delivered,4.0,North America,123.75
3531,2026-04-16 10:00:00,CUST-444,Beauty,3,223.99,30.13,Delivered,4.0,Europe,671.97
3532,2026-04-16 11:00:00,CUST-913,Clothing,2,429.06,10.09,Delivered,4.0,Asia,858.12
3533,2026-04-16 12:00:00,CUST-900,Beauty,1,97.05,21.26,Delivered,5.0,Asia,97.05
3534,2026-04-16 13:00:00,CUST-100,Electronics,1,270.72,34.68,Delivered,2.0,Europe,270.72
3535,2026-04-16 14:00:00,CUST-246,Electronics,3,184.55,19.86,Delivered,1.0,Europe,553.65
3536,2026-04-16 15:00:00,CUST-386,Electronics,2,70.85,34.55,Delivered,4.0,Europe,141.7
3537,2026-04-16 16:00:00,CUST-753,Electronics,4,34.45,16.02,Delivered,5.0,Asia,137.8
3538,2026-04-16 17:00:00,CUST-152,Electronics,1,282.38,37.45,Shipped,1.0,North America,282.38
3539,2026-04-16 18:00:00,CUST-403,Electronics,1,20.17,21.18,Delivered,5.0,Europe,20.17
3540,2026-04-16 19:00:00,CUST-168,Beauty,1,60.69,40.57,Delivered,4.0,South America,60.69
3541,2026-04-16 20:00:00,CUST-460,Electronics,2,180.31,11.15,Delivered,3.0,South America,360.62
3542,2026-04-16 21:00:00,CUST-701,Home Decor,1,31.32,21.29,Delivered,5.0,Europe,31.32
3543,2026-04-16 22:00:00,CUST-319,Electronics,1,206.22,25.88,Cancelled,5.0,South America,206.22
3544,2026-04-16 23:00:00,CUST-803,Books,2,73.88,24.07,Shipped,5.0,North America,147.76
3545,2026-04-17 00:00:00,CUST-674,Home Decor,2,181.44,24.49,Delivered,5.0,North America,362.88
3546,2026-04-17 01:00:00,CUST-684,Electronics,1,397.67,25.02,Returned,5.0,South America,397.67
3547,2026-04-17 02:00:00,CUST-260,Beauty,1,316.92,49.5,Delivered,5.0,Asia,316.92
3548,2026-04-17 03:00:00,CUST-780,Clothing,2,228.25,13.69,Delivered,2.0,Europe,456.5
3549,2026-04-17 04:00:00,CUST-188,Beauty,1,55.0,39.59,Delivered,5.0,Asia,55.0
3550,2026-04-17 05:00:00,CUST-787,Clothing,1,313.38,29.83,Delivered,5.0,North America,313.38
3551,2026-04-17 06:00:00,CUST-880,Home Decor,1,90.22,23.61,Delivered,5.0,South America,90.22
3552,2026-04-17 07:00:00,CUST-684,Beauty,2,47.53,33.51,Delivered,5.0,Europe,95.06
3553,2026-04-17 08:00:00,CUST-856,Clothing,3,335.36,43.41,Delivered,4.0,South America,1006.08
3554,2026-04-17 09:00:00,CUST-688,Electronics,1,456.91,26.0,Returned,4.0,South America,456.91
3555,2026-04-17 10:00:00,CUST-258,Beauty,1,235.69,43.92,Shipped,5.0,Asia,235.69
3556,2026-04-17 11:00:00,CUST-588,Clothing,3,30.09,9.22,Delivered,4.0,Asia,90.27
3557,2026-04-17 12:00:00,CUST-423,Clothing,5,441.35,34.39,Delivered,5.0,South America,2206.75
3558,2026-04-17 13:00:00,CUST-709,Electronics,2,42.82,19.99,Delivered,5.0,North America,85.64
3559,2026-04-17 14:00:00,CUST-480,Clothing,5,435.08,22.4,Delivered,5.0,Europe,2175.4
3560,2026-04-17 15:00:00,CUST-201,Books,2,201.99,30.7,Shipped,5.0,South America,403.98
3561,2026-04-17 16:00:00,CUST-593,Electronics,2,189.04,26.6,Cancelled,4.0,South America,378.08
3562,2026-04-17 17:00:00,CUST-743,Clothing,1,275.97,22.18,Cancelled,5.0,South America,275.97
3563,2026-04-17 18:00:00,CUST-713,Home Decor,1,478.97,18.87,Delivered,4.0,South America,478.97
3564,2026-04-17 19:00:00,CUST-118,Beauty,1,450.38,32.82,Shipped,3.0,Asia,450.38
3565,2026-04-17 20:00:00,CUST-553,Clothing,3,240.46,27.75,Delivered,5.0,Asia,721.38
3566,2026-04-17 21:00:00,CUST-581,Clothing,4,350.95,19.55,Delivered,4.0,North America,1403.8
3567,2026-04-17 22:00:00,CUST-693,Books,2,294.41,14.22,Delivered,5.0,Europe,588.82
3568,2026-04-17 23:00:00,CUST-496,Home Decor,1,349.8,39.85,Shipped,4.0,South America,349.8
3569,2026-04-18 00:00:00,CUST-378,Electronics,1,416.37,40.99,Cancelled,5.0,North America,416.37
3570,2026-04-18 01:00:00,CUST-950,Electronics,1,26.9,14.62,Delivered,2.0,Asia,26.9
3571,2026-04-18 02:00:00,CUST-464,Clothing,1,169.62,16.77,Delivered,5.0,Europe,169.62
3572,2026-04-18 03:00:00,CUST-430,Electronics,2,480.07,15.76,Returned,5.0,North America,960.14
3573,2026-04-18 04:00:00,CUST-740,Electronics,4,475.17,44.81,Delivered,5.0,Europe,1900.68
3574,2026-04-18 05:00:00,CUST-443,Beauty,1,15.5,39.84,Delivered,4.0,Europe,15.5
3575,2026-04-18 06:00:00,CUST-921,Electronics,1,108.71,8.36,Delivered,5.0,Europe,108.71
3576,2026-04-18 07:00:00,CUST-554,Home Decor,2,496.95,42.47,Delivered,4.0,Asia,993.9
3577,2026-04-18 08:00:00,CUST-700,Electronics,1,251.48,6.66,Cancelled,5.0,South America,251.48
3578,2026-04-18 09:00:00,CUST-824,Beauty,3,290.7,16.39,Delivered,5.0,Europe,872.1
3579,2026-04-18 10:00:00,CUST-754,Home Decor,1,91.55,46.35,Delivered,3.0,North America,91.55
3580,2026-04-18 11:00:00,CUST-164,Electronics,1,448.22,43.89,Delivered,2.0,Europe,448.22
3581,2026-04-18 12:00:00,CUST-175,Clothing,1,123.32,40.16,Delivered,4.0,Europe,123.32
3582,2026-04-18 13:00:00,CUST-810,Electronics,1,102.93,25.59,Delivered,5.0,Asia,102.93
3583,2026-04-18 14:00:00,CUST-242,Beauty,2,121.78,19.46,Cancelled,5.0,North America,243.56
3584,2026-04-18 15:00:00,CUST-927,Beauty,1,460.61,44.67,Delivered,5.0,Europe,460.61
3585,2026-04-18 16:00:00,CUST-704,Clothing,1,354.39,34.57,Returned,5.0,Asia,354.39
3586,2026-04-18 17:00:00,CUST-572,Clothing,1,386.61,18.3,Cancelled,5.0,Asia,386.61
3587,2026-04-18 18:00:00,CUST-516,Clothing,1,194.75,25.84,Delivered,4.0,South America,194.75
3588,2026-04-18 19:00:00,CUST-404,Home Decor,1,455.5,44.67,Delivered,2.0,South America,455.5
3589,2026-04-18 20:00:00,CUST-835,Clothing,2,396.81,45.66,Delivered,5.0,South America,793.62
3590,2026-04-18 21:00:00,CUST-596,Electronics,2,377.79,34.67,Delivered,5.0,Europe,755.58
3591,2026-04-18 22:00:00,CUST-390,Clothing,4,485.76,37.97,Delivered,5.0,Europe,1943.04
3592,2026-04-18 23:00:00,CUST-201,Electronics,1,189.44,6.77,Delivered,4.0,Europe,189.44
3593,2026-04-19 00:00:00,CUST-366,Home Decor,1,309.38,32.21,Delivered,3.0,Asia,309.38
3594,2026-04-19 01:00:00,CUST-966,Electronics,1,455.87,36.0,Delivered,4.0,Europe,455.87
3595,2026-04-19 02:00:00,CUST-721,Home Decor,1,397.54,5.92,Delivered,5.0,Asia,397.54
3596,2026-04-19 03:00:00,CUST-941,Electronics,2,286.06,42.97,Delivered,5.0,North America,572.12
3597,2026-04-19 04:00:00,CUST-876,Electronics,3,47.34,46.77,Delivered,4.0,Europe,142.02
3598,2026-04-19 05:00:00,CUST-102,Home Decor,2,329.83,15.71,Delivered,5.0,North America,659.66
3599,2026-04-19 06:00:00,CUST-184,Books,1,268.01,43.06,Delivered,3.0,South America,268.01
3600,2026-04-19 07:00:00,CUST-893,Beauty,1,100.25,34.95,Delivered,5.0,North America,100.25
3601,2026-04-19 08:00:00,CUST-427,Electronics,4,442.3,31.13,Shipped,5.0,North America,1769.2
3602,2026-04-19 09:00:00,CUST-915,Electronics,1,178.19,42.94,Delivered,1.0,Asia,178.19
3603,2026-04-19 10:00:00,CUST-549,Beauty,1,199.87,17.85,Delivered,4.0,Asia,199.87
3604,2026-04-19 11:00:00,CUST-553,Clothing,4,339.48,40.59,Delivered,2.0,Asia,1357.92
3605,2026-04-19 12:00:00,CUST-728,Electronics,2,249.51,19.15,Delivered,5.0,Asia,499.02
3606,2026-04-19 13:00:00,CUST-320,Beauty,2,53.75,40.44,Delivered,5.0,South America,107.5
3607,2026-04-19 14:00:00,CUST-253,Beauty,1,199.85,25.3,Delivered,4.0,North America,199.85
3608,2026-04-19 15:00:00,CUST-764,Books,1,56.29,10.26,Delivered,4.0,South America,56.29
3609,2026-04-19 16:00:00,CUST-111,Books,1,103.47,22.17,Delivered,5.0,South America,103.47
3610,2026-04-19 17:00:00,CUST-232,Beauty,2,13.52,15.51,Delivered,5.0,Asia,27.04
3611,2026-04-19 18:00:00,CUST-403,Electronics,1,98.84,9.52,Delivered,3.0,North America,98.84
3612,2026-04-19 19:00:00,CUST-392,Electronics,3,171.92,9.96,Delivered,,North America,515.76
3613,2026-04-19 20:00:00,CUST-399,Home Decor,3,273.73,40.1,Shipped,5.0,South America,821.19
3614,2026-04-19 21:00:00,CUST-839,Clothing,2,460.45,44.66,Delivered,4.0,Asia,920.9
3615,2026-04-19 22:00:00,CUST-882,Clothing,1,274.76,46.72,Delivered,4.0,South America,274.76
3616,2026-04-19 23:00:00,CUST-142,Clothing,1,355.75,43.43,Delivered,5.0,North America,355.75
3617,2026-04-20 00:00:00,CUST-442,Clothing,3,185.26,42.36,Delivered,5.0,Asia,555.78
3618,2026-04-20 01:00:00,CUST-425,Home Decor,2,378.3,8.1,Delivered,5.0,South America,756.6
3619,2026-04-20 02:00:00,CUST-913,Electronics,2,314.03,40.56,Delivered,3.0,North America,628.06
3620,2026-04-20 03:00:00,CUST-597,Electronics,1,235.3,40.25,Delivered,4.0,Europe,235.3
3621,2026-04-20 04:00:00,CUST-463,Clothing,2,104.95,10.91,Delivered,4.0,Asia,209.9
3622,2026-04-20 05:00:00,CUST-990,Home Decor,2,158.74,34.79,Delivered,5.0,North America,317.48
3623,2026-04-20 06:00:00,CUST-526,Electronics,1,314.26,25.36,Delivered,5.0,Asia,314.26
3624,2026-04-20 07:00:00,CUST-120,Clothing,2,218.77,45.5,Delivered,5.0,North America,437.54
3625,2026-04-20 08:00:00,CUST-506,Home Decor,3,445.8,36.29,Delivered,5.0,Asia,1337.4
3626,2026-04-20 09:00:00,CUST-718,Clothing,1,125.07,47.79,Delivered,5.0,Europe,125.07
3627,2026-04-20 10:00:00,CUST-435,Electronics,1,45.81,9.72,Delivered,4.0,South America,45.81
3628,2026-04-20 11:00:00,CUST-914,Clothing,2,298.78,6.83,Delivered,4.0,South America,597.56
3629,2026-04-20 12:00:00,CUST-216,Electronics,1,444.16,48.81,Delivered,4.0,South America,444.16
3630,2026-04-20 13:00:00,CUST-223,Books,3,188.72,8.61,Delivered,4.0,Europe,566.16
3631,2026-04-20 14:00:00,CUST-498,Electronics,2,327.38,22.38,Delivered,4.0,Asia,654.76
3632,2026-04-20 15:00:00,CUST-892,Home Decor,3,123.39,34.25,Delivered,5.0,Asia,370.17
3633,2026-04-20 16:00:00,CUST-903,Electronics,2,283.65,44.6,Delivered,1.0,North America,567.3
3634,2026-04-20 17:00:00,CUST-814,Clothing,1,395.53,16.46,Delivered,,North America,395.53
3635,2026-04-20 18:00:00,CUST-150,Home Decor,1,434.85,6.31,Delivered,,Asia,434.85
3636,2026-04-20 19:00:00,CUST-882,Electronics,3,61.51,28.46,Cancelled,2.0,Europe,184.53
3637,2026-04-20 20:00:00,CUST-423,Clothing,1,184.62,26.2,Delivered,2.0,Europe,184.62
3638,2026-04-20 21:00:00,CUST-888,Electronics,2,323.43,18.81,Delivered,4.0,South America,646.86
3639,2026-04-20 22:00:00,CUST-240,Clothing,3,27.01,44.33,Delivered,4.0,South America,81.03
3640,2026-04-20 23:00:00,CUST-569,Home Decor,1,348.4,38.72,Delivered,5.0,South America,348.4
3641,2026-04-21 00:00:00,CUST-886,Clothing,1,268.74,43.62,Cancelled,5.0,Asia,268.74
3642,2026-04-21 01:00:00,CUST-901,Beauty,2,151.4,12.28,Delivered,5.0,North America,302.8
3643,2026-04-21 02:00:00,CUST-433,Home Decor,3,409.18,36.16,Delivered,4.0,Asia,1227.54
3644,2026-04-21 03:00:00,CUST-992,Clothing,1,152.12,48.88,Delivered,4.0,Asia,152.12
3645,2026-04-21 04:00:00,CUST-472,Electronics,4,495.79,32.54,Delivered,5.0,Europe,1983.16
3646,2026-04-21 05:00:00,CUST-663,Clothing,2,410.02,12.71,Delivered,3.0,Europe,820.04
3647,2026-04-21 06:00:00,CUST-593,Beauty,5,356.91,49.81,Delivered,4.0,North America,1784.55
3648,2026-04-21 07:00:00,CUST-638,Electronics,1,40.06,28.77,Delivered,5.0,North America,40.06
3649,2026-04-21 08:00:00,CUST-768,Beauty,1,453.11,42.8,Delivered,4.0,Asia,453.11
3650,2026-04-21 09:00:00,CUST-850,Electronics,3,397.13,11.72,Delivered,5.0,Asia,1191.39
3651,2026-04-21 10:00:00,CUST-255,Beauty,3,122.22,34.97,Delivered,4.0,Asia,366.66
3652,2026-04-21 11:00:00,CUST-390,Electronics,1,202.2,46.07,Delivered,1.0,Asia,202.2
3653,2026-04-21 12:00:00,CUST-747,Beauty,2,141.63,28.94,Shipped,5.0,Europe,283.26
3654,2026-04-21 13:00:00,CUST-243,Clothing,3,492.36,17.99,Delivered,5.0,South America,1477.08
3655,2026-04-21 14:00:00,CUST-205,Electronics,1,428.56,10.73,Delivered,5.0,South America,428.56
3656,2026-04-21 15:00:00,CUST-519,Electronics,2,465.81,18.32,Delivered,4.0,South America,931.62
3657,2026-04-21 16:00:00,CUST-769,Clothing,3,396.5,20.97,Delivered,,North America,1189.5
3658,2026-04-21 17:00:00,CUST-757,Books,1,233.61,36.95,Shipped,4.0,North America,233.61
3659,2026-04-21 18:00:00,CUST-101,Electronics,1,110.66,13.04,Delivered,1.0,North America,110.66
3660,2026-04-21 19:00:00,CUST-688,Electronics,3,111.96,9.77,Delivered,1.0,North America,335.88
3661,2026-04-21 20:00:00,CUST-743,Home Decor,1,84.32,22.41,Delivered,4.0,Europe,84.32
3662,2026-04-21 21:00:00,CUST-189,Clothing,1,277.86,25.64,Delivered,5.0,Asia,277.86
3663,2026-04-21 22:00:00,CUST-444,Clothing,4,460.78,33.28,Delivered,2.0,North America,1843.12
3664,2026-04-21 23:00:00,CUST-449,Home Decor,2,495.98,36.84,Delivered,5.0,South America,991.96
3665,2026-04-22 00:00:00,CUST-558,Electronics,3,150.78,45.02,Delivered,5.0,North America,452.34
3666,2026-04-22 01:00:00,CUST-362,Books,3,351.68,18.0,Delivered,5.0,South America,1055.04
3667,2026-04-22 02:00:00,CUST-450,Clothing,1,302.58,28.79,Delivered,,Asia,302.58
3668,2026-04-22 03:00:00,CUST-207,Electronics,1,249.58,21.47,Delivered,5.0,Europe,249.58
3669,2026-04-22 04:00:00,CUST-685,Home Decor,1,336.23,5.06,Delivered,4.0,Europe,336.23
3670,2026-04-22 05:00:00,CUST-138,Home Decor,1,191.97,31.07,Delivered,5.0,North America,191.97
3671,2026-04-22 06:00:00,CUST-258,Clothing,2,472.8,41.71,Delivered,5.0,North America,945.6
3672,2026-04-22 07:00:00,CUST-682,Home Decor,2,355.67,6.64,Shipped,5.0,South America,711.34
3673,2026-04-22 08:00:00,CUST-411,Electronics,1,379.56,5.16,Delivered,4.0,North America,379.56
3674,2026-04-22 09:00:00,CUST-340,Clothing,1,128.79,37.75,Shipped,4.0,Europe,128.79
3675,2026-04-22 10:00:00,CUST-544,Beauty,1,92.61,35.77,Delivered,5.0,North America,92.61
3676,2026-04-22 11:00:00,CUST-397,Electronics,2,203.23,23.26,Delivered,3.0,South America,406.46
3677,2026-04-22 12:00:00,CUST-135,Clothing,1,385.67,34.77,Delivered,5.0,Asia,385.67
3678,2026-04-22 13:00:00,CUST-183,Beauty,1,470.01,47.9,Delivered,4.0,Europe,470.01
3679,2026-04-22 14:00:00,CUST-551,Books,2,219.39,16.15,Delivered,4.0,Europe,438.78
3680,2026-04-22 15:00:00,CUST-985,Clothing,1,389.34,16.07,Delivered,5.0,Asia,389.34
3681,2026-04-22 16:00:00,CUST-874,Clothing,1,240.5,13.38,Delivered,3.0,Asia,240.5
3682,2026-04-22 17:00:00,CUST-921,Home Decor,2,154.66,37.58,Delivered,4.0,Europe,309.32
3683,2026-04-22 18:00:00,CUST-484,Books,1,372.24,20.89,Delivered,1.0,South America,372.24
3684,2026-04-22 19:00:00,CUST-271,Beauty,2,401.12,49.49,Delivered,5.0,South America,802.24
3685,2026-04-22 20:00:00,CUST-475,Electronics,1,109.39,37.16,Delivered,2.0,North America,109.39
3686,2026-04-22 21:00:00,CUST-784,Clothing,1,159.53,21.53,Shipped,2.0,South America,159.53
3687,2026-04-22 22:00:00,CUST-461,Clothing,1,252.44,11.71,Delivered,5.0,Europe,252.44
3688,2026-04-22 23:00:00,CUST-658,Beauty,4,101.4,31.64,Returned,4.0,North America,405.6
3689,2026-04-23 00:00:00,CUST-990,Home Decor,2,465.13,18.27,Delivered,4.0,South America,930.26
3690,2026-04-23 01:00:00,CUST-240,Home Decor,5,299.75,45.75,Shipped,5.0,Asia,1498.75
3691,2026-04-23 02:00:00,CUST-986,Books,2,69.39,24.86,Shipped,5.0,South America,138.78
3692,2026-04-23 03:00:00,CUST-217,Electronics,2,100.17,18.17,Delivered,4.0,North America,200.34
3693,2026-04-23 04:00:00,CUST-376,Electronics,1,477.63,31.48,Delivered,5.0,Asia,477.63
3694,2026-04-23 05:00:00,CUST-825,Clothing,1,371.7,11.16,Cancelled,5.0,North America,371.7
3695,2026-04-23 06:00:00,CUST-319,Clothing,1,369.86,30.27,Returned,3.0,North America,369.86
3696,2026-04-23 07:00:00,CUST-125,Electronics,1,45.52,7.53,Delivered,5.0,Asia,45.52
3697,2026-04-23 08:00:00,CUST-620,Electronics,1,448.7,32.31,Delivered,2.0,North America,448.7
3698,2026-04-23 09:00:00,CUST-882,Home Decor,1,227.43,28.86,Shipped,4.0,Europe,227.43
3699,2026-04-23 10:00:00,CUST-109,Beauty,1,333.26,28.43,Delivered,5.0,North America,333.26
3700,2026-04-23 11:00:00,CUST-477,Clothing,1,480.25,35.79,Delivered,4.0,Europe,480.25
3701,2026-04-23 12:00:00,CUST-732,Clothing,1,59.01,7.0,Returned,5.0,Asia,59.01
3702,2026-04-23 13:00:00,CUST-736,Electronics,2,246.32,25.69,Shipped,3.0,North America,492.64
3703,2026-04-23 14:00:00,CUST-781,Beauty,3,34.31,24.98,Cancelled,4.0,South America,102.93
3704,2026-04-23 15:00:00,CUST-683,Beauty,1,254.78,25.69,Delivered,4.0,North America,254.78
3705,2026-04-23 16:00:00,CUST-251,Home Decor,1,133.61,49.1,Delivered,4.0,Europe,133.61
3706,2026-04-23 17:00:00,CUST-819,Electronics,1,456.42,11.27,Returned,5.0,Europe,456.42
3707,2026-04-23 18:00:00,CUST-148,Electronics,3,205.26,36.07,Delivered,5.0,South America,615.78
3708,2026-04-23 19:00:00,CUST-253,Electronics,1,320.6,23.09,Delivered,5.0,Asia,320.6
3709,2026-04-23 20:00:00,CUST-958,Home Decor,2,431.54,28.03,Delivered,5.0,Europe,863.08
3710,2026-04-23 21:00:00,CUST-392,Beauty,1,492.01,39.31,Delivered,5.0,Europe,492.01
3711,2026-04-23 22:00:00,CUST-679,Beauty,1,256.87,12.08,Delivered,5.0,Europe,256.87
3712,2026-04-23 23:00:00,CUST-149,Clothing,1,233.32,39.36,Delivered,4.0,North America,233.32
3713,2026-04-24 00:00:00,CUST-763,Beauty,1,47.11,8.16,Delivered,5.0,North America,47.11
3714,2026-04-24 01:00:00,CUST-630,Books,3,16.24,26.75,Delivered,4.0,North America,48.72
3715,2026-04-24 02:00:00,CUST-711,Electronics,1,308.31,38.39,Delivered,5.0,North America,308.31
3716,2026-04-24 03:00:00,CUST-159,Clothing,2,42.08,13.66,Delivered,5.0,North America,84.16
3717,2026-04-24 04:00:00,CUST-266,Books,2,196.39,39.69,Delivered,1.0,South America,392.78
3718,2026-04-24 05:00:00,CUST-301,Clothing,2,11.77,12.51,Delivered,5.0,Europe,23.54
3719,2026-04-24 06:00:00,CUST-956,Books,1,311.46,40.97,Delivered,5.0,South America,311.46
3720,2026-04-24 07:00:00,CUST-245,Books,1,218.45,26.1,Delivered,,Europe,218.45
3721,2026-04-24 08:00:00,CUST-775,Home Decor,1,72.24,35.81,Delivered,5.0,North America,72.24
3722,2026-04-24 09:00:00,CUST-538,Beauty,1,155.22,46.28,Delivered,3.0,North America,155.22
3723,2026-04-24 10:00:00,CUST-341,Home Decor,2,289.13,23.38,Delivered,5.0,Asia,578.26
3724,2026-04-24 11:00:00,CUST-680,Home Decor,1,331.79,15.48,Delivered,5.0,Asia,331.79
3725,2026-04-24 12:00:00,CUST-786,Clothing,2,236.54,44.02,Delivered,4.0,South America,473.08
3726,2026-04-24 13:00:00,CUST-660,Electronics,1,403.94,12.27,Delivered,4.0,Europe,403.94
3727,2026-04-24 14:00:00,CUST-582,Clothing,4,65.1,33.42,Cancelled,2.0,South America,260.4
3728,2026-04-24 15:00:00,CUST-207,Home Decor,1,51.43,46.55,Cancelled,1.0,Asia,51.43
3729,2026-04-24 16:00:00,CUST-325,Electronics,1,31.68,35.35,Delivered,4.0,Europe,31.68
3730,2026-04-24 17:00:00,CUST-772,Electronics,4,272.56,13.81,Delivered,5.0,South America,1090.24
3731,2026-04-24 18:00:00,CUST-730,Electronics,1,356.05,11.85,Cancelled,5.0,Asia,356.05
3732,2026-04-24 19:00:00,CUST-760,Home Decor,4,73.96,16.35,Delivered,5.0,North America,295.84
3733,2026-04-24 20:00:00,CUST-761,Books,1,323.08,22.61,Delivered,5.0,South America,323.08
3734,2026-04-24 21:00:00,CUST-531,Books,1,243.7,12.16,Delivered,5.0,North America,243.7
3735,2026-04-24 22:00:00,CUST-904,Clothing,2,493.8,40.9,Returned,5.0,South America,987.6
3736,2026-04-24 23:00:00,CUST-754,Beauty,3,361.56,21.07,Delivered,5.0,Europe,1084.68
3737,2026-04-25 00:00:00,CUST-518,Home Decor,1,332.16,47.12,Delivered,5.0,Europe,332.16
3738,2026-04-25 01:00:00,CUST-554,Clothing,4,289.52,42.91,Delivered,4.0,Europe,1158.08
3739,2026-04-25 02:00:00,CUST-259,Home Decor,2,498.71,45.9,Returned,3.0,Europe,997.42
3740,2026-04-25 03:00:00,CUST-622,Electronics,3,490.42,18.25,Delivered,5.0,Asia,1471.26
3741,2026-04-25 04:00:00,CUST-749,Books,1,273.68,30.82,Delivered,1.0,North America,273.68
3742,2026-04-25 05:00:00,CUST-689,Clothing,1,233.04,19.47,Delivered,4.0,Asia,233.04
3743,2026-04-25 06:00:00,CUST-176,Clothing,4,236.44,16.56,Delivered,5.0,South America,945.76
3744,2026-04-25 07:00:00,CUST-608,Home Decor,4,219.89,32.32,Delivered,5.0,South America,879.56
3745,2026-04-25 08:00:00,CUST-540,Clothing,1,270.39,41.81,Delivered,5.0,North America,270.39
3746,2026-04-25 09:00:00,CUST-353,Electronics,1,144.06,9.21,Delivered,4.0,North America,144.06
3747,2026-04-25 10:00:00,CUST-869,Home Decor,1,464.13,17.41,Delivered,5.0,Asia,464.13
3748,2026-04-25 11:00:00,CUST-419,Electronics,2,250.21,14.23,Delivered,5.0,Europe,500.42
3749,2026-04-25 12:00:00,CUST-902,Home Decor,1,422.58,40.93,Shipped,5.0,Asia,422.58
3750,2026-04-25 13:00:00,CUST-362,Clothing,1,242.9,47.0,Delivered,4.0,Asia,242.9
3751,2026-04-25 14:00:00,CUST-696,Home Decor,1,361.96,8.6,Delivered,5.0,South America,361.96
3752,2026-04-25 15:00:00,CUST-757,Home Decor,2,175.07,22.06,Delivered,4.0,Asia,350.14
3753,2026-04-25 16:00:00,CUST-934,Clothing,1,316.16,46.15,Delivered,5.0,North America,316.16
3754,2026-04-25 17:00:00,CUST-653,Home Decor,1,254.2,20.51,Delivered,5.0,Europe,254.2
3755,2026-04-25 18:00:00,CUST-473,Home Decor,2,189.89,37.07,Delivered,5.0,South America,379.78
3756,2026-04-25 19:00:00,CUST-736,Beauty,2,441.96,9.53,Delivered,5.0,North America,883.92
3757,2026-04-25 20:00:00,CUST-266,Home Decor,1,65.23,25.0,Delivered,5.0,South America,65.23
3758,2026-04-25 21:00:00,CUST-852,Beauty,1,248.59,27.65,Delivered,4.0,Asia,248.59
3759,2026-04-25 22:00:00,CUST-558,Electronics,2,105.24,39.09,Cancelled,4.0,Asia,210.48
3760,2026-04-25 23:00:00,CUST-379,Clothing,3,431.92,18.0,Delivered,4.0,North America,1295.76
3761,2026-04-26 00:00:00,CUST-799,Books,2,134.2,16.89,Delivered,5.0,North America,268.4
3762,2026-04-26 01:00:00,CUST-401,Clothing,4,320.38,18.63,Delivered,5.0,South America,1281.52
3763,2026-04-26 02:00:00,CUST-630,Electronics,2,91.13,30.01,Delivered,5.0,Europe,182.26
3764,2026-04-26 03:00:00,CUST-679,Clothing,3,208.41,44.42,Delivered,5.0,South America,625.23
3765,2026-04-26 04:00:00,CUST-317,Electronics,1,450.69,42.39,Delivered,4.0,Asia,450.69
3766,2026-04-26 05:00:00,CUST-201,Electronics,1,91.37,7.61,Shipped,1.0,North America,91.37
3767,2026-04-26 06:00:00,CUST-653,Books,1,334.97,44.55,Delivered,4.0,North America,334.97
3768,2026-04-26 07:00:00,CUST-387,Clothing,1,110.21,9.28,Delivered,5.0,South America,110.21
3769,2026-04-26 08:00:00,CUST-266,Electronics,2,213.72,23.69,Delivered,5.0,North America,427.44
3770,2026-04-26 09:00:00,CUST-720,Books,1,274.9,39.44,Delivered,5.0,North America,274.9
3771,2026-04-26 10:00:00,CUST-135,Books,2,292.88,8.67,Delivered,3.0,Asia,585.76
3772,2026-04-26 11:00:00,CUST-843,Clothing,1,305.23,6.82,Delivered,2.0,Europe,305.23
3773,2026-04-26 12:00:00,CUST-840,Electronics,1,323.66,19.85,Delivered,5.0,North America,323.66
3774,2026-04-26 13:00:00,CUST-452,Beauty,5,143.17,37.85,Delivered,2.0,North America,715.85
3775,2026-04-26 14:00:00,CUST-775,Home Decor,1,206.67,28.48,Delivered,4.0,South America,206.67
3776,2026-04-26 15:00:00,CUST-998,Home Decor,1,28.29,23.77,Delivered,2.0,Europe,28.29
3777,2026-04-26 16:00:00,CUST-172,Beauty,1,386.69,41.59,Returned,5.0,Asia,386.69
3778,2026-04-26 17:00:00,CUST-747,Home Decor,3,420.18,39.5,Delivered,4.0,North America,1260.54
3779,2026-04-26 18:00:00,CUST-452,Electronics,1,107.63,40.37,Delivered,4.0,Europe,107.63
3780,2026-04-26 19:00:00,CUST-990,Home Decor,2,108.71,25.69,Delivered,5.0,Europe,217.42
3781,2026-04-26 20:00:00,CUST-169,Clothing,1,30.6,5.88,Delivered,4.0,South America,30.6
3782,2026-04-26 21:00:00,CUST-524,Beauty,2,485.49,12.75,Delivered,3.0,Asia,970.98
3783,2026-04-26 22:00:00,CUST-807,Home Decor,1,405.52,38.36,Delivered,,Europe,405.52
3784,2026-04-26 23:00:00,CUST-880,Electronics,2,186.74,38.89,Delivered,5.0,Asia,373.48
3785,2026-04-27 00:00:00,CUST-660,Clothing,3,246.14,48.75,Delivered,4.0,Europe,738.42
3786,2026-04-27 01:00:00,CUST-927,Clothing,2,153.06,13.56,Delivered,3.0,North America,306.12
3787,2026-04-27 02:00:00,CUST-741,Clothing,2,302.65,10.53,Delivered,2.0,Asia,605.3
3788,2026-04-27 03:00:00,CUST-616,Home Decor,2,361.48,11.25,Delivered,5.0,South America,722.96
3789,2026-04-27 04:00:00,CUST-527,Clothing,2,229.21,13.32,Delivered,5.0,Europe,458.42
3790,2026-04-27 05:00:00,CUST-638,Beauty,1,438.06,28.78,Cancelled,4.0,North America,438.06
3791,2026-04-27 06:00:00,CUST-259,Electronics,2,263.34,48.88,Delivered,4.0,Europe,526.68
3792,2026-04-27 07:00:00,CUST-248,Home Decor,1,80.68,31.52,Delivered,3.0,North America,80.68
3793,2026-04-27 08:00:00,CUST-875,Beauty,1,314.92,28.52,Delivered,4.0,Asia,314.92
3794,2026-04-27 09:00:00,CUST-329,Home Decor,1,236.49,35.3,Delivered,1.0,South America,236.49
3795,2026-04-27 10:00:00,CUST-811,Clothing,1,468.48,8.33,Delivered,,North America,468.48
3796,2026-04-27 11:00:00,CUST-661,Books,1,202.03,41.69,Shipped,5.0,Europe,202.03
3797,2026-04-27 12:00:00,CUST-166,Electronics,2,207.4,34.11,Delivered,4.0,North America,414.8
3798,2026-04-27 13:00:00,CUST-911,Electronics,1,328.88,12.7,Shipped,5.0,North America,328.88
3799,2026-04-27 14:00:00,CUST-480,Clothing,1,268.22,33.38,Delivered,3.0,South America,268.22
3800,2026-04-27 15:00:00,CUST-157,Electronics,2,193.48,31.83,Delivered,2.0,Asia,386.96
3801,2026-04-27 16:00:00,CUST-358,Books,1,494.99,7.92,Delivered,,North America,494.99
3802,2026-04-27 17:00:00,CUST-441,Electronics,2,158.07,17.01,Delivered,4.0,North America,316.14
3803,2026-04-27 18:00:00,CUST-937,Beauty,2,145.99,22.59,Shipped,,Europe,291.98
3804,2026-04-27 19:00:00,CUST-229,Beauty,4,433.57,16.02,Delivered,5.0,Europe,1734.28
3805,2026-04-27 20:00:00,CUST-826,Electronics,2,11.65,15.94,Returned,5.0,Asia,23.3
3806,2026-04-27 21:00:00,CUST-271,Home Decor,1,108.61,30.78,Delivered,5.0,Asia,108.61
3807,2026-04-27 22:00:00,CUST-869,Electronics,1,299.32,26.19,Delivered,3.0,Asia,299.32
3808,2026-04-27 23:00:00,CUST-713,Clothing,1,89.6,35.03,Delivered,5.0,Europe,89.6
3809,2026-04-28 00:00:00,CUST-308,Electronics,4,493.04,48.04,Delivered,3.0,North America,1972.16
3810,2026-04-28 01:00:00,CUST-902,Books,1,237.46,34.73,Delivered,5.0,Asia,237.46
3811,2026-04-28 02:00:00,CUST-453,Books,1,302.71,31.19,Delivered,5.0,Europe,302.71
3812,2026-04-28 03:00:00,CUST-570,Electronics,1,88.58,43.14,Returned,5.0,Europe,88.58
3813,2026-04-28 04:00:00,CUST-897,Electronics,3,151.8,33.44,Delivered,5.0,Asia,455.4
3814,2026-04-28 05:00:00,CUST-215,Beauty,1,311.17,12.45,Delivered,5.0,Europe,311.17
3815,2026-04-28 06:00:00,CUST-363,Electronics,5,279.28,19.16,Delivered,5.0,North America,1396.4
3816,2026-04-28 07:00:00,CUST-761,Beauty,1,394.34,38.0,Delivered,5.0,South America,394.34
3817,2026-04-28 08:00:00,CUST-911,Home Decor,1,141.92,38.23,Delivered,4.0,Europe,141.92
3818,2026-04-28 09:00:00,CUST-541,Clothing,1,330.24,49.42,Returned,5.0,Europe,330.24
3819,2026-04-28 10:00:00,CUST-647,Beauty,3,152.58,33.21,Delivered,5.0,South America,457.74
3820,2026-04-28 11:00:00,CUST-552,Clothing,3,297.51,45.48,Delivered,5.0,North America,892.53
3821,2026-04-28 12:00:00,CUST-944,Books,1,306.47,7.46,Delivered,5.0,Asia,306.47
3822,2026-04-28 13:00:00,CUST-576,Books,1,69.7,30.48,Returned,3.0,Europe,69.7
3823,2026-04-28 14:00:00,CUST-386,Electronics,2,278.83,46.39,Delivered,4.0,North America,557.66
3824,2026-04-28 15:00:00,CUST-402,Electronics,1,15.85,17.93,Returned,5.0,Asia,15.85
3825,2026-04-28 16:00:00,CUST-410,Books,1,255.59,11.97,Delivered,2.0,North America,255.59
3826,2026-04-28 17:00:00,CUST-307,Books,1,351.79,20.77,Delivered,5.0,South America,351.79
3827,2026-04-28 18:00:00,CUST-717,Electronics,1,45.69,40.65,Delivered,5.0,Europe,45.69
3828,2026-04-28 19:00:00,CUST-545,Beauty,1,469.97,8.81,Delivered,1.0,North America,469.97
3829,2026-04-28 20:00:00,CUST-769,Clothing,1,234.79,32.02,Delivered,5.0,Asia,234.79
3830,2026-04-28 21:00:00,CUST-732,Electronics,1,469.82,11.1,Delivered,5.0,Asia,469.82
3831,2026-04-28 22:00:00,CUST-154,Beauty,3,62.63,24.6,Delivered,4.0,Asia,187.89
3832,2026-04-28 23:00:00,CUST-111,Electronics,1,475.45,48.47,Cancelled,5.0,South America,475.45
3833,2026-04-29 00:00:00,CUST-756,Books,2,63.51,13.78,Delivered,3.0,North America,127.02
3834,2026-04-29 01:00:00,CUST-499,Electronics,1,236.13,6.53,Returned,5.0,North America,236.13
3835,2026-04-29 02:00:00,CUST-747,Home Decor,2,469.62,24.22,Delivered,4.0,Asia,939.24
3836,2026-04-29 03:00:00,CUST-614,Electronics,1,124.03,31.0,Delivered,5.0,Asia,124.03
3837,2026-04-29 04:00:00,CUST-755,Clothing,2,27.04,18.39,Cancelled,4.0,Asia,54.08
3838,2026-04-29 05:00:00,CUST-641,Home Decor,1,398.62,29.38,Delivered,5.0,South America,398.62
3839,2026-04-29 06:00:00,CUST-336,Electronics,3,301.98,47.9,Delivered,5.0,South America,905.94
3840,2026-04-29 07:00:00,CUST-378,Clothing,1,261.82,19.03,Delivered,4.0,Europe,261.82
3841,2026-04-29 08:00:00,CUST-447,Clothing,1,26.83,18.92,Shipped,5.0,Europe,26.83
3842,2026-04-29 09:00:00,CUST-726,Electronics,4,330.08,26.72,Delivered,5.0,Europe,1320.32
3843,2026-04-29 10:00:00,CUST-203,Beauty,2,94.1,28.19,Delivered,5.0,Asia,188.2
3844,2026-04-29 11:00:00,CUST-729,Clothing,1,466.29,5.06,Delivered,5.0,South America,466.29
3845,2026-04-29 12:00:00,CUST-616,Home Decor,4,346.01,32.71,Delivered,5.0,South America,1384.04
3846,2026-04-29 13:00:00,CUST-971,Clothing,1,356.45,49.88,Shipped,5.0,Europe,356.45
3847,2026-04-29 14:00:00,CUST-347,Clothing,1,123.96,18.14,Delivered,1.0,Asia,123.96
3848,2026-04-29 15:00:00,CUST-463,Electronics,5,441.57,33.39,Delivered,5.0,North America,2207.85
3849,2026-04-29 16:00:00,CUST-420,Clothing,1,273.49,5.21,Delivered,,Asia,273.49
3850,2026-04-29 17:00:00,CUST-732,Clothing,3,429.97,32.19,Delivered,5.0,Asia,1289.91
3851,2026-04-29 18:00:00,CUST-385,Home Decor,1,142.76,25.12,Delivered,3.0,Europe,142.76
3852,2026-04-29 19:00:00,CUST-248,Beauty,2,380.18,28.86,Delivered,4.0,South America,760.36
3853,2026-04-29 20:00:00,CUST-183,Clothing,2,291.54,29.48,Delivered,5.0,South America,583.08
3854,2026-04-29 21:00:00,CUST-505,Electronics,5,33.73,12.96,Delivered,3.0,North America,168.65
3855,2026-04-29 22:00:00,CUST-555,Electronics,2,208.62,39.65,Delivered,4.0,South America,417.24
3856,2026-04-29 23:00:00,CUST-842,Electronics,1,100.12,30.0,Delivered,4.0,South America,100.12
3857,2026-04-30 00:00:00,CUST-899,Electronics,2,186.0,17.16,Delivered,5.0,North America,372.0
3858,2026-04-30 01:00:00,CUST-260,Clothing,1,197.84,47.18,Delivered,5.0,North America,197.84
3859,2026-04-30 02:00:00,CUST-883,Electronics,3,242.71,5.57,Delivered,5.0,Europe,728.13
3860,2026-04-30 03:00:00,CUST-559,Electronics,3,304.14,37.67,Delivered,,Europe,912.42
3861,2026-04-30 04:00:00,CUST-649,Electronics,1,289.78,22.16,Returned,4.0,Europe,289.78
3862,2026-04-30 05:00:00,CUST-599,Electronics,3,29.11,28.51,Delivered,5.0,Europe,87.33
3863,2026-04-30 06:00:00,CUST-837,Electronics,1,377.84,18.12,Delivered,5.0,South America,377.84
3864,2026-04-30 07:00:00,CUST-608,Electronics,1,475.1,19.46,Delivered,3.0,Europe,475.1
3865,2026-04-30 08:00:00,CUST-753,Clothing,1,180.85,5.68,Delivered,5.0,Asia,180.85
3866,2026-04-30 09:00:00,CUST-903,Clothing,2,98.08,37.84,Shipped,4.0,North America,196.16
3867,2026-04-30 10:00:00,CUST-580,Electronics,1,274.6,36.99,Delivered,5.0,Europe,274.6
3868,2026-04-30 11:00:00,CUST-762,Clothing,3,355.41,34.45,Delivered,1.0,North America,1066.23
3869,2026-04-30 12:00:00,CUST-213,Clothing,1,342.66,44.51,Delivered,5.0,South America,342.66
3870,2026-04-30 13:00:00,CUST-848,Electronics,2,309.93,45.56,Delivered,5.0,Europe,619.86
3871,2026-04-30 14:00:00,CUST-677,Electronics,1,81.65,30.04,Delivered,4.0,Asia,81.65
3872,2026-04-30 15:00:00,CUST-460,Clothing,3,420.04,35.82,Delivered,5.0,North America,1260.12
3873,2026-04-30 16:00:00,CUST-440,Home Decor,1,218.55,5.49,Delivered,4.0,Europe,218.55
3874,2026-04-30 17:00:00,CUST-869,Electronics,2,118.52,43.09,Delivered,2.0,Asia,237.04
3875,2026-04-30 18:00:00,CUST-860,Electronics,1,52.27,41.74,Delivered,4.0,South America,52.27
3876,2026-04-30 19:00:00,CUST-548,Beauty,2,214.19,5.91,Delivered,5.0,Asia,428.38
3877,2026-04-30 20:00:00,CUST-942,Electronics,1,312.81,29.43,Delivered,2.0,South America,312.81
3878,2026-04-30 21:00:00,CUST-934,Electronics,2,336.04,45.8,Delivered,5.0,North America,672.08
3879,2026-04-30 22:00:00,CUST-279,Beauty,1,481.74,13.16,Delivered,5.0,Europe,481.74
3880,2026-04-30 23:00:00,CUST-801,Beauty,3,85.04,20.87,Cancelled,5.0,Asia,255.12
3881,2026-05-01 00:00:00,CUST-506,Clothing,1,493.03,19.9,Delivered,4.0,Asia,493.03
3882,2026-05-01 01:00:00,CUST-765,Clothing,1,330.79,21.02,Delivered,1.0,Asia,330.79
3883,2026-05-01 02:00:00,CUST-295,Electronics,1,232.57,6.88,Cancelled,4.0,South America,232.57
3884,2026-05-01 03:00:00,CUST-565,Electronics,1,445.22,17.56,Shipped,4.0,North America,445.22
3885,2026-05-01 04:00:00,CUST-410,Home Decor,1,350.3,18.27,Delivered,5.0,North America,350.3
3886,2026-05-01 05:00:00,CUST-361,Electronics,4,180.87,43.96,Delivered,5.0,Europe,723.48
3887,2026-05-01 06:00:00,CUST-518,Clothing,5,443.2,20.85,Delivered,4.0,Europe,2216.0
3888,2026-05-01 07:00:00,CUST-505,Books,2,336.64,25.12,Cancelled,5.0,North America,673.28
3889,2026-05-01 08:00:00,CUST-242,Books,1,352.43,22.13,Delivered,2.0,North America,352.43
3890,2026-05-01 09:00:00,CUST-441,Electronics,1,449.23,10.43,Delivered,3.0,North America,449.23
3891,2026-05-01 10:00:00,CUST-415,Home Decor,2,229.72,49.57,Shipped,5.0,Asia,459.44
3892,2026-05-01 11:00:00,CUST-200,Clothing,1,331.88,42.16,Delivered,5.0,South America,331.88
3893,2026-05-01 12:00:00,CUST-343,Beauty,4,374.9,29.34,Delivered,5.0,North America,1499.6
3894,2026-05-01 13:00:00,CUST-589,Electronics,1,232.43,26.44,Delivered,5.0,Europe,232.43
3895,2026-05-01 14:00:00,CUST-111,Electronics,5,50.89,34.22,Delivered,1.0,South America,254.45
3896,2026-05-01 15:00:00,CUST-338,Electronics,1,388.01,19.69,Delivered,5.0,Asia,388.01
3897,2026-05-01 16:00:00,CUST-660,Clothing,3,33.43,7.26,Delivered,5.0,South America,100.29
3898,2026-05-01 17:00:00,CUST-141,Clothing,1,361.78,23.19,Delivered,5.0,North America,361.78
3899,2026-05-01 18:00:00,CUST-777,Beauty,3,456.33,49.28,Shipped,5.0,South America,1368.99
3900,2026-05-01 19:00:00,CUST-693,Home Decor,1,180.01,13.21,Delivered,1.0,Europe,180.01
3901,2026-05-01 20:00:00,CUST-528,Electronics,2,60.01,28.75,Delivered,5.0,South America,120.02
3902,2026-05-01 21:00:00,CUST-902,Clothing,3,124.1,5.38,Delivered,4.0,North America,372.3
3903,2026-05-01 22:00:00,CUST-257,Electronics,1,285.52,10.49,Delivered,5.0,South America,285.52
3904,2026-05-01 23:00:00,CUST-315,Beauty,1,471.9,31.42,Delivered,5.0,South America,471.9
3905,2026-05-02 00:00:00,CUST-769,Books,1,261.02,18.38,Delivered,4.0,South America,261.02
3906,2026-05-02 01:00:00,CUST-561,Books,1,65.24,45.76,Delivered,5.0,Europe,65.24
3907,2026-05-02 02:00:00,CUST-233,Beauty,1,317.61,23.28,Delivered,3.0,South America,317.61
3908,2026-05-02 03:00:00,CUST-166,Electronics,1,369.09,14.36,Delivered,3.0,South America,369.09
3909,2026-05-02 04:00:00,CUST-947,Electronics,1,202.71,29.55,Shipped,5.0,Asia,202.71
3910,2026-05-02 05:00:00,CUST-106,Home Decor,2,363.54,40.77,Delivered,3.0,South America,727.08
3911,2026-05-02 06:00:00,CUST-625,Books,2,169.16,5.87,Delivered,,South America,338.32
3912,2026-05-02 07:00:00,CUST-172,Electronics,1,396.65,27.75,Delivered,5.0,Asia,396.65
3913,2026-05-02 08:00:00,CUST-498,Electronics,3,177.13,39.8,Cancelled,5.0,Europe,531.39
3914,2026-05-02 09:00:00,CUST-504,Beauty,3,135.49,9.66,Delivered,5.0,Europe,406.47
3915,2026-05-02 10:00:00,CUST-774,Electronics,2,440.8,45.63,Delivered,5.0,Asia,881.6
3916,2026-05-02 11:00:00,CUST-677,Clothing,1,278.75,16.9,Cancelled,5.0,Asia,278.75
3917,2026-05-02 12:00:00,CUST-958,Home Decor,1,149.73,12.68,Shipped,5.0,South America,149.73
3918,2026-05-02 13:00:00,CUST-229,Electronics,2,468.19,31.52,Shipped,5.0,Europe,936.38
3919,2026-05-02 14:00:00,CUST-565,Electronics,2,348.52,12.88,Delivered,4.0,Europe,697.04
3920,2026-05-02 15:00:00,CUST-305,Beauty,1,118.14,35.59,Shipped,5.0,South America,118.14
3921,2026-05-02 16:00:00,CUST-887,Home Decor,2,311.17,27.05,Delivered,3.0,North America,622.34
3922,2026-05-02 17:00:00,CUST-867,Books,1,436.48,9.95,Delivered,2.0,South America,436.48
3923,2026-05-02 18:00:00,CUST-365,Clothing,1,351.12,46.06,Delivered,5.0,North America,351.12
3924,2026-05-02 19:00:00,CUST-636,Electronics,2,129.93,35.29,Delivered,5.0,South America,259.86
3925,2026-05-02 20:00:00,CUST-892,Home Decor,2,327.94,29.57,Delivered,4.0,Asia,655.88
3926,2026-05-02 21:00:00,CUST-352,Clothing,1,313.39,21.85,Delivered,3.0,South America,313.39
3927,2026-05-02 22:00:00,CUST-921,Electronics,2,412.21,11.07,Delivered,4.0,Asia,824.42
3928,2026-05-02 23:00:00,CUST-388,Beauty,4,97.28,36.84,Delivered,4.0,North America,389.12
3929,2026-05-03 00:00:00,CUST-263,Electronics,2,352.82,41.61,Delivered,4.0,North America,705.64
3930,2026-05-03 01:00:00,CUST-194,Electronics,2,23.41,10.66,Delivered,5.0,Asia,46.82
3931,2026-05-03 02:00:00,CUST-881,Electronics,1,351.13,27.26,Delivered,3.0,Asia,351.13
3932,2026-05-03 03:00:00,CUST-932,Clothing,1,480.61,26.82,Delivered,4.0,Europe,480.61
3933,2026-05-03 04:00:00,CUST-209,Clothing,1,95.45,20.75,Delivered,5.0,Europe,95.45
3934,2026-05-03 05:00:00,CUST-435,Clothing,2,162.54,40.52,Delivered,5.0,South America,325.08
3935,2026-05-03 06:00:00,CUST-921,Home Decor,3,295.61,9.48,Delivered,2.0,Asia,886.83
3936,2026-05-03 07:00:00,CUST-337,Books,1,368.87,14.23,Delivered,5.0,North America,368.87
3937,2026-05-03 08:00:00,CUST-480,Electronics,1,178.74,5.07,Delivered,2.0,Europe,178.74
3938,2026-05-03 09:00:00,CUST-535,Electronics,1,335.49,21.78,Delivered,5.0,Asia,335.49
3939,2026-05-03 10:00:00,CUST-998,Electronics,1,450.65,18.1,Delivered,4.0,North America,450.65
3940,2026-05-03 11:00:00,CUST-582,Electronics,4,366.01,44.01,Delivered,5.0,North America,1464.04
3941,2026-05-03 12:00:00,CUST-124,Home Decor,2,358.4,38.56,Returned,5.0,Asia,716.8
3942,2026-05-03 13:00:00,CUST-752,Home Decor,1,197.17,8.8,Delivered,5.0,South America,197.17
3943,2026-05-03 14:00:00,CUST-216,Beauty,2,456.6,38.34,Delivered,4.0,Europe,913.2
3944,2026-05-03 15:00:00,CUST-581,Electronics,2,145.89,35.39,Cancelled,5.0,Europe,291.78
3945,2026-05-03 16:00:00,CUST-491,Clothing,2,110.59,17.68,Shipped,3.0,Asia,221.18
3946,2026-05-03 17:00:00,CUST-636,Clothing,1,188.47,5.7,Delivered,3.0,South America,188.47
3947,2026-05-03 18:00:00,CUST-178,Electronics,1,328.58,10.18,Delivered,4.0,North America,328.58
3948,2026-05-03 19:00:00,CUST-679,Home Decor,1,432.22,16.25,Delivered,5.0,South America,432.22
3949,2026-05-03 20:00:00,CUST-272,Books,3,74.72,41.75,Delivered,4.0,Europe,224.16
3950,2026-05-03 21:00:00,CUST-111,Clothing,2,408.76,25.94,Delivered,5.0,Asia,817.52
3951,2026-05-03 22:00:00,CUST-899,Beauty,2,408.28,46.33,Delivered,3.0,Europe,816.56
3952,2026-05-03 23:00:00,CUST-227,Clothing,1,297.59,40.51,Cancelled,5.0,Asia,297.59
3953,2026-05-04 00:00:00,CUST-707,Electronics,1,382.72,17.92,Returned,2.0,South America,382.72
3954,2026-05-04 01:00:00,CUST-191,Home Decor,1,99.12,43.04,Shipped,,Europe,99.12
3955,2026-05-04 02:00:00,CUST-752,Electronics,4,93.1,10.25,Delivered,4.0,South America,372.4
3956,2026-05-04 03:00:00,CUST-642,Electronics,1,432.77,6.63,Delivered,5.0,Europe,432.77
3957,2026-05-04 04:00:00,CUST-945,Home Decor,1,254.09,32.38,Delivered,1.0,South America,254.09
3958,2026-05-04 05:00:00,CUST-631,Beauty,4,130.51,20.38,Delivered,5.0,Europe,522.04
3959,2026-05-04 06:00:00,CUST-757,Clothing,2,347.48,19.82,Delivered,4.0,Asia,694.96
3960,2026-05-04 07:00:00,CUST-927,Clothing,3,447.02,35.92,Delivered,5.0,South America,1341.06
3961,2026-05-04 08:00:00,CUST-546,Beauty,1,319.84,43.25,Cancelled,4.0,South America,319.84
3962,2026-05-04 09:00:00,CUST-489,Beauty,2,180.2,19.5,Shipped,3.0,Asia,360.4
3963,2026-05-04 10:00:00,CUST-771,Home Decor,1,246.79,19.63,Delivered,5.0,North America,246.79
3964,2026-05-04 11:00:00,CUST-960,Electronics,3,378.61,29.02,Delivered,4.0,Europe,1135.83
3965,2026-05-04 12:00:00,CUST-142,Books,1,43.08,34.39,Delivered,4.0,Europe,43.08
3966,2026-05-04 13:00:00,CUST-353,Electronics,1,116.41,14.13,Shipped,3.0,Asia,116.41
3967,2026-05-04 14:00:00,CUST-229,Home Decor,3,236.67,46.07,Delivered,5.0,Europe,710.01
3968,2026-05-04 15:00:00,CUST-159,Electronics,2,306.08,34.45,Returned,4.0,South America,612.16
3969,2026-05-04 16:00:00,CUST-762,Home Decor,2,176.19,33.13,Delivered,3.0,South America,352.38
3970,2026-05-04 17:00:00,CUST-566,Electronics,1,156.21,45.69,Cancelled,5.0,Asia,156.21
3971,2026-05-04 18:00:00,CUST-386,Clothing,1,30.28,45.83,Delivered,3.0,South America,30.28
3972,2026-05-04 19:00:00,CUST-616,Clothing,2,25.97,11.1,Shipped,5.0,North America,51.94
3973,2026-05-04 20:00:00,CUST-566,Electronics,2,146.56,11.53,Shipped,5.0,Europe,293.12
3974,2026-05-04 21:00:00,CUST-877,Home Decor,5,269.95,39.29,Delivered,5.0,Asia,1349.75
3975,2026-05-04 22:00:00,CUST-444,Beauty,2,282.62,48.06,Delivered,3.0,Asia,565.24
3976,2026-05-04 23:00:00,CUST-741,Books,1,252.07,34.99,Shipped,5.0,Europe,252.07
3977,2026-05-05 00:00:00,CUST-481,Electronics,3,210.84,23.51,Delivered,4.0,North America,632.52
3978,2026-05-05 01:00:00,CUST-878,Home Decor,1,133.62,35.76,Delivered,4.0,Asia,133.62
3979,2026-05-05 02:00:00,CUST-789,Home Decor,1,206.34,15.3,Shipped,5.0,Europe,206.34
3980,2026-05-05 03:00:00,CUST-352,Clothing,1,77.99,49.91,Shipped,4.0,North America,77.99
3981,2026-05-05 04:00:00,CUST-155,Electronics,1,66.48,24.4,Delivered,4.0,Asia,66.48
3982,2026-05-05 05:00:00,CUST-562,Home Decor,3,156.97,46.93,Delivered,5.0,North America,470.91
3983,2026-05-05 06:00:00,CUST-556,Books,2,497.72,24.39,Delivered,4.0,Asia,995.44
3984,2026-05-05 07:00:00,CUST-182,Home Decor,2,169.98,46.77,Delivered,1.0,Europe,339.96
3985,2026-05-05 08:00:00,CUST-198,Clothing,1,468.86,20.11,Cancelled,4.0,Europe,468.86
3986,2026-05-05 09:00:00,CUST-248,Clothing,1,202.21,39.22,Delivered,4.0,Europe,202.21
3987,2026-05-05 10:00:00,CUST-428,Electronics,1,225.11,47.8,Returned,4.0,North America,225.11
3988,2026-05-05 11:00:00,CUST-255,Beauty,2,400.56,34.07,Delivered,2.0,South America,801.12
3989,2026-05-05 12:00:00,CUST-289,Home Decor,1,55.88,35.49,Delivered,4.0,North America,55.88
3990,2026-05-05 13:00:00,CUST-593,Electronics,3,99.33,9.63,Shipped,5.0,Europe,297.99
3991,2026-05-05 14:00:00,CUST-982,Beauty,1,487.18,26.34,Delivered,1.0,Asia,487.18
3992,2026-05-05 15:00:00,CUST-362,Electronics,1,257.9,44.9,Delivered,5.0,South America,257.9
3993,2026-05-05 16:00:00,CUST-179,Books,2,31.71,15.84,Returned,5.0,North America,63.42
3994,2026-05-05 17:00:00,CUST-499,Clothing,3,33.22,40.48,Shipped,1.0,North America,99.66
3995,2026-05-05 18:00:00,CUST-863,Electronics,1,454.55,35.41,Delivered,3.0,Asia,454.55
3996,2026-05-05 19:00:00,CUST-708,Clothing,2,437.95,15.03,Delivered,5.0,Asia,875.9
3997,2026-05-05 20:00:00,CUST-359,Clothing,5,234.62,17.73,Delivered,4.0,Europe,1173.1
3998,2026-05-05 21:00:00,CUST-871,Electronics,5,89.98,24.24,Returned,5.0,North America,449.9
3999,2026-05-05 22:00:00,CUST-714,Home Decor,2,416.84,10.63,Shipped,4.0,Asia,833.68
4000,2026-05-05 23:00:00,CUST-651,Home Decor,2,169.05,46.1,Delivered,4.0,Asia,338.1
4001,2026-05-06 00:00:00,CUST-884,Home Decor,1,215.34,38.27,Delivered,1.0,South America,215.34
4002,2026-05-06 01:00:00,CUST-200,Electronics,3,344.41,21.42,Shipped,4.0,Europe,1033.23
4003,2026-05-06 02:00:00,CUST-458,Clothing,1,183.17,18.48,Delivered,4.0,Europe,183.17
4004,2026-05-06 03:00:00,CUST-479,Electronics,4,318.05,36.03,Cancelled,4.0,North America,1272.2
4005,2026-05-06 04:00:00,CUST-919,Home Decor,1,443.79,24.09,Returned,3.0,Asia,443.79
4006,2026-05-06 05:00:00,CUST-320,Electronics,1,400.71,15.32,Shipped,5.0,Europe,400.71
4007,2026-05-06 06:00:00,CUST-919,Books,2,196.99,24.36,Delivered,4.0,North America,393.98
4008,2026-05-06 07:00:00,CUST-519,Home Decor,1,151.09,44.21,Delivered,5.0,Europe,151.09
4009,2026-05-06 08:00:00,CUST-223,Clothing,1,149.9,8.09,Delivered,,North America,149.9
4010,2026-05-06 09:00:00,CUST-521,Clothing,2,180.81,21.58,Delivered,4.0,Asia,361.62
4011,2026-05-06 10:00:00,CUST-330,Electronics,3,251.82,48.31,Delivered,2.0,Europe,755.46
4012,2026-05-06 11:00:00,CUST-789,Electronics,2,214.13,5.67,Delivered,5.0,North America,428.26
4013,2026-05-06 12:00:00,CUST-162,Beauty,1,75.17,45.08,Delivered,5.0,North America,75.17
4014,2026-05-06 13:00:00,CUST-584,Books,2,90.09,21.87,Delivered,3.0,Asia,180.18
4015,2026-05-06 14:00:00,CUST-727,Electronics,1,178.04,13.53,Delivered,4.0,Europe,178.04
4016,2026-05-06 15:00:00,CUST-802,Home Decor,1,285.41,5.67,Shipped,5.0,North America,285.41
4017,2026-05-06 16:00:00,CUST-673,Home Decor,2,300.41,8.17,Delivered,5.0,North America,600.82
4018,2026-05-06 17:00:00,CUST-867,Home Decor,3,248.24,12.73,Delivered,4.0,North America,744.72
4019,2026-05-06 18:00:00,CUST-582,Electronics,1,372.0,6.14,Delivered,5.0,North America,372.0
4020,2026-05-06 19:00:00,CUST-618,Electronics,2,371.25,20.11,Delivered,4.0,Europe,742.5
4021,2026-05-06 20:00:00,CUST-254,Electronics,1,219.54,7.02,Shipped,1.0,South America,219.54
4022,2026-05-06 21:00:00,CUST-191,Beauty,1,70.98,36.15,Delivered,5.0,Europe,70.98
4023,2026-05-06 22:00:00,CUST-625,Clothing,1,269.79,41.85,Delivered,5.0,North America,269.79
4024,2026-05-06 23:00:00,CUST-554,Clothing,4,196.92,44.94,Delivered,4.0,Europe,787.68
4025,2026-05-07 00:00:00,CUST-840,Books,3,77.58,29.71,Returned,5.0,Europe,232.74
4026,2026-05-07 01:00:00,CUST-697,Home Decor,2,491.09,47.59,Delivered,5.0,Asia,982.18
4027,2026-05-07 02:00:00,CUST-744,Beauty,2,191.18,5.25,Delivered,2.0,Asia,382.36
4028,2026-05-07 03:00:00,CUST-609,Clothing,3,316.64,11.03,Delivered,4.0,North America,949.92
4029,2026-05-07 04:00:00,CUST-282,Electronics,1,250.16,18.19,Delivered,4.0,South America,250.16
4030,2026-05-07 05:00:00,CUST-485,Books,1,79.99,40.51,Delivered,3.0,Asia,79.99
4031,2026-05-07 06:00:00,CUST-673,Clothing,1,37.22,44.84,Shipped,5.0,Europe,37.22
4032,2026-05-07 07:00:00,CUST-830,Electronics,2,316.63,32.82,Delivered,3.0,North America,633.26
4033,2026-05-07 08:00:00,CUST-504,Clothing,4,131.04,22.25,Shipped,4.0,South America,524.16
4034,2026-05-07 09:00:00,CUST-345,Electronics,1,129.39,34.96,Delivered,5.0,Asia,129.39
4035,2026-05-07 10:00:00,CUST-841,Clothing,1,478.92,13.14,Delivered,5.0,North America,478.92
4036,2026-05-07 11:00:00,CUST-690,Beauty,1,236.27,25.6,Shipped,,South America,236.27
4037,2026-05-07 12:00:00,CUST-760,Books,3,24.42,27.84,Delivered,5.0,North America,73.26
4038,2026-05-07 13:00:00,CUST-749,Books,1,176.52,9.72,Delivered,5.0,South America,176.52
4039,2026-05-07 14:00:00,CUST-570,Electronics,1,296.4,6.52,Shipped,5.0,Asia,296.4
4040,2026-05-07 15:00:00,CUST-925,Clothing,2,171.0,38.75,Returned,3.0,Europe,342.0
4041,2026-05-07 16:00:00,CUST-987,Electronics,2,23.16,29.06,Delivered,4.0,Europe,46.32
4042,2026-05-07 17:00:00,CUST-522,Beauty,1,227.71,19.95,Delivered,5.0,Asia,227.71
4043,2026-05-07 18:00:00,CUST-164,Clothing,1,61.89,24.68,Delivered,4.0,Asia,61.89
4044,2026-05-07 19:00:00,CUST-112,Home Decor,2,313.39,48.1,Delivered,3.0,Asia,626.78
4045,2026-05-07 20:00:00,CUST-312,Home Decor,1,313.6,22.32,Delivered,5.0,South America,313.6
4046,2026-05-07 21:00:00,CUST-341,Clothing,5,28.5,9.66,Delivered,3.0,South America,142.5
4047,2026-05-07 22:00:00,CUST-592,Clothing,2,152.43,25.86,Delivered,4.0,South America,304.86
4048,2026-05-07 23:00:00,CUST-312,Books,1,212.71,34.16,Delivered,4.0,South America,212.71
4049,2026-05-08 00:00:00,CUST-792,Books,1,279.63,5.55,Shipped,3.0,South America,279.63
4050,2026-05-08 01:00:00,CUST-437,Electronics,1,155.07,19.96,Delivered,5.0,South America,155.07
4051,2026-05-08 02:00:00,CUST-272,Clothing,1,151.0,22.71,Delivered,5.0,South America,151.0
4052,2026-05-08 03:00:00,CUST-771,Books,4,491.68,25.87,Shipped,5.0,Asia,1966.72
4053,2026-05-08 04:00:00,CUST-263,Electronics,3,30.51,18.58,Delivered,4.0,South America,91.53
4054,2026-05-08 05:00:00,CUST-564,Clothing,1,494.63,35.01,Delivered,5.0,North America,494.63
4055,2026-05-08 06:00:00,CUST-596,Electronics,1,33.4,47.51,Delivered,5.0,South America,33.4
4056,2026-05-08 07:00:00,CUST-799,Clothing,1,151.29,46.13,Shipped,4.0,Europe,151.29
4057,2026-05-08 08:00:00,CUST-494,Electronics,1,251.91,34.9,Delivered,4.0,Europe,251.91
4058,2026-05-08 09:00:00,CUST-802,Clothing,2,80.22,27.81,Delivered,5.0,Asia,160.44
4059,2026-05-08 10:00:00,CUST-407,Electronics,1,76.07,42.16,Returned,,Europe,76.07
4060,2026-05-08 11:00:00,CUST-867,Clothing,4,135.59,42.62,Delivered,5.0,Europe,542.36
4061,2026-05-08 12:00:00,CUST-282,Books,1,487.02,42.33,Cancelled,3.0,Europe,487.02
4062,2026-05-08 13:00:00,CUST-728,Beauty,2,196.26,12.1,Delivered,1.0,Asia,392.52
4063,2026-05-08 14:00:00,CUST-893,Beauty,3,287.34,6.14,Shipped,5.0,Asia,862.02
4064,2026-05-08 15:00:00,CUST-609,Home Decor,1,355.1,49.24,Delivered,1.0,South America,355.1
4065,2026-05-08 16:00:00,CUST-807,Electronics,1,373.69,48.18,Shipped,2.0,Europe,373.69
4066,2026-05-08 17:00:00,CUST-645,Electronics,1,347.14,30.4,Returned,3.0,South America,347.14
4067,2026-05-08 18:00:00,CUST-663,Books,1,175.09,49.69,Shipped,4.0,Asia,175.09
4068,2026-05-08 19:00:00,CUST-723,Clothing,4,64.75,39.67,Delivered,4.0,South America,259.0
4069,2026-05-08 20:00:00,CUST-863,Electronics,4,148.04,28.28,Shipped,5.0,South America,592.16
4070,2026-05-08 21:00:00,CUST-693,Home Decor,4,113.04,22.52,Delivered,5.0,Europe,452.16
4071,2026-05-08 22:00:00,CUST-843,Electronics,3,76.78,31.68,Delivered,4.0,Asia,230.34
4072,2026-05-08 23:00:00,CUST-326,Electronics,1,22.0,28.21,Cancelled,4.0,Europe,22.0
4073,2026-05-09 00:00:00,CUST-844,Books,4,468.51,49.72,Delivered,5.0,South America,1874.04
4074,2026-05-09 01:00:00,CUST-832,Beauty,5,461.31,27.07,Delivered,4.0,Asia,2306.55
4075,2026-05-09 02:00:00,CUST-535,Clothing,1,34.7,42.62,Delivered,5.0,South America,34.7
4076,2026-05-09 03:00:00,CUST-521,Books,1,94.81,41.61,Delivered,4.0,South America,94.81
4077,2026-05-09 04:00:00,CUST-653,Home Decor,2,78.36,8.21,Delivered,5.0,Europe,156.72
4078,2026-05-09 05:00:00,CUST-120,Home Decor,1,147.8,8.92,Delivered,4.0,Asia,147.8
4079,2026-05-09 06:00:00,CUST-653,Electronics,1,109.99,34.69,Delivered,5.0,Asia,109.99
4080,2026-05-09 07:00:00,CUST-496,Electronics,4,473.47,16.66,Delivered,5.0,Europe,1893.88
4081,2026-05-09 08:00:00,CUST-724,Home Decor,4,51.24,34.59,Cancelled,,North America,204.96
4082,2026-05-09 09:00:00,CUST-204,Beauty,1,113.72,11.51,Delivered,5.0,Europe,113.72
4083,2026-05-09 10:00:00,CUST-291,Home Decor,1,49.55,22.87,Delivered,5.0,Europe,49.55
4084,2026-05-09 11:00:00,CUST-116,Electronics,3,490.39,9.61,Delivered,,North America,1471.17
4085,2026-05-09 12:00:00,CUST-219,Electronics,2,460.02,17.69,Delivered,5.0,Asia,920.04
4086,2026-05-09 13:00:00,CUST-492,Beauty,1,361.15,8.97,Delivered,5.0,North America,361.15
4087,2026-05-09 14:00:00,CUST-524,Electronics,2,218.73,48.68,Delivered,4.0,South America,437.46
4088,2026-05-09 15:00:00,CUST-228,Clothing,3,103.19,22.78,Delivered,4.0,South America,309.57
4089,2026-05-09 16:00:00,CUST-229,Electronics,4,118.53,45.55,Delivered,1.0,Europe,474.12
4090,2026-05-09 17:00:00,CUST-671,Electronics,1,227.09,48.7,Delivered,4.0,South America,227.09
4091,2026-05-09 18:00:00,CUST-659,Home Decor,1,386.43,45.93,Delivered,5.0,North America,386.43
4092,2026-05-09 19:00:00,CUST-128,Home Decor,4,139.72,25.47,Cancelled,2.0,South America,558.88
4093,2026-05-09 20:00:00,CUST-196,Clothing,1,162.29,40.05,Delivered,5.0,Asia,162.29
4094,2026-05-09 21:00:00,CUST-109,Electronics,2,303.97,11.92,Delivered,5.0,Europe,607.94
4095,2026-05-09 22:00:00,CUST-341,Beauty,1,126.49,9.27,Cancelled,5.0,Europe,126.49
4096,2026-05-09 23:00:00,CUST-925,Electronics,1,296.27,44.46,Cancelled,5.0,Asia,296.27
4097,2026-05-10 00:00:00,CUST-331,Clothing,1,199.69,6.4,Delivered,3.0,Asia,199.69
4098,2026-05-10 01:00:00,CUST-888,Books,1,26.84,48.75,Delivered,5.0,Europe,26.84
4099,2026-05-10 02:00:00,CUST-383,Electronics,4,207.32,35.25,Delivered,2.0,Asia,829.28
4100,2026-05-10 03:00:00,CUST-814,Books,1,460.57,23.88,Delivered,5.0,South America,460.57
4101,2026-05-10 04:00:00,CUST-858,Electronics,3,153.62,11.36,Delivered,2.0,South America,460.86
4102,2026-05-10 05:00:00,CUST-901,Home Decor,3,168.19,37.55,Delivered,3.0,South America,504.57
4103,2026-05-10 06:00:00,CUST-875,Clothing,1,42.31,30.34,Shipped,5.0,South America,42.31
4104,2026-05-10 07:00:00,CUST-825,Books,2,311.37,37.0,Delivered,5.0,North America,622.74
4105,2026-05-10 08:00:00,CUST-299,Electronics,1,426.13,23.81,Delivered,4.0,North America,426.13
4106,2026-05-10 09:00:00,CUST-178,Clothing,3,182.93,7.98,Delivered,5.0,North America,548.79
4107,2026-05-10 10:00:00,CUST-954,Books,2,127.72,19.17,Delivered,4.0,North America,255.44
4108,2026-05-10 11:00:00,CUST-955,Clothing,1,478.74,19.18,Delivered,2.0,South America,478.74
4109,2026-05-10 12:00:00,CUST-272,Clothing,1,375.09,5.39,Delivered,5.0,South America,375.09
4110,2026-05-10 13:00:00,CUST-566,Electronics,2,287.91,5.43,Cancelled,5.0,Asia,575.82
4111,2026-05-10 14:00:00,CUST-680,Home Decor,4,159.71,19.88,Returned,5.0,North America,638.84
4112,2026-05-10 15:00:00,CUST-515,Electronics,1,118.19,37.74,Delivered,5.0,North America,118.19
4113,2026-05-10 16:00:00,CUST-548,Electronics,2,360.71,33.08,Shipped,5.0,Europe,721.42
4114,2026-05-10 17:00:00,CUST-186,Home Decor,1,265.68,15.76,Delivered,4.0,Asia,265.68
4115,2026-05-10 18:00:00,CUST-200,Clothing,3,265.09,32.12,Delivered,4.0,South America,795.27
4116,2026-05-10 19:00:00,CUST-107,Books,1,46.12,34.13,Delivered,4.0,Asia,46.12
4117,2026-05-10 20:00:00,CUST-944,Books,2,260.98,28.52,Delivered,5.0,Asia,521.96
4118,2026-05-10 21:00:00,CUST-299,Home Decor,1,413.14,28.46,Delivered,3.0,Europe,413.14
4119,2026-05-10 22:00:00,CUST-604,Beauty,2,473.93,21.64,Delivered,4.0,Europe,947.86
4120,2026-05-10 23:00:00,CUST-186,Home Decor,3,62.27,10.55,Cancelled,5.0,Asia,186.81
4121,2026-05-11 00:00:00,CUST-142,Electronics,3,319.27,22.35,Delivered,3.0,North America,957.81
4122,2026-05-11 01:00:00,CUST-484,Beauty,3,288.49,20.54,Delivered,5.0,South America,865.47
4123,2026-05-11 02:00:00,CUST-720,Electronics,2,446.25,31.64,Delivered,,Europe,892.5
4124,2026-05-11 03:00:00,CUST-534,Clothing,3,378.11,43.53,Delivered,5.0,Europe,1134.33
4125,2026-05-11 04:00:00,CUST-507,Beauty,2,482.98,21.89,Delivered,4.0,South America,965.96
4126,2026-05-11 05:00:00,CUST-582,Clothing,4,480.42,36.94,Cancelled,2.0,Europe,1921.68
4127,2026-05-11 06:00:00,CUST-763,Beauty,2,120.59,41.53,Delivered,5.0,Asia,241.18
4128,2026-05-11 07:00:00,CUST-116,Electronics,2,365.42,14.53,Delivered,5.0,South America,730.84
4129,2026-05-11 08:00:00,CUST-744,Home Decor,1,269.96,45.57,Delivered,1.0,North America,269.96
4130,2026-05-11 09:00:00,CUST-247,Electronics,2,115.15,8.17,Delivered,4.0,Europe,230.3
4131,2026-05-11 10:00:00,CUST-376,Home Decor,1,105.49,45.58,Delivered,4.0,Europe,105.49
4132,2026-05-11 11:00:00,CUST-331,Beauty,3,49.73,12.36,Delivered,4.0,Asia,149.19
4133,2026-05-11 12:00:00,CUST-925,Home Decor,2,399.82,20.17,Delivered,4.0,North America,799.64
4134,2026-05-11 13:00:00,CUST-465,Electronics,5,169.01,32.24,Delivered,5.0,Europe,845.05
4135,2026-05-11 14:00:00,CUST-327,Electronics,1,429.91,45.76,Delivered,4.0,South America,429.91
4136,2026-05-11 15:00:00,CUST-750,Electronics,1,308.07,16.51,Delivered,4.0,South America,308.07
4137,2026-05-11 16:00:00,CUST-535,Home Decor,3,340.08,39.36,Delivered,5.0,Asia,1020.24
4138,2026-05-11 17:00:00,CUST-498,Books,1,152.92,36.97,Delivered,1.0,Asia,152.92
4139,2026-05-11 18:00:00,CUST-310,Electronics,1,234.07,12.19,Delivered,5.0,Europe,234.07
4140,2026-05-11 19:00:00,CUST-490,Home Decor,3,212.04,26.58,Returned,5.0,Asia,636.12
4141,2026-05-11 20:00:00,CUST-598,Beauty,2,125.49,26.67,Delivered,4.0,South America,250.98
4142,2026-05-11 21:00:00,CUST-639,Clothing,1,417.93,18.71,Shipped,3.0,Asia,417.93
4143,2026-05-11 22:00:00,CUST-662,Home Decor,3,314.82,40.1,Shipped,2.0,South America,944.46
4144,2026-05-11 23:00:00,CUST-590,Beauty,1,28.34,46.67,Shipped,5.0,Europe,28.34
4145,2026-05-12 00:00:00,CUST-541,Electronics,3,411.76,37.25,Cancelled,5.0,South America,1235.28
4146,2026-05-12 01:00:00,CUST-360,Electronics,1,61.96,48.78,Delivered,5.0,Asia,61.96
4147,2026-05-12 02:00:00,CUST-872,Electronics,2,207.81,7.27,Delivered,5.0,South America,415.62
4148,2026-05-12 03:00:00,CUST-449,Books,1,289.92,6.68,Delivered,5.0,South America,289.92
4149,2026-05-12 04:00:00,CUST-451,Books,2,13.75,45.22,Delivered,5.0,North America,27.5
4150,2026-05-12 05:00:00,CUST-619,Beauty,1,329.92,45.4,Delivered,3.0,North America,329.92
4151,2026-05-12 06:00:00,CUST-419,Electronics,3,333.25,9.82,Delivered,4.0,Europe,999.75
4152,2026-05-12 07:00:00,CUST-237,Clothing,1,329.74,21.09,Delivered,4.0,South America,329.74
4153,2026-05-12 08:00:00,CUST-649,Electronics,1,90.1,42.59,Delivered,5.0,South America,90.1
4154,2026-05-12 09:00:00,CUST-722,Electronics,2,135.31,10.78,Returned,4.0,South America,270.62
4155,2026-05-12 10:00:00,CUST-467,Home Decor,1,131.21,17.03,Shipped,5.0,North America,131.21
4156,2026-05-12 11:00:00,CUST-319,Books,1,480.43,35.64,Delivered,5.0,South America,480.43
4157,2026-05-12 12:00:00,CUST-436,Books,1,43.09,49.19,Delivered,1.0,North America,43.09
4158,2026-05-12 13:00:00,CUST-322,Home Decor,1,220.09,40.87,Delivered,5.0,Europe,220.09
4159,2026-05-12 14:00:00,CUST-747,Electronics,1,436.91,39.98,Delivered,3.0,South America,436.91
4160,2026-05-12 15:00:00,CUST-867,Electronics,1,387.04,20.42,Shipped,4.0,South America,387.04
4161,2026-05-12 16:00:00,CUST-459,Clothing,1,413.0,34.76,Delivered,5.0,Asia,413.0
4162,2026-05-12 17:00:00,CUST-428,Beauty,2,486.42,10.09,Delivered,5.0,North America,972.84
4163,2026-05-12 18:00:00,CUST-562,Beauty,2,199.76,49.65,Delivered,4.0,Asia,399.52
4164,2026-05-12 19:00:00,CUST-660,Clothing,1,161.73,26.63,Delivered,4.0,Europe,161.73
4165,2026-05-12 20:00:00,CUST-903,Clothing,4,25.02,33.75,Delivered,4.0,North America,100.08
4166,2026-05-12 21:00:00,CUST-481,Electronics,3,83.51,44.43,Delivered,3.0,South America,250.53
4167,2026-05-12 22:00:00,CUST-935,Electronics,1,285.39,5.04,Returned,5.0,South America,285.39
4168,2026-05-12 23:00:00,CUST-689,Clothing,1,87.25,48.92,Delivered,4.0,South America,87.25
4169,2026-05-13 00:00:00,CUST-716,Electronics,4,370.79,21.16,Delivered,5.0,South America,1483.16
4170,2026-05-13 01:00:00,CUST-268,Clothing,1,28.24,20.28,Delivered,5.0,Europe,28.24
4171,2026-05-13 02:00:00,CUST-316,Beauty,1,137.15,11.53,Delivered,4.0,South America,137.15
4172,2026-05-13 03:00:00,CUST-477,Home Decor,1,350.77,43.62,Shipped,4.0,South America,350.77
4173,2026-05-13 04:00:00,CUST-218,Electronics,3,135.2,44.19,Delivered,5.0,South America,405.6
4174,2026-05-13 05:00:00,CUST-289,Electronics,1,367.09,5.9,Returned,4.0,Asia,367.09
4175,2026-05-13 06:00:00,CUST-866,Clothing,3,497.97,7.51,Cancelled,5.0,Europe,1493.91
4176,2026-05-13 07:00:00,CUST-469,Clothing,2,400.57,46.33,Shipped,3.0,North America,801.14
4177,2026-05-13 08:00:00,CUST-877,Clothing,2,177.5,10.53,Delivered,4.0,Europe,355.0
4178,2026-05-13 09:00:00,CUST-248,Clothing,3,451.29,32.94,Delivered,2.0,Europe,1353.87
4179,2026-05-13 10:00:00,CUST-775,Home Decor,1,35.08,32.88,Shipped,4.0,Europe,35.08
4180,2026-05-13 11:00:00,CUST-751,Beauty,2,365.25,44.14,Shipped,5.0,South America,730.5
4181,2026-05-13 12:00:00,CUST-958,Clothing,1,21.43,30.77,Delivered,5.0,Asia,21.43
4182,2026-05-13 13:00:00,CUST-587,Beauty,1,95.53,24.53,Delivered,4.0,Asia,95.53
4183,2026-05-13 14:00:00,CUST-869,Clothing,1,493.92,48.85,Delivered,4.0,Asia,493.92
4184,2026-05-13 15:00:00,CUST-473,Electronics,1,186.83,15.3,Returned,4.0,Asia,186.83
4185,2026-05-13 16:00:00,CUST-880,Home Decor,1,412.04,16.82,Delivered,3.0,North America,412.04
4186,2026-05-13 17:00:00,CUST-792,Home Decor,1,194.28,8.81,Delivered,5.0,Asia,194.28
4187,2026-05-13 18:00:00,CUST-259,Books,1,421.61,48.89,Delivered,5.0,South America,421.61
4188,2026-05-13 19:00:00,CUST-450,Home Decor,2,483.07,36.79,Delivered,3.0,South America,966.14
4189,2026-05-13 20:00:00,CUST-387,Books,1,223.41,5.54,Delivered,5.0,Asia,223.41
4190,2026-05-13 21:00:00,CUST-387,Books,2,284.08,36.69,Delivered,5.0,North America,568.16
4191,2026-05-13 22:00:00,CUST-991,Home Decor,1,318.03,23.19,Delivered,3.0,Asia,318.03
4192,2026-05-13 23:00:00,CUST-325,Clothing,1,468.07,48.54,Delivered,5.0,South America,468.07
4193,2026-05-14 00:00:00,CUST-622,Home Decor,1,135.8,17.48,Delivered,4.0,South America,135.8
4194,2026-05-14 01:00:00,CUST-621,Books,1,309.51,36.96,Delivered,5.0,South America,309.51
4195,2026-05-14 02:00:00,CUST-882,Beauty,2,169.11,33.23,Delivered,4.0,Europe,338.22
4196,2026-05-14 03:00:00,CUST-372,Electronics,1,116.3,5.54,Delivered,1.0,South America,116.3
4197,2026-05-14 04:00:00,CUST-501,Beauty,4,51.61,44.83,Delivered,5.0,Asia,206.44
4198,2026-05-14 05:00:00,CUST-282,Electronics,4,314.15,11.28,Delivered,5.0,South America,1256.6
4199,2026-05-14 06:00:00,CUST-764,Clothing,1,442.22,34.86,Cancelled,5.0,North America,442.22
4200,2026-05-14 07:00:00,CUST-587,Electronics,3,182.18,39.9,Cancelled,3.0,Europe,546.54
4201,2026-05-14 08:00:00,CUST-926,Home Decor,1,280.81,33.39,Delivered,5.0,North America,280.81
4202,2026-05-14 09:00:00,CUST-945,Beauty,2,324.65,9.37,Delivered,4.0,South America,649.3
4203,2026-05-14 10:00:00,CUST-223,Electronics,2,213.18,48.88,Delivered,5.0,Europe,426.36
4204,2026-05-14 11:00:00,CUST-725,Electronics,1,452.64,15.66,Shipped,5.0,Europe,452.64
4205,2026-05-14 12:00:00,CUST-889,Electronics,1,187.75,33.25,Delivered,4.0,Europe,187.75
4206,2026-05-14 13:00:00,CUST-513,Home Decor,1,71.26,40.87,Delivered,4.0,South America,71.26
4207,2026-05-14 14:00:00,CUST-824,Clothing,1,80.57,47.27,Shipped,5.0,North America,80.57
4208,2026-05-14 15:00:00,CUST-271,Electronics,2,446.52,32.18,Delivered,5.0,South America,893.04
4209,2026-05-14 16:00:00,CUST-387,Electronics,1,494.12,16.66,Delivered,5.0,Europe,494.12
4210,2026-05-14 17:00:00,CUST-534,Clothing,1,151.58,42.65,Delivered,4.0,South America,151.58
4211,2026-05-14 18:00:00,CUST-785,Electronics,1,80.37,12.34,Delivered,5.0,Europe,80.37
4212,2026-05-14 19:00:00,CUST-212,Home Decor,3,246.28,6.0,Cancelled,5.0,Europe,738.84
4213,2026-05-14 20:00:00,CUST-987,Electronics,1,357.67,45.87,Delivered,5.0,Europe,357.67
4214,2026-05-14 21:00:00,CUST-221,Home Decor,3,310.08,30.89,Delivered,5.0,South America,930.24
4215,2026-05-14 22:00:00,CUST-643,Electronics,2,476.04,8.13,Delivered,3.0,South America,952.08
4216,2026-05-14 23:00:00,CUST-321,Clothing,2,410.71,31.09,Delivered,5.0,Europe,821.42
4217,2026-05-15 00:00:00,CUST-730,Electronics,2,435.8,11.53,Delivered,,Asia,871.6
4218,2026-05-15 01:00:00,CUST-138,Home Decor,1,275.42,6.41,Delivered,4.0,North America,275.42
4219,2026-05-15 02:00:00,CUST-596,Books,1,170.36,10.24,Delivered,4.0,Europe,170.36
4220,2026-05-15 03:00:00,CUST-879,Books,2,353.85,39.88,Delivered,5.0,Europe,707.7
4221,2026-05-15 04:00:00,CUST-332,Home Decor,4,225.14,39.0,Delivered,4.0,Europe,900.56
4222,2026-05-15 05:00:00,CUST-629,Clothing,2,151.0,32.19,Delivered,4.0,Europe,302.0
4223,2026-05-15 06:00:00,CUST-248,Beauty,1,84.61,14.42,Delivered,5.0,Europe,84.61
4224,2026-05-15 07:00:00,CUST-496,Home Decor,1,268.66,38.25,Delivered,2.0,Asia,268.66
4225,2026-05-15 08:00:00,CUST-760,Electronics,5,301.18,23.36,Delivered,4.0,South America,1505.9
4226,2026-05-15 09:00:00,CUST-737,Beauty,1,288.7,27.98,Delivered,5.0,Asia,288.7
4227,2026-05-15 10:00:00,CUST-401,Clothing,1,67.11,45.39,Delivered,4.0,Europe,67.11
4228,2026-05-15 11:00:00,CUST-459,Electronics,1,289.29,25.6,Delivered,5.0,Europe,289.29
4229,2026-05-15 12:00:00,CUST-337,Electronics,4,92.52,33.19,Delivered,4.0,Europe,370.08
4230,2026-05-15 13:00:00,CUST-746,Electronics,1,335.22,48.28,Delivered,5.0,South America,335.22
4231,2026-05-15 14:00:00,CUST-762,Clothing,1,220.4,25.31,Delivered,4.0,North America,220.4
4232,2026-05-15 15:00:00,CUST-335,Electronics,2,425.91,30.23,Delivered,4.0,North America,851.82
4233,2026-05-15 16:00:00,CUST-835,Electronics,1,391.35,31.3,Delivered,5.0,Asia,391.35
4234,2026-05-15 17:00:00,CUST-302,Electronics,3,364.95,15.83,Delivered,3.0,Asia,1094.85
4235,2026-05-15 18:00:00,CUST-355,Home Decor,2,353.36,38.16,Returned,5.0,North America,706.72
4236,2026-05-15 19:00:00,CUST-697,Home Decor,1,284.64,37.7,Shipped,5.0,Europe,284.64
4237,2026-05-15 20:00:00,CUST-761,Clothing,3,39.95,14.61,Delivered,5.0,South America,119.85
4238,2026-05-15 21:00:00,CUST-334,Electronics,4,331.19,5.6,Shipped,4.0,Asia,1324.76
4239,2026-05-15 22:00:00,CUST-444,Electronics,1,238.79,49.95,Delivered,5.0,South America,238.79
4240,2026-05-15 23:00:00,CUST-633,Books,1,240.08,31.17,Delivered,4.0,Europe,240.08
4241,2026-05-16 00:00:00,CUST-959,Clothing,3,195.72,13.15,Delivered,2.0,Europe,587.16
4242,2026-05-16 01:00:00,CUST-896,Clothing,1,465.24,17.76,Cancelled,4.0,Asia,465.24
4243,2026-05-16 02:00:00,CUST-880,Electronics,4,132.23,32.8,Delivered,5.0,North America,528.92
4244,2026-05-16 03:00:00,CUST-565,Home Decor,4,165.13,11.19,Delivered,5.0,North America,660.52
4245,2026-05-16 04:00:00,CUST-869,Clothing,1,481.89,6.68,Shipped,2.0,North America,481.89
4246,2026-05-16 05:00:00,CUST-640,Electronics,4,406.98,40.93,Cancelled,5.0,Europe,1627.92
4247,2026-05-16 06:00:00,CUST-312,Electronics,1,16.9,37.21,Delivered,5.0,Europe,16.9
4248,2026-05-16 07:00:00,CUST-562,Clothing,2,453.99,18.93,Delivered,4.0,South America,907.98
4249,2026-05-16 08:00:00,CUST-535,Beauty,1,121.06,7.63,Delivered,5.0,South America,121.06
4250,2026-05-16 09:00:00,CUST-382,Beauty,3,355.91,26.88,Delivered,3.0,South America,1067.73
4251,2026-05-16 10:00:00,CUST-661,Home Decor,2,281.01,17.43,Cancelled,5.0,Europe,562.02
4252,2026-05-16 11:00:00,CUST-706,Home Decor,2,273.04,22.9,Delivered,5.0,North America,546.08
4253,2026-05-16 12:00:00,CUST-562,Electronics,4,361.78,17.33,Cancelled,4.0,Europe,1447.12
4254,2026-05-16 13:00:00,CUST-506,Home Decor,2,111.52,12.89,Delivered,5.0,South America,223.04
4255,2026-05-16 14:00:00,CUST-187,Home Decor,1,87.92,22.41,Delivered,3.0,South America,87.92
4256,2026-05-16 15:00:00,CUST-143,Electronics,3,329.44,48.42,Delivered,5.0,South America,988.32
4257,2026-05-16 16:00:00,CUST-560,Beauty,2,152.38,16.98,Delivered,1.0,South America,304.76
4258,2026-05-16 17:00:00,CUST-377,Electronics,4,487.24,20.12,Delivered,5.0,Asia,1948.96
4259,2026-05-16 18:00:00,CUST-782,Clothing,4,231.24,19.82,Delivered,5.0,South America,924.96
4260,2026-05-16 19:00:00,CUST-520,Home Decor,1,64.68,26.61,Delivered,5.0,Europe,64.68
4261,2026-05-16 20:00:00,CUST-800,Home Decor,1,346.05,42.96,Delivered,4.0,Asia,346.05
4262,2026-05-16 21:00:00,CUST-452,Home Decor,1,160.02,23.1,Delivered,5.0,North America,160.02
4263,2026-05-16 22:00:00,CUST-795,Electronics,2,82.81,41.28,Delivered,4.0,Europe,165.62
4264,2026-05-16 23:00:00,CUST-614,Beauty,1,217.18,10.18,Delivered,4.0,Europe,217.18
4265,2026-05-17 00:00:00,CUST-802,Clothing,3,482.47,45.27,Delivered,4.0,North America,1447.41
4266,2026-05-17 01:00:00,CUST-729,Clothing,1,211.6,13.34,Delivered,5.0,Europe,211.6
4267,2026-05-17 02:00:00,CUST-118,Books,1,180.19,6.76,Delivered,4.0,Asia,180.19
4268,2026-05-17 03:00:00,CUST-122,Home Decor,1,227.81,12.13,Delivered,5.0,North America,227.81
4269,2026-05-17 04:00:00,CUST-512,Electronics,1,15.94,13.58,Delivered,5.0,Asia,15.94
4270,2026-05-17 05:00:00,CUST-129,Beauty,2,75.22,27.88,Cancelled,5.0,South America,150.44
4271,2026-05-17 06:00:00,CUST-906,Electronics,1,426.34,25.25,Delivered,3.0,North America,426.34
4272,2026-05-17 07:00:00,CUST-207,Electronics,1,489.24,37.21,Delivered,5.0,Asia,489.24
4273,2026-05-17 08:00:00,CUST-466,Clothing,1,87.39,7.29,Delivered,3.0,South America,87.39
4274,2026-05-17 09:00:00,CUST-380,Books,3,272.4,27.4,Delivered,5.0,Asia,817.2
4275,2026-05-17 10:00:00,CUST-227,Electronics,3,483.5,19.96,Delivered,5.0,Asia,1450.5
4276,2026-05-17 11:00:00,CUST-328,Home Decor,1,86.72,33.38,Delivered,5.0,Europe,86.72
4277,2026-05-17 12:00:00,CUST-210,Electronics,2,101.29,6.97,Delivered,5.0,South America,202.58
4278,2026-05-17 13:00:00,CUST-235,Home Decor,1,464.14,6.57,Delivered,4.0,Europe,464.14
4279,2026-05-17 14:00:00,CUST-461,Clothing,1,355.79,24.23,Delivered,4.0,South America,355.79
4280,2026-05-17 15:00:00,CUST-285,Home Decor,2,84.46,41.51,Delivered,4.0,South America,168.92
4281,2026-05-17 16:00:00,CUST-755,Electronics,1,202.81,35.2,Delivered,2.0,Europe,202.81
4282,2026-05-17 17:00:00,CUST-683,Home Decor,3,37.57,5.75,Shipped,5.0,Europe,112.71
4283,2026-05-17 18:00:00,CUST-228,Books,1,222.01,13.03,Delivered,4.0,Europe,222.01
4284,2026-05-17 19:00:00,CUST-975,Home Decor,4,391.17,15.2,Delivered,5.0,South America,1564.68
4285,2026-05-17 20:00:00,CUST-360,Clothing,1,281.45,24.04,Shipped,5.0,South America,281.45
4286,2026-05-17 21:00:00,CUST-614,Books,2,327.25,31.4,Delivered,5.0,South America,654.5
4287,2026-05-17 22:00:00,CUST-548,Electronics,4,170.14,14.74,Delivered,5.0,South America,680.56
4288,2026-05-17 23:00:00,CUST-203,Home Decor,1,89.08,22.21,Delivered,3.0,South America,89.08
4289,2026-05-18 00:00:00,CUST-582,Beauty,1,16.43,31.28,Cancelled,4.0,South America,16.43
4290,2026-05-18 01:00:00,CUST-323,Electronics,1,412.44,22.25,Delivered,5.0,Asia,412.44
4291,2026-05-18 02:00:00,CUST-931,Clothing,2,321.96,11.44,Delivered,1.0,Europe,643.92
4292,2026-05-18 03:00:00,CUST-973,Electronics,1,122.37,27.12,Cancelled,1.0,South America,122.37
4293,2026-05-18 04:00:00,CUST-965,Home Decor,1,215.03,19.58,Delivered,5.0,Asia,215.03
4294,2026-05-18 05:00:00,CUST-590,Home Decor,2,402.71,43.89,Delivered,5.0,North America,805.42
4295,2026-05-18 06:00:00,CUST-572,Clothing,1,273.96,39.9,Delivered,5.0,Asia,273.96
4296,2026-05-18 07:00:00,CUST-109,Clothing,2,157.08,13.56,Delivered,3.0,Europe,314.16
4297,2026-05-18 08:00:00,CUST-504,Electronics,1,140.92,11.87,Returned,5.0,North America,140.92
4298,2026-05-18 09:00:00,CUST-995,Clothing,1,116.63,20.65,Delivered,5.0,South America,116.63
4299,2026-05-18 10:00:00,CUST-401,Electronics,2,413.63,23.55,Shipped,5.0,Europe,827.26
4300,2026-05-18 11:00:00,CUST-330,Beauty,2,295.11,46.94,Returned,4.0,North America,590.22
4301,2026-05-18 12:00:00,CUST-830,Electronics,1,357.49,18.57,Delivered,5.0,Asia,357.49
4302,2026-05-18 13:00:00,CUST-165,Beauty,1,431.46,44.04,Delivered,5.0,North America,431.46
4303,2026-05-18 14:00:00,CUST-211,Home Decor,1,493.56,27.74,Delivered,5.0,Europe,493.56
4304,2026-05-18 15:00:00,CUST-112,Clothing,1,132.25,44.85,Delivered,4.0,North America,132.25
4305,2026-05-18 16:00:00,CUST-492,Home Decor,1,98.64,36.59,Delivered,5.0,Asia,98.64
4306,2026-05-18 17:00:00,CUST-599,Clothing,1,236.38,36.88,Cancelled,5.0,North America,236.38
4307,2026-05-18 18:00:00,CUST-697,Clothing,2,27.18,28.35,Delivered,5.0,Asia,54.36
4308,2026-05-18 19:00:00,CUST-333,Electronics,2,397.94,42.81,Cancelled,4.0,North America,795.88
4309,2026-05-18 20:00:00,CUST-701,Clothing,1,443.04,16.45,Shipped,4.0,Asia,443.04
4310,2026-05-18 21:00:00,CUST-413,Electronics,1,346.16,45.83,Returned,4.0,Asia,346.16
4311,2026-05-18 22:00:00,CUST-665,Electronics,1,141.32,33.65,Cancelled,5.0,Asia,141.32
4312,2026-05-18 23:00:00,CUST-111,Clothing,2,70.35,24.74,Delivered,5.0,South America,140.7
4313,2026-05-19 00:00:00,CUST-308,Electronics,4,197.25,49.2,Shipped,4.0,Asia,789.0
4314,2026-05-19 01:00:00,CUST-113,Electronics,2,418.33,43.79,Delivered,5.0,Europe,836.66
4315,2026-05-19 02:00:00,CUST-732,Electronics,2,180.44,39.74,Delivered,5.0,Asia,360.88
4316,2026-05-19 03:00:00,CUST-517,Electronics,3,26.78,17.33,Delivered,4.0,South America,80.34
4317,2026-05-19 04:00:00,CUST-536,Electronics,1,144.4,48.82,Delivered,4.0,South America,144.4
4318,2026-05-19 05:00:00,CUST-476,Books,1,495.07,38.43,Delivered,3.0,Europe,495.07
4319,2026-05-19 06:00:00,CUST-119,Electronics,2,341.57,32.23,Delivered,5.0,Asia,683.14
4320,2026-05-19 07:00:00,CUST-686,Home Decor,1,451.42,46.48,Delivered,3.0,South America,451.42
4321,2026-05-19 08:00:00,CUST-854,Electronics,2,389.68,12.3,Delivered,5.0,South America,779.36
4322,2026-05-19 09:00:00,CUST-834,Books,2,274.46,11.26,Delivered,5.0,North America,548.92
4323,2026-05-19 10:00:00,CUST-169,Electronics,3,82.86,30.37,Shipped,4.0,North America,248.58
4324,2026-05-19 11:00:00,CUST-923,Books,1,180.84,7.55,Delivered,2.0,Europe,180.84
4325,2026-05-19 12:00:00,CUST-310,Home Decor,2,296.03,34.88,Delivered,5.0,North America,592.06
4326,2026-05-19 13:00:00,CUST-200,Electronics,2,436.61,15.83,Shipped,4.0,Asia,873.22
4327,2026-05-19 14:00:00,CUST-797,Beauty,3,141.65,10.36,Cancelled,5.0,North America,424.95
4328,2026-05-19 15:00:00,CUST-231,Clothing,3,69.4,23.43,Shipped,5.0,South America,208.2
4329,2026-05-19 16:00:00,CUST-722,Electronics,5,283.83,25.97,Delivered,2.0,Europe,1419.15
4330,2026-05-19 17:00:00,CUST-480,Beauty,1,96.49,12.67,Delivered,5.0,North America,96.49
4331,2026-05-19 18:00:00,CUST-231,Books,1,309.08,6.87,Delivered,5.0,Europe,309.08
4332,2026-05-19 19:00:00,CUST-119,Clothing,1,139.13,23.63,Delivered,3.0,Asia,139.13
4333,2026-05-19 20:00:00,CUST-635,Clothing,1,123.17,39.18,Delivered,4.0,Asia,123.17
4334,2026-05-19 21:00:00,CUST-326,Beauty,4,205.6,44.34,Delivered,5.0,North America,822.4
4335,2026-05-19 22:00:00,CUST-253,Home Decor,5,300.66,9.39,Cancelled,1.0,North America,1503.3
4336,2026-05-19 23:00:00,CUST-904,Beauty,1,277.21,28.61,Delivered,1.0,North America,277.21
4337,2026-05-20 00:00:00,CUST-841,Home Decor,1,129.92,16.85,Delivered,5.0,South America,129.92
4338,2026-05-20 01:00:00,CUST-568,Electronics,1,446.65,21.86,Delivered,5.0,Asia,446.65
4339,2026-05-20 02:00:00,CUST-921,Books,3,63.84,47.0,Delivered,5.0,South America,191.52
4340,2026-05-20 03:00:00,CUST-970,Electronics,1,29.34,20.84,Delivered,4.0,North America,29.34
4341,2026-05-20 04:00:00,CUST-504,Electronics,1,305.33,21.44,Delivered,4.0,Asia,305.33
4342,2026-05-20 05:00:00,CUST-301,Clothing,1,70.47,14.42,Delivered,5.0,South America,70.47
4343,2026-05-20 06:00:00,CUST-137,Home Decor,1,257.4,48.2,Shipped,5.0,South America,257.4
4344,2026-05-20 07:00:00,CUST-871,Electronics,4,476.37,25.54,Shipped,,Europe,1905.48
4345,2026-05-20 08:00:00,CUST-287,Beauty,1,352.3,30.67,Delivered,4.0,South America,352.3
4346,2026-05-20 09:00:00,CUST-156,Clothing,1,312.55,25.39,Delivered,4.0,North America,312.55
4347,2026-05-20 10:00:00,CUST-119,Clothing,1,291.65,16.38,Delivered,5.0,North America,291.65
4348,2026-05-20 11:00:00,CUST-372,Beauty,1,97.97,41.47,Delivered,5.0,South America,97.97
4349,2026-05-20 12:00:00,CUST-218,Clothing,2,222.0,6.28,Delivered,2.0,Europe,444.0
4350,2026-05-20 13:00:00,CUST-682,Electronics,1,177.84,36.06,Delivered,3.0,Europe,177.84
4351,2026-05-20 14:00:00,CUST-615,Electronics,1,477.01,31.74,Delivered,5.0,Europe,477.01
4352,2026-05-20 15:00:00,CUST-320,Books,3,128.74,11.49,Delivered,5.0,South America,386.22
4353,2026-05-20 16:00:00,CUST-625,Electronics,1,241.04,12.47,Delivered,4.0,South America,241.04
4354,2026-05-20 17:00:00,CUST-614,Clothing,2,469.66,34.67,Delivered,4.0,Europe,939.32
4355,2026-05-20 18:00:00,CUST-827,Clothing,1,396.7,19.05,Delivered,3.0,South America,396.7
4356,2026-05-20 19:00:00,CUST-840,Clothing,1,482.61,16.96,Delivered,4.0,Asia,482.61
4357,2026-05-20 20:00:00,CUST-435,Electronics,2,308.08,7.66,Delivered,4.0,North America,616.16
4358,2026-05-20 21:00:00,CUST-797,Clothing,3,173.56,39.49,Delivered,4.0,South America,520.68
4359,2026-05-20 22:00:00,CUST-154,Clothing,2,415.06,44.72,Shipped,5.0,Asia,830.12
4360,2026-05-20 23:00:00,CUST-599,Books,1,152.81,41.89,Delivered,5.0,South America,152.81
4361,2026-05-21 00:00:00,CUST-987,Electronics,1,90.74,25.97,Delivered,5.0,Asia,90.74
4362,2026-05-21 01:00:00,CUST-865,Clothing,1,356.08,29.03,Delivered,5.0,Europe,356.08
4363,2026-05-21 02:00:00,CUST-635,Clothing,2,323.09,15.9,Delivered,3.0,North America,646.18
4364,2026-05-21 03:00:00,CUST-261,Clothing,2,440.68,12.78,Delivered,3.0,South America,881.36
4365,2026-05-21 04:00:00,CUST-769,Home Decor,1,481.34,42.04,Delivered,5.0,Asia,481.34
4366,2026-05-21 05:00:00,CUST-693,Electronics,2,430.03,40.93,Cancelled,5.0,Asia,860.06
4367,2026-05-21 06:00:00,CUST-258,Electronics,2,39.41,39.98,Delivered,4.0,Europe,78.82
4368,2026-05-21 07:00:00,CUST-287,Home Decor,1,335.61,25.85,Delivered,3.0,North America,335.61
4369,2026-05-21 08:00:00,CUST-159,Clothing,2,394.52,43.9,Delivered,5.0,North America,789.04
4370,2026-05-21 09:00:00,CUST-916,Clothing,1,491.15,46.68,Cancelled,4.0,North America,491.15
4371,2026-05-21 10:00:00,CUST-418,Electronics,1,193.58,19.78,Delivered,1.0,Asia,193.58
4372,2026-05-21 11:00:00,CUST-977,Electronics,4,93.24,15.11,Delivered,5.0,South America,372.96
4373,2026-05-21 12:00:00,CUST-310,Electronics,1,427.94,25.89,Delivered,5.0,South America,427.94
4374,2026-05-21 13:00:00,CUST-505,Electronics,1,165.56,13.07,Delivered,5.0,Europe,165.56
4375,2026-05-21 14:00:00,CUST-763,Home Decor,2,303.12,44.78,Delivered,1.0,North America,606.24
4376,2026-05-21 15:00:00,CUST-208,Beauty,5,201.05,20.21,Delivered,5.0,South America,1005.25
4377,2026-05-21 16:00:00,CUST-175,Electronics,5,207.14,30.93,Delivered,5.0,Asia,1035.7
4378,2026-05-21 17:00:00,CUST-641,Clothing,2,368.91,31.76,Delivered,5.0,Asia,737.82
4379,2026-05-21 18:00:00,CUST-413,Electronics,1,187.12,28.17,Shipped,4.0,North America,187.12
4380,2026-05-21 19:00:00,CUST-216,Clothing,4,349.61,12.04,Cancelled,5.0,Europe,1398.44
4381,2026-05-21 20:00:00,CUST-967,Electronics,2,17.02,49.6,Delivered,4.0,Europe,34.04
4382,2026-05-21 21:00:00,CUST-803,Books,1,169.08,12.77,Delivered,2.0,North America,169.08
4383,2026-05-21 22:00:00,CUST-118,Home Decor,3,166.33,38.82,Delivered,4.0,Asia,498.99
4384,2026-05-21 23:00:00,CUST-531,Books,1,376.93,40.61,Delivered,5.0,Europe,376.93
4385,2026-05-22 00:00:00,CUST-784,Beauty,1,164.13,11.53,Delivered,5.0,Asia,164.13
4386,2026-05-22 01:00:00,CUST-839,Clothing,3,320.33,46.99,Delivered,5.0,Asia,960.99
4387,2026-05-22 02:00:00,CUST-449,Clothing,2,347.38,26.95,Delivered,3.0,South America,694.76
4388,2026-05-22 03:00:00,CUST-282,Electronics,1,332.63,33.3,Delivered,5.0,Europe,332.63
4389,2026-05-22 04:00:00,CUST-212,Clothing,1,305.61,33.9,Delivered,4.0,Asia,305.61
4390,2026-05-22 05:00:00,CUST-282,Books,2,212.67,27.72,Delivered,4.0,South America,425.34
4391,2026-05-22 06:00:00,CUST-580,Electronics,1,192.92,11.39,Shipped,5.0,Asia,192.92
4392,2026-05-22 07:00:00,CUST-245,Beauty,1,286.65,38.83,Delivered,4.0,North America,286.65
4393,2026-05-22 08:00:00,CUST-930,Clothing,2,41.21,31.18,Returned,5.0,Europe,82.42
4394,2026-05-22 09:00:00,CUST-727,Beauty,3,439.15,10.34,Delivered,4.0,Asia,1317.45
4395,2026-05-22 10:00:00,CUST-212,Books,2,414.4,36.51,Delivered,4.0,Europe,828.8
4396,2026-05-22 11:00:00,CUST-862,Home Decor,3,179.73,36.62,Delivered,4.0,South America,539.19
4397,2026-05-22 12:00:00,CUST-575,Home Decor,3,287.74,29.68,Delivered,4.0,Europe,863.22
4398,2026-05-22 13:00:00,CUST-862,Clothing,2,466.79,9.07,Delivered,4.0,Asia,933.58
4399,2026-05-22 14:00:00,CUST-402,Beauty,1,143.1,20.87,Delivered,4.0,Europe,143.1
4400,2026-05-22 15:00:00,CUST-924,Books,3,373.8,7.29,Delivered,5.0,North America,1121.4
4401,2026-05-22 16:00:00,CUST-217,Beauty,1,50.54,26.49,Cancelled,3.0,North America,50.54
4402,2026-05-22 17:00:00,CUST-912,Home Decor,1,266.45,45.79,Shipped,5.0,South America,266.45
4403,2026-05-22 18:00:00,CUST-260,Home Decor,1,443.14,5.1,Delivered,5.0,Asia,443.14
4404,2026-05-22 19:00:00,CUST-500,Beauty,3,280.34,17.0,Delivered,5.0,Europe,841.02
4405,2026-05-22 20:00:00,CUST-297,Clothing,1,311.96,40.99,Shipped,5.0,South America,311.96
4406,2026-05-22 21:00:00,CUST-359,Beauty,1,454.74,5.44,Delivered,3.0,South America,454.74
4407,2026-05-22 22:00:00,CUST-759,Clothing,2,360.53,5.46,Delivered,3.0,Asia,721.06
4408,2026-05-22 23:00:00,CUST-851,Electronics,3,350.98,32.49,Delivered,5.0,Europe,1052.94
4409,2026-05-23 00:00:00,CUST-146,Clothing,2,297.33,40.51,Delivered,5.0,South America,594.66
4410,2026-05-23 01:00:00,CUST-498,Clothing,1,320.16,39.94,Delivered,4.0,South America,320.16
4411,2026-05-23 02:00:00,CUST-809,Electronics,1,403.82,40.08,Delivered,5.0,Asia,403.82
4412,2026-05-23 03:00:00,CUST-658,Electronics,2,489.82,21.25,Delivered,5.0,Asia,979.64
4413,2026-05-23 04:00:00,CUST-177,Clothing,1,399.71,44.72,Delivered,5.0,South America,399.71
4414,2026-05-23 05:00:00,CUST-223,Electronics,2,356.69,5.58,Delivered,5.0,Europe,713.38
4415,2026-05-23 06:00:00,CUST-174,Clothing,1,76.42,19.05,Delivered,2.0,South America,76.42
4416,2026-05-23 07:00:00,CUST-970,Home Decor,4,410.37,20.17,Delivered,2.0,North America,1641.48
4417,2026-05-23 08:00:00,CUST-236,Books,1,370.64,12.45,Delivered,4.0,Asia,370.64
4418,2026-05-23 09:00:00,CUST-701,Home Decor,1,387.51,20.13,Delivered,1.0,North America,387.51
4419,2026-05-23 10:00:00,CUST-499,Books,3,123.24,31.36,Delivered,5.0,Europe,369.72
4420,2026-05-23 11:00:00,CUST-936,Home Decor,1,452.69,28.41,Delivered,1.0,Asia,452.69
4421,2026-05-23 12:00:00,CUST-604,Electronics,1,57.67,19.37,Delivered,1.0,Europe,57.67
4422,2026-05-23 13:00:00,CUST-599,Home Decor,3,134.27,38.72,Delivered,3.0,North America,402.81
4423,2026-05-23 14:00:00,CUST-672,Home Decor,1,334.88,37.17,Delivered,5.0,Europe,334.88
4424,2026-05-23 15:00:00,CUST-237,Clothing,1,340.12,17.63,Delivered,5.0,Asia,340.12
4425,2026-05-23 16:00:00,CUST-149,Electronics,1,163.53,19.55,Delivered,5.0,North America,163.53
4426,2026-05-23 17:00:00,CUST-870,Home Decor,1,353.74,17.94,Delivered,5.0,Asia,353.74
4427,2026-05-23 18:00:00,CUST-718,Electronics,1,200.09,10.8,Delivered,4.0,North America,200.09
4428,2026-05-23 19:00:00,CUST-724,Home Decor,2,10.09,38.88,Delivered,1.0,South America,20.18
4429,2026-05-23 20:00:00,CUST-961,Electronics,2,89.68,7.08,Delivered,5.0,Europe,179.36
4430,2026-05-23 21:00:00,CUST-353,Home Decor,1,442.48,11.78,Cancelled,5.0,Europe,442.48
4431,2026-05-23 22:00:00,CUST-729,Clothing,1,119.12,9.74,Delivered,1.0,Asia,119.12
4432,2026-05-23 23:00:00,CUST-809,Electronics,4,65.33,42.14,Delivered,4.0,South America,261.32
4433,2026-05-24 00:00:00,CUST-948,Clothing,5,344.28,6.98,Delivered,5.0,Asia,1721.4
4434,2026-05-24 01:00:00,CUST-976,Home Decor,1,225.95,34.91,Delivered,4.0,Asia,225.95
4435,2026-05-24 02:00:00,CUST-662,Beauty,3,400.33,7.0,Delivered,4.0,North America,1200.99
4436,2026-05-24 03:00:00,CUST-856,Beauty,2,432.11,40.39,Delivered,5.0,South America,864.22
4437,2026-05-24 04:00:00,CUST-525,Clothing,1,424.53,46.07,Delivered,2.0,North America,424.53
4438,2026-05-24 05:00:00,CUST-646,Home Decor,1,163.37,26.91,Cancelled,5.0,Asia,163.37
4439,2026-05-24 06:00:00,CUST-401,Clothing,1,257.72,41.2,Delivered,4.0,North America,257.72
4440,2026-05-24 07:00:00,CUST-680,Clothing,3,328.57,36.79,Delivered,2.0,North America,985.71
4441,2026-05-24 08:00:00,CUST-448,Electronics,2,167.77,40.8,Delivered,5.0,Europe,335.54
4442,2026-05-24 09:00:00,CUST-931,Home Decor,2,30.14,39.5,Delivered,3.0,South America,60.28
4443,2026-05-24 10:00:00,CUST-148,Clothing,1,252.88,14.24,Delivered,5.0,Europe,252.88
4444,2026-05-24 11:00:00,CUST-173,Electronics,2,16.28,27.48,Delivered,4.0,South America,32.56
4445,2026-05-24 12:00:00,CUST-803,Home Decor,3,475.82,48.22,Delivered,1.0,Europe,1427.46
4446,2026-05-24 13:00:00,CUST-360,Home Decor,3,400.37,20.46,Delivered,2.0,Asia,1201.11
4447,2026-05-24 14:00:00,CUST-455,Clothing,1,104.08,48.67,Delivered,5.0,Europe,104.08
4448,2026-05-24 15:00:00,CUST-681,Electronics,2,150.91,31.24,Delivered,4.0,South America,301.82
4449,2026-05-24 16:00:00,CUST-701,Clothing,1,491.59,25.77,Delivered,4.0,South America,491.59
4450,2026-05-24 17:00:00,CUST-359,Clothing,2,193.04,34.6,Shipped,4.0,South America,386.08
4451,2026-05-24 18:00:00,CUST-737,Home Decor,2,394.02,41.71,Delivered,5.0,Europe,788.04
4452,2026-05-24 19:00:00,CUST-842,Clothing,1,228.94,22.74,Delivered,1.0,North America,228.94
4453,2026-05-24 20:00:00,CUST-394,Home Decor,3,433.41,6.48,Delivered,5.0,Europe,1300.23
4454,2026-05-24 21:00:00,CUST-740,Beauty,1,354.84,36.9,Delivered,5.0,North America,354.84
4455,2026-05-24 22:00:00,CUST-891,Electronics,3,21.23,48.03,Returned,4.0,Europe,63.69
4456,2026-05-24 23:00:00,CUST-412,Books,1,154.25,33.12,Delivered,4.0,Asia,154.25
4457,2026-05-25 00:00:00,CUST-711,Clothing,2,283.42,13.48,Delivered,5.0,Asia,566.84
4458,2026-05-25 01:00:00,CUST-937,Electronics,4,463.83,16.17,Delivered,4.0,Europe,1855.32
4459,2026-05-25 02:00:00,CUST-908,Clothing,1,59.99,45.94,Delivered,5.0,Europe,59.99
4460,2026-05-25 03:00:00,CUST-281,Electronics,2,304.57,5.61,Delivered,1.0,Europe,609.14
4461,2026-05-25 04:00:00,CUST-785,Electronics,1,158.07,29.69,Delivered,4.0,Asia,158.07
4462,2026-05-25 05:00:00,CUST-927,Clothing,1,445.77,12.14,Delivered,5.0,North America,445.77
4463,2026-05-25 06:00:00,CUST-463,Beauty,2,384.93,17.72,Delivered,4.0,South America,769.86
4464,2026-05-25 07:00:00,CUST-287,Books,2,191.15,18.81,Delivered,4.0,North America,382.3
4465,2026-05-25 08:00:00,CUST-668,Home Decor,4,91.88,14.87,Delivered,5.0,Europe,367.52
4466,2026-05-25 09:00:00,CUST-642,Electronics,3,15.63,40.66,Delivered,5.0,Asia,46.89
4467,2026-05-25 10:00:00,CUST-695,Home Decor,2,314.36,19.95,Shipped,3.0,South America,628.72
4468,2026-05-25 11:00:00,CUST-763,Home Decor,2,209.0,20.55,Delivered,5.0,North America,418.0
4469,2026-05-25 12:00:00,CUST-647,Beauty,3,164.23,25.39,Shipped,5.0,Europe,492.69
4470,2026-05-25 13:00:00,CUST-824,Beauty,1,492.9,45.6,Delivered,5.0,Asia,492.9
4471,2026-05-25 14:00:00,CUST-507,Beauty,1,238.41,35.97,Delivered,5.0,Asia,238.41
4472,2026-05-25 15:00:00,CUST-975,Clothing,1,377.42,7.78,Delivered,5.0,South America,377.42
4473,2026-05-25 16:00:00,CUST-717,Home Decor,3,96.93,6.77,Delivered,5.0,North America,290.79
4474,2026-05-25 17:00:00,CUST-513,Electronics,2,16.59,30.49,Delivered,3.0,Asia,33.18
4475,2026-05-25 18:00:00,CUST-441,Books,2,214.61,44.92,Shipped,5.0,Europe,429.22
4476,2026-05-25 19:00:00,CUST-319,Electronics,1,336.18,19.55,Delivered,3.0,Europe,336.18
4477,2026-05-25 20:00:00,CUST-262,Electronics,4,258.23,16.15,Delivered,1.0,South America,1032.92
4478,2026-05-25 21:00:00,CUST-319,Electronics,1,446.33,38.67,Shipped,5.0,North America,446.33
4479,2026-05-25 22:00:00,CUST-369,Beauty,2,222.65,32.09,Delivered,3.0,Asia,445.3
4480,2026-05-25 23:00:00,CUST-731,Clothing,1,162.39,30.43,Delivered,5.0,South America,162.39
4481,2026-05-26 00:00:00,CUST-947,Clothing,1,458.86,11.72,Delivered,5.0,North America,458.86
4482,2026-05-26 01:00:00,CUST-499,Books,3,209.33,12.92,Delivered,4.0,North America,627.99
4483,2026-05-26 02:00:00,CUST-281,Books,4,142.13,17.68,Delivered,2.0,Asia,568.52
4484,2026-05-26 03:00:00,CUST-717,Clothing,1,57.85,14.31,Cancelled,5.0,South America,57.85
4485,2026-05-26 04:00:00,CUST-828,Electronics,1,398.72,48.72,Delivered,5.0,South America,398.72
4486,2026-05-26 05:00:00,CUST-304,Beauty,1,414.29,5.84,Delivered,5.0,South America,414.29
4487,2026-05-26 06:00:00,CUST-681,Books,1,26.32,33.17,Shipped,3.0,South America,26.32
4488,2026-05-26 07:00:00,CUST-655,Clothing,1,185.74,28.29,Delivered,5.0,North America,185.74
4489,2026-05-26 08:00:00,CUST-940,Home Decor,3,377.44,19.55,Delivered,4.0,South America,1132.32
4490,2026-05-26 09:00:00,CUST-912,Electronics,4,473.73,44.94,Delivered,4.0,South America,1894.92
4491,2026-05-26 10:00:00,CUST-327,Beauty,1,195.13,35.16,Delivered,3.0,Asia,195.13
4492,2026-05-26 11:00:00,CUST-795,Home Decor,2,437.31,49.93,Delivered,4.0,Europe,874.62
4493,2026-05-26 12:00:00,CUST-718,Clothing,1,202.92,12.59,Shipped,5.0,North America,202.92
4494,2026-05-26 13:00:00,CUST-695,Electronics,1,97.95,8.95,Delivered,5.0,Asia,97.95
4495,2026-05-26 14:00:00,CUST-949,Books,1,11.69,11.27,Delivered,5.0,Asia,11.69
4496,2026-05-26 15:00:00,CUST-349,Home Decor,2,171.79,17.12,Delivered,5.0,Asia,343.58
4497,2026-05-26 16:00:00,CUST-974,Electronics,1,195.45,23.76,Delivered,4.0,North America,195.45
4498,2026-05-26 17:00:00,CUST-540,Home Decor,1,473.11,43.82,Delivered,5.0,Europe,473.11
4499,2026-05-26 18:00:00,CUST-632,Home Decor,1,110.97,17.76,Delivered,2.0,North America,110.97
4500,2026-05-26 19:00:00,CUST-295,Clothing,1,197.29,46.19,Delivered,5.0,South America,197.29
4501,2026-05-26 20:00:00,CUST-789,Home Decor,1,22.33,25.83,Delivered,4.0,Europe,22.33
4502,2026-05-26 21:00:00,CUST-618,Home Decor,3,384.13,34.12,Delivered,2.0,North America,1152.39
4503,2026-05-26 22:00:00,CUST-169,Books,2,458.42,16.9,Delivered,4.0,North America,916.84
4504,2026-05-26 23:00:00,CUST-738,Electronics,3,126.53,12.02,Delivered,5.0,South America,379.59
4505,2026-05-27 00:00:00,CUST-498,Electronics,1,220.21,44.13,Delivered,5.0,North America,220.21
4506,2026-05-27 01:00:00,CUST-771,Electronics,1,69.84,9.93,Delivered,5.0,Europe,69.84
4507,2026-05-27 02:00:00,CUST-859,Home Decor,1,233.85,39.83,Delivered,4.0,Asia,233.85
4508,2026-05-27 03:00:00,CUST-302,Home Decor,1,75.34,31.14,Delivered,5.0,North America,75.34
4509,2026-05-27 04:00:00,CUST-247,Beauty,2,266.44,43.75,Delivered,4.0,North America,532.88
4510,2026-05-27 05:00:00,CUST-571,Home Decor,1,369.96,37.3,Delivered,5.0,Europe,369.96
4511,2026-05-27 06:00:00,CUST-754,Clothing,1,281.14,17.67,Delivered,4.0,North America,281.14
4512,2026-05-27 07:00:00,CUST-298,Books,2,130.16,30.85,Delivered,3.0,Asia,260.32
4513,2026-05-27 08:00:00,CUST-525,Electronics,1,183.36,5.59,Delivered,5.0,South America,183.36
4514,2026-05-27 09:00:00,CUST-765,Beauty,5,322.9,26.38,Delivered,5.0,South America,1614.5
4515,2026-05-27 10:00:00,CUST-591,Clothing,1,298.98,8.87,Delivered,5.0,South America,298.98
4516,2026-05-27 11:00:00,CUST-987,Home Decor,2,77.02,24.3,Delivered,4.0,Asia,154.04
4517,2026-05-27 12:00:00,CUST-995,Home Decor,1,424.03,9.93,Delivered,5.0,South America,424.03
4518,2026-05-27 13:00:00,CUST-241,Home Decor,5,242.84,48.0,Delivered,4.0,Europe,1214.2
4519,2026-05-27 14:00:00,CUST-412,Electronics,1,89.56,28.54,Delivered,1.0,Europe,89.56
4520,2026-05-27 15:00:00,CUST-264,Clothing,2,70.19,46.09,Delivered,5.0,Asia,140.38
4521,2026-05-27 16:00:00,CUST-413,Home Decor,1,483.12,6.01,Delivered,5.0,Asia,483.12
4522,2026-05-27 17:00:00,CUST-120,Beauty,2,147.95,33.69,Delivered,5.0,Asia,295.9
4523,2026-05-27 18:00:00,CUST-181,Clothing,1,455.21,18.81,Delivered,4.0,Europe,455.21
4524,2026-05-27 19:00:00,CUST-680,Books,1,211.19,24.43,Delivered,5.0,Asia,211.19
4525,2026-05-27 20:00:00,CUST-230,Clothing,3,199.1,44.29,Cancelled,5.0,Asia,597.3
4526,2026-05-27 21:00:00,CUST-698,Clothing,5,353.46,49.1,Delivered,5.0,South America,1767.3
4527,2026-05-27 22:00:00,CUST-829,Beauty,1,14.84,16.09,Delivered,4.0,Asia,14.84
4528,2026-05-27 23:00:00,CUST-404,Home Decor,3,175.66,47.67,Delivered,5.0,North America,526.98
4529,2026-05-28 00:00:00,CUST-470,Books,1,158.3,35.99,Delivered,5.0,South America,158.3
4530,2026-05-28 01:00:00,CUST-956,Home Decor,3,435.37,47.81,Delivered,4.0,Europe,1306.11
4531,2026-05-28 02:00:00,CUST-952,Clothing,2,269.27,30.31,Delivered,5.0,Europe,538.54
4532,2026-05-28 03:00:00,CUST-483,Electronics,1,188.64,48.23,Delivered,4.0,Europe,188.64
4533,2026-05-28 04:00:00,CUST-544,Clothing,3,140.38,45.16,Delivered,5.0,South America,421.14
4534,2026-05-28 05:00:00,CUST-524,Electronics,3,299.35,10.79,Delivered,5.0,Europe,898.05
4535,2026-05-28 06:00:00,CUST-260,Home Decor,1,84.32,18.99,Delivered,4.0,South America,84.32
4536,2026-05-28 07:00:00,CUST-277,Electronics,3,130.64,15.94,Returned,5.0,South America,391.92
4537,2026-05-28 08:00:00,CUST-728,Electronics,1,153.87,30.74,Delivered,4.0,North America,153.87
4538,2026-05-28 09:00:00,CUST-807,Electronics,3,307.88,41.13,Delivered,5.0,North America,923.64
4539,2026-05-28 10:00:00,CUST-994,Electronics,2,192.89,39.17,Shipped,5.0,North America,385.78
4540,2026-05-28 11:00:00,CUST-589,Clothing,1,257.83,37.7,Shipped,4.0,North America,257.83
4541,2026-05-28 12:00:00,CUST-426,Beauty,2,328.71,21.89,Delivered,,North America,657.42
4542,2026-05-28 13:00:00,CUST-697,Beauty,2,478.57,11.28,Delivered,5.0,Europe,957.14
4543,2026-05-28 14:00:00,CUST-388,Home Decor,2,384.77,14.48,Delivered,5.0,Europe,769.54
4544,2026-05-28 15:00:00,CUST-692,Beauty,1,208.58,38.38,Delivered,4.0,Europe,208.58
4545,2026-05-28 16:00:00,CUST-763,Electronics,1,376.65,11.64,Delivered,3.0,North America,376.65
4546,2026-05-28 17:00:00,CUST-672,Beauty,3,475.35,15.03,Delivered,2.0,Asia,1426.05
4547,2026-05-28 18:00:00,CUST-672,Electronics,1,254.7,24.1,Delivered,4.0,Europe,254.7
4548,2026-05-28 19:00:00,CUST-453,Clothing,1,211.14,8.25,Delivered,5.0,Europe,211.14
4549,2026-05-28 20:00:00,CUST-127,Home Decor,2,48.23,14.57,Delivered,4.0,Asia,96.46
4550,2026-05-28 21:00:00,CUST-142,Electronics,1,447.26,11.74,Delivered,5.0,North America,447.26
4551,2026-05-28 22:00:00,CUST-780,Home Decor,2,130.75,47.81,Delivered,2.0,South America,261.5
4552,2026-05-28 23:00:00,CUST-522,Clothing,2,41.34,13.62,Delivered,3.0,Asia,82.68
4553,2026-05-29 00:00:00,CUST-697,Beauty,2,273.23,43.78,Delivered,1.0,Asia,546.46
4554,2026-05-29 01:00:00,CUST-276,Clothing,1,424.49,10.17,Delivered,5.0,Europe,424.49
4555,2026-05-29 02:00:00,CUST-628,Electronics,1,209.25,44.14,Cancelled,4.0,Europe,209.25
4556,2026-05-29 03:00:00,CUST-709,Home Decor,1,393.7,31.97,Delivered,5.0,North America,393.7
4557,2026-05-29 04:00:00,CUST-593,Electronics,3,419.83,43.24,Shipped,4.0,South America,1259.49
4558,2026-05-29 05:00:00,CUST-297,Clothing,1,232.66,44.03,Delivered,4.0,South America,232.66
4559,2026-05-29 06:00:00,CUST-709,Electronics,4,299.57,31.84,Cancelled,4.0,Asia,1198.28
4560,2026-05-29 07:00:00,CUST-676,Home Decor,2,271.62,46.3,Delivered,4.0,North America,543.24
4561,2026-05-29 08:00:00,CUST-941,Home Decor,3,470.21,31.35,Delivered,5.0,South America,1410.63
4562,2026-05-29 09:00:00,CUST-952,Clothing,1,365.5,37.07,Delivered,5.0,Asia,365.5
4563,2026-05-29 10:00:00,CUST-616,Books,1,463.42,23.72,Delivered,1.0,Europe,463.42
4564,2026-05-29 11:00:00,CUST-613,Beauty,4,117.8,46.13,Delivered,5.0,South America,471.2
4565,2026-05-29 12:00:00,CUST-121,Home Decor,1,162.02,42.09,Delivered,5.0,Asia,162.02
4566,2026-05-29 13:00:00,CUST-211,Home Decor,1,44.75,12.5,Delivered,5.0,South America,44.75
4567,2026-05-29 14:00:00,CUST-156,Electronics,1,254.95,30.94,Cancelled,4.0,North America,254.95
4568,2026-05-29 15:00:00,CUST-165,Home Decor,4,438.22,45.36,Delivered,3.0,Asia,1752.88
4569,2026-05-29 16:00:00,CUST-941,Electronics,2,170.15,40.69,Delivered,5.0,North America,340.3
4570,2026-05-29 17:00:00,CUST-197,Electronics,2,72.86,48.31,Delivered,4.0,Asia,145.72
4571,2026-05-29 18:00:00,CUST-243,Books,2,43.54,15.41,Delivered,5.0,Europe,87.08
4572,2026-05-29 19:00:00,CUST-979,Home Decor,1,229.28,21.54,Delivered,5.0,South America,229.28
4573,2026-05-29 20:00:00,CUST-534,Clothing,3,90.37,27.82,Shipped,2.0,Europe,271.11
4574,2026-05-29 21:00:00,CUST-736,Electronics,1,179.59,15.47,Delivered,5.0,North America,179.59
4575,2026-05-29 22:00:00,CUST-778,Home Decor,3,411.79,22.73,Delivered,5.0,South America,1235.37
4576,2026-05-29 23:00:00,CUST-185,Electronics,1,198.18,29.19,Delivered,5.0,Europe,198.18
4577,2026-05-30 00:00:00,CUST-687,Electronics,1,308.84,13.61,Delivered,5.0,Asia,308.84
4578,2026-05-30 01:00:00,CUST-443,Electronics,2,256.06,16.55,Delivered,5.0,Asia,512.12
4579,2026-05-30 02:00:00,CUST-393,Clothing,1,362.08,10.62,Delivered,1.0,Europe,362.08
4580,2026-05-30 03:00:00,CUST-670,Home Decor,2,86.52,37.1,Delivered,5.0,South America,173.04
4581,2026-05-30 04:00:00,CUST-749,Electronics,1,461.02,21.27,Cancelled,4.0,North America,461.02
4582,2026-05-30 05:00:00,CUST-710,Home Decor,1,325.38,14.91,Delivered,1.0,Asia,325.38
4583,2026-05-30 06:00:00,CUST-803,Electronics,1,142.77,27.83,Delivered,4.0,North America,142.77
4584,2026-05-30 07:00:00,CUST-342,Home Decor,2,70.39,8.07,Delivered,5.0,South America,140.78
4585,2026-05-30 08:00:00,CUST-930,Books,1,83.37,46.55,Delivered,4.0,South America,83.37
4586,2026-05-30 09:00:00,CUST-660,Home Decor,2,393.5,18.25,Delivered,5.0,Asia,787.0
4587,2026-05-30 10:00:00,CUST-131,Beauty,1,298.17,44.89,Delivered,5.0,North America,298.17
4588,2026-05-30 11:00:00,CUST-490,Books,1,196.57,27.39,Delivered,4.0,South America,196.57
4589,2026-05-30 12:00:00,CUST-376,Clothing,1,173.12,43.26,Delivered,4.0,North America,173.12
4590,2026-05-30 13:00:00,CUST-631,Home Decor,4,429.32,16.12,Returned,4.0,Asia,1717.28
4591,2026-05-30 14:00:00,CUST-253,Beauty,2,438.63,12.89,Delivered,1.0,Asia,877.26
4592,2026-05-30 15:00:00,CUST-482,Clothing,1,294.82,43.22,Delivered,4.0,South America,294.82
4593,2026-05-30 16:00:00,CUST-167,Electronics,2,267.03,14.58,Delivered,2.0,South America,534.06
4594,2026-05-30 17:00:00,CUST-977,Books,3,410.06,38.58,Delivered,5.0,North America,1230.18
4595,2026-05-30 18:00:00,CUST-983,Home Decor,1,377.17,20.51,Delivered,5.0,South America,377.17
4596,2026-05-30 19:00:00,CUST-313,Electronics,3,206.16,38.67,Delivered,5.0,Asia,618.48
4597,2026-05-30 20:00:00,CUST-754,Clothing,1,50.54,45.84,Delivered,4.0,South America,50.54
4598,2026-05-30 21:00:00,CUST-475,Beauty,3,386.57,49.17,Delivered,4.0,Europe,1159.71
4599,2026-05-30 22:00:00,CUST-843,Clothing,2,92.66,21.19,Delivered,5.0,Asia,185.32
4600,2026-05-30 23:00:00,CUST-312,Home Decor,1,18.02,21.54,Delivered,5.0,North America,18.02
4601,2026-05-31 00:00:00,CUST-178,Beauty,1,423.22,49.16,Delivered,3.0,South America,423.22
4602,2026-05-31 01:00:00,CUST-825,Home Decor,5,293.34,43.77,Delivered,4.0,South America,1466.7
4603,2026-05-31 02:00:00,CUST-727,Clothing,3,446.92,7.03,Delivered,5.0,Asia,1340.76
4604,2026-05-31 03:00:00,CUST-703,Home Decor,2,247.45,30.81,Delivered,4.0,Asia,494.9
4605,2026-05-31 04:00:00,CUST-881,Home Decor,1,463.98,13.16,Cancelled,1.0,North America,463.98
4606,2026-05-31 05:00:00,CUST-480,Home Decor,1,183.45,49.73,Delivered,2.0,Asia,183.45
4607,2026-05-31 06:00:00,CUST-779,Clothing,1,365.02,11.25,Delivered,5.0,North America,365.02
4608,2026-05-31 07:00:00,CUST-157,Clothing,1,157.48,30.17,Delivered,5.0,South America,157.48
4609,2026-05-31 08:00:00,CUST-895,Books,2,10.57,34.93,Delivered,4.0,North America,21.14
4610,2026-05-31 09:00:00,CUST-125,Electronics,3,196.07,47.17,Delivered,3.0,North America,588.21
4611,2026-05-31 10:00:00,CUST-980,Electronics,2,371.51,43.13,Delivered,4.0,North America,743.02
4612,2026-05-31 11:00:00,CUST-546,Clothing,1,83.51,16.06,Delivered,4.0,South America,83.51
4613,2026-05-31 12:00:00,CUST-165,Beauty,2,257.35,30.77,Delivered,4.0,Europe,514.7
4614,2026-05-31 13:00:00,CUST-859,Electronics,4,114.04,47.91,Delivered,4.0,Europe,456.16
4615,2026-05-31 14:00:00,CUST-353,Electronics,2,46.57,38.11,Cancelled,2.0,North America,93.14
4616,2026-05-31 15:00:00,CUST-998,Electronics,2,312.55,35.98,Shipped,5.0,Asia,625.1
4617,2026-05-31 16:00:00,CUST-143,Home Decor,4,476.46,38.97,Delivered,5.0,Europe,1905.84
4618,2026-05-31 17:00:00,CUST-196,Electronics,3,162.25,19.51,Delivered,5.0,South America,486.75
4619,2026-05-31 18:00:00,CUST-653,Clothing,1,294.52,37.82,Shipped,5.0,North America,294.52
4620,2026-05-31 19:00:00,CUST-326,Clothing,1,477.27,15.48,Delivered,5.0,Europe,477.27
4621,2026-05-31 20:00:00,CUST-873,Beauty,4,328.74,24.26,Shipped,5.0,South America,1314.96
4622,2026-05-31 21:00:00,CUST-778,Clothing,1,339.83,45.05,Delivered,4.0,North America,339.83
4623,2026-05-31 22:00:00,CUST-535,Electronics,1,97.67,5.85,Delivered,4.0,Europe,97.67
4624,2026-05-31 23:00:00,CUST-890,Clothing,1,251.38,23.64,Delivered,5.0,North America,251.38
4625,2026-06-01 00:00:00,CUST-700,Books,2,189.87,17.01,Delivered,5.0,Europe,379.74
4626,2026-06-01 01:00:00,CUST-478,Home Decor,5,240.77,13.94,Delivered,,Europe,1203.85
4627,2026-06-01 02:00:00,CUST-277,Books,1,402.41,42.74,Delivered,5.0,Asia,402.41
4628,2026-06-01 03:00:00,CUST-526,Beauty,2,235.74,36.34,Delivered,4.0,Europe,471.48
4629,2026-06-01 04:00:00,CUST-808,Electronics,3,40.8,10.07,Delivered,4.0,Asia,122.4
4630,2026-06-01 05:00:00,CUST-406,Home Decor,1,453.72,27.25,Delivered,4.0,South America,453.72
4631,2026-06-01 06:00:00,CUST-878,Electronics,1,276.96,26.01,Delivered,5.0,Europe,276.96
4632,2026-06-01 07:00:00,CUST-603,Home Decor,4,463.0,11.41,Delivered,5.0,North America,1852.0
4633,2026-06-01 08:00:00,CUST-367,Electronics,1,290.45,40.99,Delivered,2.0,Asia,290.45
4634,2026-06-01 09:00:00,CUST-685,Clothing,2,44.12,21.5,Returned,5.0,Europe,88.24
4635,2026-06-01 10:00:00,CUST-107,Books,2,280.91,39.29,Delivered,5.0,Asia,561.82
4636,2026-06-01 11:00:00,CUST-607,Electronics,1,292.11,13.64,Delivered,4.0,North America,292.11
4637,2026-06-01 12:00:00,CUST-575,Beauty,4,115.03,19.18,Delivered,5.0,North America,460.12
4638,2026-06-01 13:00:00,CUST-396,Electronics,1,240.8,9.28,Delivered,5.0,North America,240.8
4639,2026-06-01 14:00:00,CUST-263,Electronics,1,235.13,11.46,Shipped,4.0,South America,235.13
4640,2026-06-01 15:00:00,CUST-584,Beauty,1,315.21,44.74,Delivered,4.0,South America,315.21
4641,2026-06-01 16:00:00,CUST-696,Home Decor,1,137.21,9.91,Delivered,4.0,North America,137.21
4642,2026-06-01 17:00:00,CUST-171,Home Decor,3,295.06,9.31,Delivered,4.0,South America,885.18
4643,2026-06-01 18:00:00,CUST-666,Electronics,3,128.07,47.32,Delivered,2.0,South America,384.21
4644,2026-06-01 19:00:00,CUST-658,Clothing,4,228.76,34.07,Delivered,3.0,South America,915.04
4645,2026-06-01 20:00:00,CUST-337,Home Decor,1,70.13,9.54,Delivered,5.0,South America,70.13
4646,2026-06-01 21:00:00,CUST-203,Home Decor,2,28.28,48.73,Delivered,5.0,South America,56.56
4647,2026-06-01 22:00:00,CUST-309,Clothing,2,167.09,11.62,Delivered,5.0,South America,334.18
4648,2026-06-01 23:00:00,CUST-653,Books,3,144.54,39.49,Delivered,5.0,North America,433.62
4649,2026-06-02 00:00:00,CUST-927,Home Decor,2,209.4,6.57,Delivered,5.0,South America,418.8
4650,2026-06-02 01:00:00,CUST-567,Books,1,481.37,33.1,Delivered,5.0,South America,481.37
4651,2026-06-02 02:00:00,CUST-553,Home Decor,1,265.89,29.6,Delivered,4.0,Asia,265.89
4652,2026-06-02 03:00:00,CUST-367,Home Decor,1,281.06,14.36,Delivered,4.0,Asia,281.06
4653,2026-06-02 04:00:00,CUST-485,Electronics,2,471.38,33.94,Delivered,4.0,South America,942.76
4654,2026-06-02 05:00:00,CUST-874,Clothing,4,461.36,32.77,Shipped,5.0,Europe,1845.44
4655,2026-06-02 06:00:00,CUST-947,Beauty,1,443.21,40.93,Delivered,5.0,Europe,443.21
4656,2026-06-02 07:00:00,CUST-486,Electronics,1,58.02,44.41,Delivered,5.0,South America,58.02
4657,2026-06-02 08:00:00,CUST-976,Electronics,1,320.81,27.95,Delivered,5.0,North America,320.81
4658,2026-06-02 09:00:00,CUST-358,Clothing,3,405.97,27.06,Cancelled,5.0,North America,1217.91
4659,2026-06-02 10:00:00,CUST-382,Electronics,1,419.43,32.97,Delivered,5.0,Asia,419.43
4660,2026-06-02 11:00:00,CUST-725,Books,1,293.17,37.81,Delivered,5.0,North America,293.17
4661,2026-06-02 12:00:00,CUST-974,Beauty,1,18.57,21.03,Cancelled,5.0,North America,18.57
4662,2026-06-02 13:00:00,CUST-139,Clothing,2,487.12,27.71,Delivered,5.0,North America,974.24
4663,2026-06-02 14:00:00,CUST-585,Electronics,2,241.38,31.33,Delivered,5.0,South America,482.76
4664,2026-06-02 15:00:00,CUST-319,Home Decor,2,202.86,49.48,Delivered,4.0,South America,405.72
4665,2026-06-02 16:00:00,CUST-228,Home Decor,1,203.52,31.45,Delivered,1.0,Europe,203.52
4666,2026-06-02 17:00:00,CUST-619,Books,1,217.83,15.09,Delivered,1.0,Asia,217.83
4667,2026-06-02 18:00:00,CUST-712,Home Decor,1,128.67,31.46,Delivered,1.0,Europe,128.67
4668,2026-06-02 19:00:00,CUST-991,Clothing,1,170.39,41.88,Delivered,5.0,North America,170.39
4669,2026-06-02 20:00:00,CUST-787,Clothing,1,492.83,43.58,Shipped,3.0,North America,492.83
4670,2026-06-02 21:00:00,CUST-718,Books,1,190.4,41.01,Delivered,3.0,Europe,190.4
4671,2026-06-02 22:00:00,CUST-712,Home Decor,2,268.1,44.97,Delivered,4.0,Europe,536.2
4672,2026-06-02 23:00:00,CUST-359,Home Decor,1,425.66,20.06,Delivered,4.0,South America,425.66
4673,2026-06-03 00:00:00,CUST-465,Electronics,1,268.44,27.84,Delivered,5.0,South America,268.44
4674,2026-06-03 01:00:00,CUST-857,Home Decor,3,168.98,40.08,Delivered,2.0,Asia,506.94
4675,2026-06-03 02:00:00,CUST-886,Beauty,2,266.64,16.9,Delivered,5.0,South America,533.28
4676,2026-06-03 03:00:00,CUST-643,Clothing,2,65.9,21.72,Delivered,4.0,North America,131.8
4677,2026-06-03 04:00:00,CUST-748,Clothing,3,73.7,42.4,Delivered,5.0,North America,221.1
4678,2026-06-03 05:00:00,CUST-623,Electronics,1,350.11,39.65,Returned,5.0,Europe,350.11
4679,2026-06-03 06:00:00,CUST-913,Electronics,3,459.56,48.7,Delivered,5.0,Asia,1378.68
4680,2026-06-03 07:00:00,CUST-986,Electronics,2,365.58,49.82,Delivered,4.0,South America,731.16
4681,2026-06-03 08:00:00,CUST-115,Electronics,1,46.56,15.83,Delivered,5.0,Asia,46.56
4682,2026-06-03 09:00:00,CUST-228,Home Decor,1,207.42,45.52,Shipped,5.0,North America,207.42
4683,2026-06-03 10:00:00,CUST-674,Electronics,1,11.25,9.25,Delivered,1.0,North America,11.25
4684,2026-06-03 11:00:00,CUST-208,Electronics,1,260.49,36.94,Cancelled,1.0,South America,260.49
4685,2026-06-03 12:00:00,CUST-986,Beauty,1,104.67,14.9,Delivered,5.0,South America,104.67
4686,2026-06-03 13:00:00,CUST-632,Home Decor,1,435.39,18.51,Shipped,4.0,South America,435.39
4687,2026-06-03 14:00:00,CUST-769,Home Decor,1,61.12,47.58,Delivered,5.0,Europe,61.12
4688,2026-06-03 15:00:00,CUST-368,Clothing,1,10.7,16.84,Delivered,5.0,North America,10.7
4689,2026-06-03 16:00:00,CUST-261,Home Decor,1,231.06,35.29,Shipped,4.0,Europe,231.06
4690,2026-06-03 17:00:00,CUST-359,Electronics,1,86.16,13.02,Delivered,3.0,North America,86.16
4691,2026-06-03 18:00:00,CUST-201,Beauty,1,371.61,9.2,Shipped,5.0,South America,371.61
4692,2026-06-03 19:00:00,CUST-605,Electronics,2,460.77,20.27,Delivered,5.0,North America,921.54
4693,2026-06-03 20:00:00,CUST-834,Home Decor,1,30.55,33.09,Delivered,3.0,North America,30.55
4694,2026-06-03 21:00:00,CUST-670,Clothing,3,203.84,16.16,Delivered,5.0,Asia,611.52
4695,2026-06-03 22:00:00,CUST-346,Home Decor,3,498.44,18.51,Delivered,2.0,North America,1495.32
4696,2026-06-03 23:00:00,CUST-739,Clothing,2,369.01,36.89,Delivered,5.0,North America,738.02
4697,2026-06-04 00:00:00,CUST-894,Clothing,2,477.06,9.63,Delivered,2.0,Asia,954.12
4698,2026-06-04 01:00:00,CUST-936,Electronics,1,90.4,25.11,Shipped,4.0,South America,90.4
4699,2026-06-04 02:00:00,CUST-636,Home Decor,1,118.47,47.38,Cancelled,,Asia,118.47
4700,2026-06-04 03:00:00,CUST-230,Books,4,85.86,22.86,Delivered,3.0,South America,343.44
4701,2026-06-04 04:00:00,CUST-452,Beauty,1,158.16,24.54,Delivered,5.0,South America,158.16
4702,2026-06-04 05:00:00,CUST-295,Electronics,4,364.95,38.22,Delivered,5.0,South America,1459.8
4703,2026-06-04 06:00:00,CUST-892,Clothing,2,90.82,40.06,Delivered,5.0,North America,181.64
4704,2026-06-04 07:00:00,CUST-765,Books,1,266.87,39.63,Delivered,5.0,Asia,266.87
4705,2026-06-04 08:00:00,CUST-481,Clothing,1,141.91,49.9,Delivered,4.0,Asia,141.91
4706,2026-06-04 09:00:00,CUST-744,Home Decor,2,416.31,8.22,Delivered,5.0,Asia,832.62
4707,2026-06-04 10:00:00,CUST-326,Books,1,13.23,49.2,Delivered,5.0,Asia,13.23
4708,2026-06-04 11:00:00,CUST-800,Beauty,1,119.33,47.76,Delivered,4.0,Europe,119.33
4709,2026-06-04 12:00:00,CUST-575,Clothing,2,306.57,43.35,Delivered,4.0,North America,613.14
4710,2026-06-04 13:00:00,CUST-576,Clothing,2,57.39,25.44,Delivered,5.0,Europe,114.78
4711,2026-06-04 14:00:00,CUST-364,Clothing,1,238.49,44.19,Delivered,4.0,North America,238.49
4712,2026-06-04 15:00:00,CUST-471,Home Decor,1,223.74,14.94,Delivered,4.0,Asia,223.74
4713,2026-06-04 16:00:00,CUST-585,Electronics,3,427.74,40.62,Delivered,5.0,Europe,1283.22
4714,2026-06-04 17:00:00,CUST-533,Electronics,2,316.44,13.34,Delivered,5.0,South America,632.88
4715,2026-06-04 18:00:00,CUST-745,Clothing,2,323.45,41.69,Delivered,5.0,Asia,646.9
4716,2026-06-04 19:00:00,CUST-310,Electronics,4,476.39,32.65,Delivered,5.0,Asia,1905.56
4717,2026-06-04 20:00:00,CUST-671,Home Decor,1,491.36,9.41,Delivered,3.0,South America,491.36
4718,2026-06-04 21:00:00,CUST-476,Home Decor,1,330.16,45.29,Delivered,5.0,Asia,330.16
4719,2026-06-04 22:00:00,CUST-494,Clothing,3,265.78,31.01,Delivered,5.0,North America,797.34
4720,2026-06-04 23:00:00,CUST-549,Clothing,3,307.88,34.53,Delivered,4.0,Asia,923.64
4721,2026-06-05 00:00:00,CUST-463,Books,1,197.4,17.76,Delivered,3.0,North America,197.4
4722,2026-06-05 01:00:00,CUST-975,Electronics,1,493.85,44.22,Delivered,5.0,North America,493.85
4723,2026-06-05 02:00:00,CUST-556,Beauty,2,355.46,29.53,Delivered,5.0,Asia,710.92
4724,2026-06-05 03:00:00,CUST-824,Books,1,152.59,23.95,Delivered,5.0,South America,152.59
4725,2026-06-05 04:00:00,CUST-827,Clothing,4,38.31,29.04,Delivered,3.0,North America,153.24
4726,2026-06-05 05:00:00,CUST-325,Home Decor,1,31.91,36.65,Delivered,2.0,Europe,31.91
4727,2026-06-05 06:00:00,CUST-230,Books,1,110.41,36.28,Delivered,4.0,North America,110.41
4728,2026-06-05 07:00:00,CUST-687,Electronics,1,124.13,21.09,Delivered,1.0,South America,124.13
4729,2026-06-05 08:00:00,CUST-575,Clothing,2,213.37,22.34,Delivered,5.0,Asia,426.74
4730,2026-06-05 09:00:00,CUST-897,Clothing,3,115.27,30.3,Delivered,5.0,South America,345.81
4731,2026-06-05 10:00:00,CUST-376,Electronics,2,319.15,46.6,Delivered,5.0,South America,638.3
4732,2026-06-05 11:00:00,CUST-255,Beauty,4,113.51,38.54,Delivered,5.0,Asia,454.04
4733,2026-06-05 12:00:00,CUST-859,Beauty,1,102.06,22.57,Delivered,3.0,Europe,102.06
4734,2026-06-05 13:00:00,CUST-317,Beauty,1,240.91,20.17,Delivered,5.0,Europe,240.91
4735,2026-06-05 14:00:00,CUST-289,Electronics,3,445.45,28.56,Delivered,3.0,North America,1336.35
4736,2026-06-05 15:00:00,CUST-516,Electronics,3,239.47,44.15,Delivered,2.0,North America,718.41
4737,2026-06-05 16:00:00,CUST-774,Home Decor,3,212.79,5.39,Delivered,3.0,Europe,638.37
4738,2026-06-05 17:00:00,CUST-791,Electronics,3,293.27,36.97,Delivered,5.0,Asia,879.81
4739,2026-06-05 18:00:00,CUST-645,Home Decor,1,136.03,18.25,Shipped,4.0,South America,136.03
4740,2026-06-05 19:00:00,CUST-140,Clothing,1,183.18,14.38,Delivered,1.0,Asia,183.18
4741,2026-06-05 20:00:00,CUST-406,Home Decor,4,114.78,5.55,Delivered,5.0,South America,459.12
4742,2026-06-05 21:00:00,CUST-437,Home Decor,1,290.19,45.35,Returned,3.0,South America,290.19
4743,2026-06-05 22:00:00,CUST-413,Clothing,1,351.72,46.05,Delivered,1.0,Europe,351.72
4744,2026-06-05 23:00:00,CUST-174,Electronics,2,340.11,7.76,Delivered,5.0,Europe,680.22
4745,2026-06-06 00:00:00,CUST-378,Clothing,1,134.86,28.48,Shipped,3.0,Asia,134.86
4746,2026-06-06 01:00:00,CUST-275,Clothing,3,392.03,11.87,Shipped,5.0,South America,1176.09
4747,2026-06-06 02:00:00,CUST-995,Home Decor,1,135.42,39.14,Delivered,5.0,Asia,135.42
4748,2026-06-06 03:00:00,CUST-761,Beauty,3,83.65,34.94,Delivered,2.0,North America,250.95
4749,2026-06-06 04:00:00,CUST-372,Beauty,2,181.41,18.37,Delivered,4.0,Europe,362.82
4750,2026-06-06 05:00:00,CUST-936,Books,2,302.89,10.26,Delivered,5.0,Europe,605.78
4751,2026-06-06 06:00:00,CUST-719,Electronics,1,79.58,42.4,Delivered,4.0,South America,79.58
4752,2026-06-06 07:00:00,CUST-750,Electronics,1,327.56,35.34,Delivered,5.0,Europe,327.56
4753,2026-06-06 08:00:00,CUST-961,Clothing,1,432.9,5.31,Delivered,5.0,Asia,432.9
4754,2026-06-06 09:00:00,CUST-882,Home Decor,1,153.64,33.25,Delivered,5.0,South America,153.64
4755,2026-06-06 10:00:00,CUST-958,Clothing,2,230.6,41.46,Delivered,5.0,South America,461.2
4756,2026-06-06 11:00:00,CUST-388,Beauty,1,121.87,31.58,Delivered,5.0,North America,121.87
4757,2026-06-06 12:00:00,CUST-823,Clothing,1,187.02,24.11,Delivered,3.0,Asia,187.02
4758,2026-06-06 13:00:00,CUST-992,Books,1,20.77,31.28,Cancelled,3.0,South America,20.77
4759,2026-06-06 14:00:00,CUST-371,Books,2,477.35,32.89,Delivered,5.0,Europe,954.7
4760,2026-06-06 15:00:00,CUST-165,Electronics,1,213.79,33.8,Delivered,4.0,Europe,213.79
4761,2026-06-06 16:00:00,CUST-582,Clothing,3,396.55,48.52,Delivered,5.0,South America,1189.65
4762,2026-06-06 17:00:00,CUST-347,Home Decor,2,79.9,13.04,Delivered,5.0,Europe,159.8
4763,2026-06-06 18:00:00,CUST-255,Electronics,3,408.05,33.04,Delivered,4.0,South America,1224.15
4764,2026-06-06 19:00:00,CUST-146,Clothing,3,431.47,13.46,Delivered,3.0,South America,1294.41
4765,2026-06-06 20:00:00,CUST-553,Home Decor,1,360.58,14.45,Delivered,5.0,South America,360.58
4766,2026-06-06 21:00:00,CUST-300,Electronics,3,452.57,35.12,Delivered,5.0,Europe,1357.71
4767,2026-06-06 22:00:00,CUST-759,Home Decor,2,91.93,46.22,Delivered,1.0,Europe,183.86
4768,2026-06-06 23:00:00,CUST-223,Home Decor,3,243.48,12.16,Delivered,,Asia,730.44
4769,2026-06-07 00:00:00,CUST-100,Electronics,3,313.85,48.31,Cancelled,4.0,North America,941.55
4770,2026-06-07 01:00:00,CUST-858,Clothing,1,302.13,19.37,Shipped,4.0,Europe,302.13
4771,2026-06-07 02:00:00,CUST-954,Electronics,1,431.91,22.61,Shipped,3.0,South America,431.91
4772,2026-06-07 03:00:00,CUST-739,Home Decor,2,115.69,11.92,Delivered,3.0,Europe,231.38
4773,2026-06-07 04:00:00,CUST-290,Electronics,2,96.07,32.71,Delivered,5.0,Europe,192.14
4774,2026-06-07 05:00:00,CUST-678,Beauty,1,134.16,31.84,Cancelled,5.0,South America,134.16
4775,2026-06-07 06:00:00,CUST-615,Clothing,1,446.86,24.9,Delivered,5.0,Asia,446.86
4776,2026-06-07 07:00:00,CUST-541,Electronics,1,471.1,26.42,Delivered,4.0,South America,471.1
4777,2026-06-07 08:00:00,CUST-914,Clothing,2,289.12,33.03,Delivered,5.0,Asia,578.24
4778,2026-06-07 09:00:00,CUST-905,Clothing,4,255.67,31.26,Delivered,5.0,Europe,1022.68
4779,2026-06-07 10:00:00,CUST-242,Clothing,3,306.64,21.84,Delivered,3.0,South America,919.92
4780,2026-06-07 11:00:00,CUST-290,Home Decor,1,311.99,44.79,Shipped,3.0,Europe,311.99
4781,2026-06-07 12:00:00,CUST-632,Clothing,1,93.45,35.04,Delivered,5.0,South America,93.45
4782,2026-06-07 13:00:00,CUST-326,Electronics,1,346.34,14.24,Delivered,5.0,Europe,346.34
4783,2026-06-07 14:00:00,CUST-412,Electronics,1,231.65,19.4,Delivered,5.0,Europe,231.65
4784,2026-06-07 15:00:00,CUST-728,Home Decor,3,263.52,40.45,Shipped,5.0,Europe,790.56
4785,2026-06-07 16:00:00,CUST-401,Home Decor,1,24.86,9.7,Delivered,,South America,24.86
4786,2026-06-07 17:00:00,CUST-753,Clothing,2,384.63,38.76,Delivered,3.0,Asia,769.26
4787,2026-06-07 18:00:00,CUST-559,Beauty,3,419.36,21.15,Delivered,1.0,Europe,1258.08
4788,2026-06-07 19:00:00,CUST-500,Clothing,4,313.52,29.83,Delivered,3.0,South America,1254.08
4789,2026-06-07 20:00:00,CUST-650,Beauty,1,376.87,17.63,Delivered,5.0,South America,376.87
4790,2026-06-07 21:00:00,CUST-492,Clothing,1,266.13,49.39,Delivered,5.0,Europe,266.13
4791,2026-06-07 22:00:00,CUST-966,Electronics,1,312.99,45.76,Returned,4.0,Europe,312.99
4792,2026-06-07 23:00:00,CUST-863,Books,2,203.34,46.78,Delivered,5.0,Asia,406.68
4793,2026-06-08 00:00:00,CUST-944,Clothing,4,398.02,13.31,Delivered,3.0,Europe,1592.08
4794,2026-06-08 01:00:00,CUST-306,Beauty,1,239.45,42.88,Delivered,4.0,Asia,239.45
4795,2026-06-08 02:00:00,CUST-309,Electronics,1,343.3,29.09,Delivered,4.0,North America,343.3
4796,2026-06-08 03:00:00,CUST-214,Home Decor,3,314.5,36.85,Delivered,2.0,South America,943.5
4797,2026-06-08 04:00:00,CUST-836,Beauty,2,354.13,14.79,Returned,3.0,Asia,708.26
4798,2026-06-08 05:00:00,CUST-745,Electronics,5,394.76,37.04,Delivered,4.0,Europe,1973.8
4799,2026-06-08 06:00:00,CUST-350,Beauty,1,261.23,46.14,Delivered,4.0,Asia,261.23
4800,2026-06-08 07:00:00,CUST-318,Home Decor,1,408.4,17.04,Delivered,4.0,Europe,408.4
4801,2026-06-08 08:00:00,CUST-506,Home Decor,1,253.66,15.5,Shipped,5.0,Asia,253.66
4802,2026-06-08 09:00:00,CUST-542,Clothing,1,478.75,9.7,Delivered,4.0,South America,478.75
4803,2026-06-08 10:00:00,CUST-702,Beauty,2,378.81,17.01,Delivered,5.0,Asia,757.62
4804,2026-06-08 11:00:00,CUST-453,Electronics,1,93.86,29.11,Delivered,5.0,North America,93.86
4805,2026-06-08 12:00:00,CUST-987,Electronics,1,416.5,42.47,Delivered,5.0,South America,416.5
4806,2026-06-08 13:00:00,CUST-657,Beauty,3,280.28,17.55,Delivered,5.0,Asia,840.84
4807,2026-06-08 14:00:00,CUST-649,Beauty,1,492.39,32.95,Delivered,5.0,North America,492.39
4808,2026-06-08 15:00:00,CUST-241,Electronics,2,362.22,26.58,Delivered,3.0,North America,724.44
4809,2026-06-08 16:00:00,CUST-711,Clothing,1,51.35,17.99,Cancelled,5.0,Asia,51.35
4810,2026-06-08 17:00:00,CUST-600,Clothing,3,203.53,27.97,Shipped,4.0,South America,610.59
4811,2026-06-08 18:00:00,CUST-939,Clothing,1,263.46,12.56,Delivered,3.0,Asia,263.46
4812,2026-06-08 19:00:00,CUST-801,Electronics,3,421.12,33.78,Returned,1.0,South America,1263.36
4813,2026-06-08 20:00:00,CUST-646,Home Decor,1,367.38,10.2,Delivered,4.0,South America,367.38
4814,2026-06-08 21:00:00,CUST-758,Electronics,1,190.99,37.89,Delivered,4.0,Asia,190.99
4815,2026-06-08 22:00:00,CUST-641,Beauty,2,330.18,13.0,Delivered,5.0,North America,660.36
4816,2026-06-08 23:00:00,CUST-945,Beauty,1,292.69,49.92,Delivered,4.0,South America,292.69
4817,2026-06-09 00:00:00,CUST-606,Clothing,1,71.77,42.07,Delivered,5.0,Europe,71.77
4818,2026-06-09 01:00:00,CUST-695,Electronics,3,125.08,20.47,Delivered,4.0,Europe,375.24
4819,2026-06-09 02:00:00,CUST-980,Electronics,3,177.15,24.18,Delivered,5.0,North America,531.45
4820,2026-06-09 03:00:00,CUST-380,Clothing,1,105.79,16.66,Delivered,5.0,North America,105.79
4821,2026-06-09 04:00:00,CUST-523,Home Decor,1,83.57,39.52,Delivered,5.0,Asia,83.57
4822,2026-06-09 05:00:00,CUST-955,Clothing,1,38.52,22.13,Delivered,4.0,South America,38.52
4823,2026-06-09 06:00:00,CUST-369,Home Decor,1,437.82,38.98,Delivered,5.0,Asia,437.82
4824,2026-06-09 07:00:00,CUST-253,Clothing,5,151.58,5.83,Delivered,4.0,Europe,757.9
4825,2026-06-09 08:00:00,CUST-713,Clothing,2,152.26,11.1,Delivered,5.0,Europe,304.52
4826,2026-06-09 09:00:00,CUST-826,Electronics,1,111.05,21.42,Delivered,5.0,South America,111.05
4827,2026-06-09 10:00:00,CUST-761,Electronics,5,242.94,9.9,Delivered,4.0,South America,1214.7
4828,2026-06-09 11:00:00,CUST-182,Electronics,2,261.98,32.05,Delivered,4.0,Europe,523.96
4829,2026-06-09 12:00:00,CUST-721,Clothing,2,112.06,7.29,Cancelled,1.0,Asia,224.12
4830,2026-06-09 13:00:00,CUST-998,Beauty,1,308.2,43.69,Delivered,5.0,South America,308.2
4831,2026-06-09 14:00:00,CUST-525,Beauty,1,364.27,39.26,Delivered,5.0,Asia,364.27
4832,2026-06-09 15:00:00,CUST-374,Electronics,2,193.18,14.73,Shipped,3.0,South America,386.36
4833,2026-06-09 16:00:00,CUST-812,Electronics,1,296.87,26.77,Cancelled,4.0,North America,296.87
4834,2026-06-09 17:00:00,CUST-383,Electronics,1,256.13,25.33,Delivered,4.0,Asia,256.13
4835,2026-06-09 18:00:00,CUST-272,Clothing,1,105.82,37.62,Delivered,4.0,Europe,105.82
4836,2026-06-09 19:00:00,CUST-426,Clothing,1,367.71,23.07,Shipped,5.0,North America,367.71
4837,2026-06-09 20:00:00,CUST-817,Clothing,2,402.71,6.48,Shipped,5.0,Asia,805.42
4838,2026-06-09 21:00:00,CUST-162,Electronics,2,327.91,17.32,Delivered,5.0,South America,655.82
4839,2026-06-09 22:00:00,CUST-172,Electronics,1,168.71,25.98,Delivered,5.0,Europe,168.71
4840,2026-06-09 23:00:00,CUST-862,Electronics,1,464.13,48.85,Delivered,5.0,South America,464.13
4841,2026-06-10 00:00:00,CUST-735,Electronics,2,233.13,44.65,Delivered,5.0,Asia,466.26
4842,2026-06-10 01:00:00,CUST-474,Home Decor,1,140.28,13.16,Shipped,5.0,North America,140.28
4843,2026-06-10 02:00:00,CUST-732,Electronics,2,210.03,37.55,Delivered,5.0,Asia,420.06
4844,2026-06-10 03:00:00,CUST-607,Clothing,3,349.12,47.16,Delivered,5.0,Europe,1047.36
4845,2026-06-10 04:00:00,CUST-886,Home Decor,1,424.51,5.4,Delivered,5.0,North America,424.51
4846,2026-06-10 05:00:00,CUST-497,Beauty,3,184.72,37.44,Shipped,3.0,Europe,554.16
4847,2026-06-10 06:00:00,CUST-219,Beauty,3,123.99,25.67,Delivered,5.0,South America,371.97
4848,2026-06-10 07:00:00,CUST-536,Home Decor,1,316.98,35.61,Delivered,5.0,North America,316.98
4849,2026-06-10 08:00:00,CUST-928,Electronics,1,461.4,32.25,Delivered,3.0,Asia,461.4
4850,2026-06-10 09:00:00,CUST-775,Home Decor,5,99.81,49.31,Delivered,5.0,South America,499.05
4851,2026-06-10 10:00:00,CUST-564,Beauty,1,403.48,18.0,Delivered,4.0,South America,403.48
4852,2026-06-10 11:00:00,CUST-385,Electronics,3,243.54,40.38,Delivered,5.0,Asia,730.62
4853,2026-06-10 12:00:00,CUST-364,Clothing,2,401.76,15.56,Delivered,5.0,South America,803.52
4854,2026-06-10 13:00:00,CUST-419,Beauty,1,257.72,24.6,Delivered,4.0,Europe,257.72
4855,2026-06-10 14:00:00,CUST-772,Clothing,1,194.89,48.89,Cancelled,5.0,Asia,194.89
4856,2026-06-10 15:00:00,CUST-475,Electronics,1,351.4,39.48,Delivered,5.0,South America,351.4
4857,2026-06-10 16:00:00,CUST-919,Electronics,1,451.31,19.21,Delivered,5.0,North America,451.31
4858,2026-06-10 17:00:00,CUST-188,Clothing,2,166.92,32.87,Delivered,4.0,Asia,333.84
4859,2026-06-10 18:00:00,CUST-753,Electronics,4,235.77,7.24,Delivered,3.0,Asia,943.08
4860,2026-06-10 19:00:00,CUST-302,Home Decor,3,122.41,16.99,Delivered,4.0,South America,367.23
4861,2026-06-10 20:00:00,CUST-920,Home Decor,1,99.87,37.33,Delivered,3.0,Asia,99.87
4862,2026-06-10 21:00:00,CUST-838,Electronics,3,391.17,30.65,Delivered,5.0,Asia,1173.51
4863,2026-06-10 22:00:00,CUST-433,Beauty,3,108.33,26.14,Cancelled,5.0,Asia,324.99
4864,2026-06-10 23:00:00,CUST-321,Clothing,4,398.73,36.09,Delivered,5.0,Asia,1594.92
4865,2026-06-11 00:00:00,CUST-140,Electronics,1,220.32,22.93,Delivered,3.0,Asia,220.32
4866,2026-06-11 01:00:00,CUST-807,Beauty,3,497.57,6.18,Returned,4.0,Asia,1492.71
4867,2026-06-11 02:00:00,CUST-167,Beauty,2,106.7,24.85,Delivered,5.0,Europe,213.4
4868,2026-06-11 03:00:00,CUST-875,Home Decor,1,55.56,45.6,Delivered,4.0,South America,55.56
4869,2026-06-11 04:00:00,CUST-613,Beauty,5,46.96,43.55,Delivered,5.0,Europe,234.8
4870,2026-06-11 05:00:00,CUST-972,Home Decor,1,419.35,23.4,Delivered,5.0,South America,419.35
4871,2026-06-11 06:00:00,CUST-736,Beauty,1,224.51,6.0,Delivered,5.0,Asia,224.51
4872,2026-06-11 07:00:00,CUST-721,Clothing,3,11.53,33.63,Delivered,3.0,South America,34.59
4873,2026-06-11 08:00:00,CUST-697,Home Decor,1,438.64,38.35,Delivered,1.0,Europe,438.64
4874,2026-06-11 09:00:00,CUST-731,Books,3,439.69,18.24,Delivered,4.0,South America,1319.07
4875,2026-06-11 10:00:00,CUST-226,Home Decor,2,405.14,26.45,Delivered,4.0,Asia,810.28
4876,2026-06-11 11:00:00,CUST-354,Electronics,1,131.68,49.63,Returned,5.0,Asia,131.68
4877,2026-06-11 12:00:00,CUST-794,Clothing,1,192.65,30.94,Delivered,4.0,Asia,192.65
4878,2026-06-11 13:00:00,CUST-115,Home Decor,3,375.01,20.8,Delivered,5.0,Europe,1125.03
4879,2026-06-11 14:00:00,CUST-576,Electronics,2,249.78,33.24,Shipped,,North America,499.56
4880,2026-06-11 15:00:00,CUST-161,Books,4,85.38,13.1,Delivered,4.0,Asia,341.52
4881,2026-06-11 16:00:00,CUST-980,Electronics,3,128.97,13.97,Delivered,5.0,Asia,386.91
4882,2026-06-11 17:00:00,CUST-531,Electronics,1,486.57,46.62,Delivered,5.0,South America,486.57
4883,2026-06-11 18:00:00,CUST-769,Books,1,84.0,15.76,Delivered,4.0,North America,84.0
4884,2026-06-11 19:00:00,CUST-367,Clothing,4,365.78,18.99,Delivered,2.0,South America,1463.12
4885,2026-06-11 20:00:00,CUST-134,Electronics,2,244.23,29.47,Returned,5.0,Europe,488.46
4886,2026-06-11 21:00:00,CUST-878,Home Decor,1,376.81,45.49,Delivered,5.0,North America,376.81
4887,2026-06-11 22:00:00,CUST-675,Home Decor,3,333.95,40.17,Delivered,5.0,Asia,1001.85
4888,2026-06-11 23:00:00,CUST-593,Electronics,3,225.19,6.97,Delivered,4.0,North America,675.57
4889,2026-06-12 00:00:00,CUST-661,Books,2,183.42,36.19,Delivered,,Asia,366.84
4890,2026-06-12 01:00:00,CUST-568,Clothing,1,379.64,27.68,Delivered,4.0,Europe,379.64
4891,2026-06-12 02:00:00,CUST-866,Home Decor,2,168.34,26.4,Shipped,3.0,South America,336.68
4892,2026-06-12 03:00:00,CUST-760,Clothing,2,396.01,36.12,Delivered,5.0,Europe,792.02
4893,2026-06-12 04:00:00,CUST-424,Home Decor,3,343.12,13.83,Delivered,,Europe,1029.36
4894,2026-06-12 05:00:00,CUST-403,Electronics,4,293.06,49.17,Cancelled,,Asia,1172.24
4895,2026-06-12 06:00:00,CUST-375,Electronics,2,190.71,34.04,Delivered,4.0,South America,381.42
4896,2026-06-12 07:00:00,CUST-968,Clothing,3,110.49,21.45,Cancelled,4.0,Europe,331.47
4897,2026-06-12 08:00:00,CUST-783,Beauty,4,358.11,32.01,Delivered,5.0,North America,1432.44
4898,2026-06-12 09:00:00,CUST-300,Electronics,1,54.76,14.74,Delivered,5.0,Europe,54.76
4899,2026-06-12 10:00:00,CUST-544,Home Decor,1,485.57,33.52,Delivered,5.0,Asia,485.57
4900,2026-06-12 11:00:00,CUST-423,Beauty,3,489.59,6.27,Shipped,4.0,North America,1468.77
4901,2026-06-12 12:00:00,CUST-134,Electronics,1,73.81,20.35,Delivered,5.0,North America,73.81
4902,2026-06-12 13:00:00,CUST-581,Electronics,1,60.93,38.64,Delivered,5.0,South America,60.93
4903,2026-06-12 14:00:00,CUST-827,Clothing,1,212.23,41.36,Delivered,5.0,North America,212.23
4904,2026-06-12 15:00:00,CUST-579,Home Decor,1,482.2,16.38,Delivered,5.0,North America,482.2
4905,2026-06-12 16:00:00,CUST-164,Electronics,1,206.15,29.27,Shipped,5.0,Asia,206.15
4906,2026-06-12 17:00:00,CUST-107,Clothing,1,188.26,28.78,Delivered,5.0,South America,188.26
4907,2026-06-12 18:00:00,CUST-400,Home Decor,5,354.76,23.97,Shipped,5.0,Europe,1773.8
4908,2026-06-12 19:00:00,CUST-442,Home Decor,2,97.58,15.28,Delivered,1.0,North America,195.16
4909,2026-06-12 20:00:00,CUST-530,Electronics,2,188.03,36.65,Delivered,5.0,Europe,376.06
4910,2026-06-12 21:00:00,CUST-523,Clothing,1,152.74,16.36,Delivered,4.0,Europe,152.74
4911,2026-06-12 22:00:00,CUST-431,Beauty,2,304.75,46.0,Delivered,2.0,Europe,609.5
4912,2026-06-12 23:00:00,CUST-537,Books,2,89.75,28.78,Shipped,5.0,South America,179.5
4913,2026-06-13 00:00:00,CUST-687,Beauty,2,278.86,44.17,Delivered,5.0,Europe,557.72
4914,2026-06-13 01:00:00,CUST-273,Home Decor,1,430.2,18.08,Delivered,5.0,Asia,430.2
4915,2026-06-13 02:00:00,CUST-658,Clothing,1,261.94,41.32,Delivered,4.0,South America,261.94
4916,2026-06-13 03:00:00,CUST-626,Clothing,3,344.91,10.11,Shipped,5.0,South America,1034.73
4917,2026-06-13 04:00:00,CUST-972,Electronics,2,46.87,39.51,Delivered,5.0,South America,93.74
4918,2026-06-13 05:00:00,CUST-758,Electronics,2,230.01,22.41,Delivered,5.0,South America,460.02
4919,2026-06-13 06:00:00,CUST-125,Home Decor,2,56.5,26.15,Delivered,5.0,North America,113.0
4920,2026-06-13 07:00:00,CUST-919,Electronics,1,303.74,12.51,Delivered,5.0,North America,303.74
4921,2026-06-13 08:00:00,CUST-704,Electronics,3,147.72,5.84,Delivered,5.0,Europe,443.16
4922,2026-06-13 09:00:00,CUST-505,Books,1,150.76,34.98,Delivered,4.0,North America,150.76
4923,2026-06-13 10:00:00,CUST-331,Electronics,2,47.62,31.45,Delivered,3.0,South America,95.24
4924,2026-06-13 11:00:00,CUST-632,Electronics,5,162.02,33.01,Delivered,4.0,Europe,810.1
4925,2026-06-13 12:00:00,CUST-918,Electronics,3,258.27,16.48,Delivered,4.0,Asia,774.81
4926,2026-06-13 13:00:00,CUST-649,Home Decor,1,296.48,15.77,Shipped,4.0,North America,296.48
4927,2026-06-13 14:00:00,CUST-887,Home Decor,1,42.67,42.36,Delivered,5.0,South America,42.67
4928,2026-06-13 15:00:00,CUST-604,Clothing,2,329.22,39.26,Delivered,4.0,Europe,658.44
4929,2026-06-13 16:00:00,CUST-768,Clothing,3,249.55,20.16,Delivered,3.0,North America,748.65
4930,2026-06-13 17:00:00,CUST-278,Beauty,2,273.08,33.7,Delivered,3.0,South America,546.16
4931,2026-06-13 18:00:00,CUST-231,Beauty,2,418.07,42.27,Returned,5.0,Europe,836.14
4932,2026-06-13 19:00:00,CUST-922,Books,1,177.69,45.0,Delivered,5.0,North America,177.69
4933,2026-06-13 20:00:00,CUST-554,Beauty,2,95.29,5.26,Delivered,4.0,Asia,190.58
4934,2026-06-13 21:00:00,CUST-447,Home Decor,2,280.39,41.61,Delivered,4.0,North America,560.78
4935,2026-06-13 22:00:00,CUST-639,Electronics,4,473.06,20.77,Delivered,4.0,South America,1892.24
4936,2026-06-13 23:00:00,CUST-871,Electronics,1,263.76,37.33,Delivered,5.0,South America,263.76
4937,2026-06-14 00:00:00,CUST-505,Electronics,3,417.64,21.71,Delivered,5.0,Asia,1252.92
4938,2026-06-14 01:00:00,CUST-175,Home Decor,1,380.95,32.28,Delivered,5.0,Asia,380.95
4939,2026-06-14 02:00:00,CUST-678,Beauty,2,263.98,34.11,Delivered,5.0,Europe,527.96
4940,2026-06-14 03:00:00,CUST-953,Clothing,3,327.3,23.22,Delivered,5.0,Europe,981.9
4941,2026-06-14 04:00:00,CUST-591,Electronics,1,209.27,28.08,Delivered,1.0,South America,209.27
4942,2026-06-14 05:00:00,CUST-293,Clothing,1,270.01,37.68,Shipped,5.0,North America,270.01
4943,2026-06-14 06:00:00,CUST-261,Books,3,258.57,26.43,Delivered,5.0,Asia,775.71
4944,2026-06-14 07:00:00,CUST-446,Home Decor,2,357.46,5.63,Delivered,3.0,Europe,714.92
4945,2026-06-14 08:00:00,CUST-460,Beauty,1,210.89,5.58,Delivered,4.0,South America,210.89
4946,2026-06-14 09:00:00,CUST-868,Beauty,1,58.89,34.76,Delivered,5.0,South America,58.89
4947,2026-06-14 10:00:00,CUST-683,Books,2,396.47,43.13,Delivered,3.0,South America,792.94
4948,2026-06-14 11:00:00,CUST-186,Beauty,4,345.58,40.34,Delivered,5.0,Asia,1382.32
4949,2026-06-14 12:00:00,CUST-361,Home Decor,1,475.56,18.97,Delivered,5.0,Asia,475.56
4950,2026-06-14 13:00:00,CUST-313,Electronics,3,220.07,26.2,Delivered,4.0,Asia,660.21
4951,2026-06-14 14:00:00,CUST-764,Electronics,1,48.32,15.54,Delivered,2.0,North America,48.32
4952,2026-06-14 15:00:00,CUST-821,Clothing,1,69.59,49.51,Cancelled,5.0,Asia,69.59
4953,2026-06-14 16:00:00,CUST-672,Electronics,1,388.93,16.72,Delivered,4.0,South America,388.93
4954,2026-06-14 17:00:00,CUST-879,Books,3,43.2,23.73,Shipped,2.0,Asia,129.6
4955,2026-06-14 18:00:00,CUST-361,Electronics,1,454.83,35.65,Delivered,4.0,North America,454.83
4956,2026-06-14 19:00:00,CUST-829,Beauty,3,148.01,44.42,Delivered,5.0,North America,444.03
4957,2026-06-14 20:00:00,CUST-382,Clothing,1,450.45,7.32,Delivered,,South America,450.45
4958,2026-06-14 21:00:00,CUST-747,Clothing,5,389.02,18.55,Cancelled,4.0,Europe,1945.1
4959,2026-06-14 22:00:00,CUST-566,Books,3,436.89,30.6,Delivered,4.0,Asia,1310.67
4960,2026-06-14 23:00:00,CUST-479,Clothing,2,114.88,32.82,Returned,4.0,Asia,229.76
4961,2026-06-15 00:00:00,CUST-461,Clothing,3,301.89,8.15,Delivered,1.0,North America,905.67
4962,2026-06-15 01:00:00,CUST-548,Electronics,2,55.86,34.88,Delivered,5.0,North America,111.72
4963,2026-06-15 02:00:00,CUST-540,Home Decor,3,109.12,28.76,Returned,2.0,Europe,327.36
4964,2026-06-15 03:00:00,CUST-192,Electronics,1,161.85,42.24,Returned,5.0,North America,161.85
4965,2026-06-15 04:00:00,CUST-720,Home Decor,1,373.0,15.0,Delivered,5.0,North America,373.0
4966,2026-06-15 05:00:00,CUST-852,Home Decor,2,22.11,13.78,Cancelled,1.0,North America,44.22
4967,2026-06-15 06:00:00,CUST-966,Home Decor,1,452.53,40.7,Delivered,5.0,North America,452.53
4968,2026-06-15 07:00:00,CUST-523,Home Decor,1,44.69,36.67,Cancelled,4.0,Europe,44.69
4969,2026-06-15 08:00:00,CUST-241,Clothing,2,194.48,40.63,Cancelled,2.0,Asia,388.96
4970,2026-06-15 09:00:00,CUST-390,Clothing,1,49.73,40.19,Shipped,5.0,Asia,49.73
4971,2026-06-15 10:00:00,CUST-531,Beauty,2,386.79,9.68,Shipped,3.0,Asia,773.58
4972,2026-06-15 11:00:00,CUST-848,Clothing,1,79.24,17.54,Delivered,1.0,Asia,79.24
4973,2026-06-15 12:00:00,CUST-951,Clothing,4,443.53,16.7,Delivered,4.0,Asia,1774.12
4974,2026-06-15 13:00:00,CUST-923,Clothing,4,269.81,47.06,Delivered,3.0,South America,1079.24
4975,2026-06-15 14:00:00,CUST-788,Beauty,4,474.75,26.94,Delivered,5.0,South America,1899.0
4976,2026-06-15 15:00:00,CUST-752,Clothing,1,152.28,10.0,Delivered,1.0,North America,152.28
4977,2026-06-15 16:00:00,CUST-800,Clothing,2,232.61,18.03,Delivered,2.0,South America,465.22
4978,2026-06-15 17:00:00,CUST-148,Home Decor,4,350.18,44.24,Delivered,5.0,Asia,1400.72
4979,2026-06-15 18:00:00,CUST-401,Home Decor,4,417.64,43.12,Delivered,4.0,North America,1670.56
4980,2026-06-15 19:00:00,CUST-980,Electronics,3,216.46,45.52,Shipped,5.0,Asia,649.38
4981,2026-06-15 20:00:00,CUST-289,Clothing,1,447.29,22.48,Delivered,4.0,Asia,447.29
4982,2026-06-15 21:00:00,CUST-235,Home Decor,2,67.81,33.86,Delivered,2.0,North America,135.62
4983,2026-06-15 22:00:00,CUST-654,Books,3,357.26,17.52,Delivered,1.0,Asia,1071.78
4984,2026-06-15 23:00:00,CUST-503,Home Decor,1,180.62,13.14,Delivered,4.0,South America,180.62
4985,2026-06-16 00:00:00,CUST-991,Clothing,2,59.65,5.99,Delivered,4.0,North America,119.3
4986,2026-06-16 01:00:00,CUST-964,Electronics,3,199.47,15.05,Delivered,1.0,Europe,598.41
4987,2026-06-16 02:00:00,CUST-701,Beauty,2,441.31,32.2,Delivered,5.0,Europe,882.62
4988,2026-06-16 03:00:00,CUST-906,Beauty,1,490.46,45.69,Delivered,4.0,Europe,490.46
4989,2026-06-16 04:00:00,CUST-440,Electronics,2,202.47,11.0,Delivered,4.0,Asia,404.94
4990,2026-06-16 05:00:00,CUST-856,Electronics,5,444.34,46.31,Delivered,4.0,Asia,2221.7
4991,2026-06-16 06:00:00,CUST-803,Home Decor,2,259.73,20.54,Delivered,5.0,Asia,519.46
4992,2026-06-16 07:00:00,CUST-417,Clothing,3,361.34,24.21,Delivered,4.0,Asia,1084.02
4993,2026-06-16 08:00:00,CUST-717,Clothing,2,32.23,21.42,Delivered,3.0,North America,64.46
4994,2026-06-16 09:00:00,CUST-462,Electronics,2,283.08,23.39,Shipped,5.0,Europe,566.16
4995,2026-06-16 10:00:00,CUST-921,Electronics,2,44.38,16.66,Delivered,4.0,South America,88.76
4996,2026-06-16 11:00:00,CUST-481,Clothing,1,141.62,36.44,Delivered,2.0,North America,141.62
4997,2026-06-16 12:00:00,CUST-332,Home Decor,1,287.74,39.12,Delivered,4.0,Europe,287.74
4998,2026-06-16 13:00:00,CUST-876,Clothing,1,405.51,42.04,Delivered,4.0,Europe,405.51
4999,2026-06-16 14:00:00,CUST-443,Clothing,1,284.84,20.36,Delivered,5.0,North America,284.84
5000,2026-06-16 15:00:00,CUST-648,Electronics,1,468.73,39.41,Shipped,1.0,North America,468.73
5001,2026-06-16 16:00:00,CUST-916,Clothing,1,407.06,33.7,Delivered,4.0,North America,407.06
5002,2026-06-16 17:00:00,CUST-652,Electronics,3,86.56,48.11,Delivered,4.0,South America,259.68
5003,2026-06-16 18:00:00,CUST-628,Clothing,1,200.59,24.12,Delivered,5.0,Europe,200.59
5004,2026-06-16 19:00:00,CUST-955,Home Decor,1,337.56,49.65,Delivered,3.0,South America,337.56
5005,2026-06-16 20:00:00,CUST-888,Electronics,1,469.82,38.32,Delivered,5.0,South America,469.82
5006,2026-06-16 21:00:00,CUST-918,Electronics,2,493.98,39.93,Delivered,4.0,South America,987.96
5007,2026-06-16 22:00:00,CUST-670,Electronics,1,383.96,6.16,Delivered,5.0,South America,383.96
5008,2026-06-16 23:00:00,CUST-282,Clothing,1,291.15,27.38,Delivered,5.0,South America,291.15
5009,2026-06-17 00:00:00,CUST-140,Beauty,1,380.74,28.78,Shipped,2.0,North America,380.74
5010,2026-06-17 01:00:00,CUST-650,Electronics,3,143.89,6.83,Delivered,4.0,South America,431.67
5011,2026-06-17 02:00:00,CUST-496,Books,4,148.97,19.05,Shipped,4.0,Asia,595.88
5012,2026-06-17 03:00:00,CUST-803,Electronics,4,330.63,48.0,Shipped,4.0,North America,1322.52
5013,2026-06-17 04:00:00,CUST-878,Beauty,1,437.2,24.18,Delivered,4.0,Europe,437.2
5014,2026-06-17 05:00:00,CUST-593,Clothing,2,485.21,13.4,Delivered,4.0,Europe,970.42
5015,2026-06-17 06:00:00,CUST-758,Home Decor,2,177.25,28.1,Delivered,1.0,North America,354.5
5016,2026-06-17 07:00:00,CUST-432,Clothing,1,400.31,6.52,Returned,1.0,South America,400.31
5017,2026-06-17 08:00:00,CUST-226,Clothing,1,427.25,28.22,Delivered,5.0,North America,427.25
5018,2026-06-17 09:00:00,CUST-657,Beauty,1,315.35,31.74,Cancelled,4.0,Europe,315.35
5019,2026-06-17 10:00:00,CUST-656,Beauty,3,180.32,21.1,Delivered,3.0,Europe,540.96
5020,2026-06-17 11:00:00,CUST-100,Clothing,1,313.35,39.32,Shipped,5.0,North America,313.35
5021,2026-06-17 12:00:00,CUST-267,Electronics,1,296.38,11.11,Delivered,5.0,Asia,296.38
5022,2026-06-17 13:00:00,CUST-719,Electronics,1,307.2,44.52,Shipped,5.0,Asia,307.2
5023,2026-06-17 14:00:00,CUST-118,Beauty,2,313.44,48.0,Delivered,5.0,Asia,626.88
5024,2026-06-17 15:00:00,CUST-431,Clothing,3,425.06,5.06,Delivered,5.0,Europe,1275.18
5025,2026-06-17 16:00:00,CUST-683,Clothing,2,93.34,42.92,Delivered,3.0,Asia,186.68
5026,2026-06-17 17:00:00,CUST-555,Home Decor,2,189.97,27.77,Delivered,5.0,Asia,379.94
5027,2026-06-17 18:00:00,CUST-208,Beauty,2,297.14,25.76,Delivered,5.0,North America,594.28
5028,2026-06-17 19:00:00,CUST-367,Home Decor,1,148.83,15.74,Delivered,5.0,South America,148.83
5029,2026-06-17 20:00:00,CUST-544,Beauty,1,489.3,25.13,Delivered,4.0,South America,489.3
5030,2026-06-17 21:00:00,CUST-339,Beauty,4,138.94,47.77,Delivered,5.0,North America,555.76
5031,2026-06-17 22:00:00,CUST-400,Clothing,5,240.12,14.49,Delivered,,South America,1200.6
5032,2026-06-17 23:00:00,CUST-701,Electronics,2,439.91,13.06,Delivered,4.0,Asia,879.82
5033,2026-06-18 00:00:00,CUST-202,Beauty,1,49.23,15.89,Delivered,5.0,Europe,49.23
5034,2026-06-18 01:00:00,CUST-349,Clothing,1,412.14,29.83,Delivered,2.0,Asia,412.14
5035,2026-06-18 02:00:00,CUST-552,Books,1,289.79,46.86,Delivered,5.0,North America,289.79
5036,2026-06-18 03:00:00,CUST-619,Electronics,3,25.58,30.82,Delivered,5.0,South America,76.74
5037,2026-06-18 04:00:00,CUST-252,Electronics,2,452.43,15.96,Shipped,4.0,North America,904.86
5038,2026-06-18 05:00:00,CUST-958,Books,3,29.21,24.82,Delivered,5.0,North America,87.63
5039,2026-06-18 06:00:00,CUST-273,Home Decor,2,262.46,22.57,Shipped,5.0,Asia,524.92
5040,2026-06-18 07:00:00,CUST-442,Clothing,1,34.03,7.1,Delivered,4.0,South America,34.03
5041,2026-06-18 08:00:00,CUST-769,Beauty,1,44.89,27.98,Delivered,2.0,Europe,44.89
5042,2026-06-18 09:00:00,CUST-530,Home Decor,1,444.73,10.67,Delivered,5.0,Asia,444.73
5043,2026-06-18 10:00:00,CUST-826,Clothing,2,385.25,42.9,Shipped,4.0,North America,770.5
5044,2026-06-18 11:00:00,CUST-788,Electronics,1,106.5,29.7,Delivered,4.0,North America,106.5
5045,2026-06-18 12:00:00,CUST-786,Beauty,2,314.03,43.01,Delivered,5.0,South America,628.06
5046,2026-06-18 13:00:00,CUST-951,Beauty,2,399.39,48.02,Delivered,5.0,North America,798.78
5047,2026-06-18 14:00:00,CUST-949,Electronics,1,445.9,47.44,Cancelled,4.0,North America,445.9
5048,2026-06-18 15:00:00,CUST-757,Beauty,1,239.47,9.52,Delivered,1.0,Asia,239.47
5049,2026-06-18 16:00:00,CUST-423,Beauty,1,449.77,47.52,Shipped,5.0,South America,449.77
5050,2026-06-18 17:00:00,CUST-772,Clothing,2,258.85,40.81,Delivered,5.0,Asia,517.7
5051,2026-06-18 18:00:00,CUST-738,Home Decor,1,347.23,39.99,Delivered,5.0,Europe,347.23
5052,2026-06-18 19:00:00,CUST-519,Clothing,1,489.72,9.06,Delivered,3.0,North America,489.72
5053,2026-06-18 20:00:00,CUST-693,Electronics,3,125.62,13.08,Delivered,5.0,Asia,376.86
5054,2026-06-18 21:00:00,CUST-584,Home Decor,2,92.58,48.88,Shipped,4.0,Asia,185.16
5055,2026-06-18 22:00:00,CUST-758,Beauty,2,177.59,14.6,Delivered,5.0,South America,355.18
5056,2026-06-18 23:00:00,CUST-850,Home Decor,2,90.56,12.61,Delivered,2.0,North America,181.12
5057,2026-06-19 00:00:00,CUST-511,Clothing,3,149.24,21.31,Delivered,5.0,Asia,447.72
5058,2026-06-19 01:00:00,CUST-183,Electronics,2,374.06,46.1,Delivered,5.0,North America,748.12
5059,2026-06-19 02:00:00,CUST-212,Electronics,1,243.99,26.43,Delivered,5.0,Europe,243.99
5060,2026-06-19 03:00:00,CUST-836,Clothing,1,193.77,46.43,Returned,4.0,North America,193.77
5061,2026-06-19 04:00:00,CUST-431,Electronics,3,190.67,20.05,Delivered,5.0,North America,572.01
5062,2026-06-19 05:00:00,CUST-477,Home Decor,2,105.32,15.19,Delivered,5.0,Asia,210.64
5063,2026-06-19 06:00:00,CUST-854,Clothing,2,229.23,27.28,Delivered,5.0,South America,458.46
5064,2026-06-19 07:00:00,CUST-754,Beauty,3,316.07,32.7,Delivered,5.0,South America,948.21
5065,2026-06-19 08:00:00,CUST-140,Clothing,4,78.19,22.62,Delivered,1.0,South America,312.76
5066,2026-06-19 09:00:00,CUST-869,Home Decor,1,486.68,20.57,Delivered,4.0,Europe,486.68
5067,2026-06-19 10:00:00,CUST-896,Clothing,1,227.21,14.81,Delivered,2.0,Europe,227.21
5068,2026-06-19 11:00:00,CUST-204,Electronics,1,474.5,17.38,Delivered,4.0,Asia,474.5
5069,2026-06-19 12:00:00,CUST-301,Electronics,3,75.98,35.29,Delivered,3.0,South America,227.94
5070,2026-06-19 13:00:00,CUST-549,Electronics,1,385.94,21.64,Shipped,5.0,Europe,385.94
5071,2026-06-19 14:00:00,CUST-918,Beauty,1,312.64,8.59,Delivered,5.0,South America,312.64
5072,2026-06-19 15:00:00,CUST-942,Electronics,1,411.83,11.22,Delivered,5.0,South America,411.83
5073,2026-06-19 16:00:00,CUST-365,Home Decor,1,304.33,21.76,Delivered,5.0,Europe,304.33
5074,2026-06-19 17:00:00,CUST-309,Books,1,481.79,46.6,Delivered,1.0,South America,481.79
5075,2026-06-19 18:00:00,CUST-662,Beauty,1,317.2,22.06,Delivered,,North America,317.2
5076,2026-06-19 19:00:00,CUST-217,Electronics,2,394.46,7.73,Cancelled,3.0,Asia,788.92
5077,2026-06-19 20:00:00,CUST-812,Books,1,440.02,23.81,Cancelled,4.0,Europe,440.02
5078,2026-06-19 21:00:00,CUST-476,Electronics,1,360.15,35.1,Delivered,4.0,Europe,360.15
5079,2026-06-19 22:00:00,CUST-650,Clothing,3,266.88,31.71,Delivered,5.0,South America,800.64
5080,2026-06-19 23:00:00,CUST-639,Beauty,3,143.68,17.55,Delivered,5.0,Europe,431.04
5081,2026-06-20 00:00:00,CUST-870,Home Decor,1,428.7,35.96,Delivered,4.0,North America,428.7
5082,2026-06-20 01:00:00,CUST-183,Clothing,1,245.48,33.38,Shipped,2.0,South America,245.48
5083,2026-06-20 02:00:00,CUST-553,Electronics,2,314.15,12.75,Delivered,5.0,North America,628.3
5084,2026-06-20 03:00:00,CUST-766,Clothing,1,48.82,12.3,Delivered,5.0,Asia,48.82
5085,2026-06-20 04:00:00,CUST-728,Clothing,1,253.7,29.62,Delivered,5.0,Asia,253.7
5086,2026-06-20 05:00:00,CUST-613,Clothing,1,352.1,34.67,Delivered,1.0,North America,352.1
5087,2026-06-20 06:00:00,CUST-704,Books,1,296.2,48.29,Shipped,5.0,South America,296.2
5088,2026-06-20 07:00:00,CUST-777,Books,2,229.79,23.99,Delivered,4.0,Asia,459.58
5089,2026-06-20 08:00:00,CUST-486,Beauty,3,119.48,39.42,Shipped,4.0,South America,358.44
5090,2026-06-20 09:00:00,CUST-449,Clothing,3,161.74,10.24,Delivered,4.0,South America,485.22
5091,2026-06-20 10:00:00,CUST-395,Home Decor,2,353.31,45.03,Delivered,5.0,Asia,706.62
5092,2026-06-20 11:00:00,CUST-357,Books,1,119.85,33.49,Delivered,3.0,Asia,119.85
5093,2026-06-20 12:00:00,CUST-180,Beauty,2,314.65,33.31,Delivered,5.0,North America,629.3
5094,2026-06-20 13:00:00,CUST-367,Clothing,1,298.97,11.41,Delivered,4.0,South America,298.97
5095,2026-06-20 14:00:00,CUST-518,Electronics,1,485.5,6.78,Delivered,4.0,North America,485.5
5096,2026-06-20 15:00:00,CUST-334,Electronics,2,39.78,36.57,Shipped,5.0,Europe,79.56
5097,2026-06-20 16:00:00,CUST-932,Home Decor,3,62.98,10.27,Delivered,3.0,Europe,188.94
5098,2026-06-20 17:00:00,CUST-410,Home Decor,1,257.98,10.71,Shipped,5.0,Europe,257.98
5099,2026-06-20 18:00:00,CUST-912,Beauty,3,268.28,13.44,Returned,5.0,Europe,804.84
5100,2026-06-20 19:00:00,CUST-456,Electronics,1,29.56,9.4,Delivered,5.0,Asia,29.56
5101,2026-06-20 20:00:00,CUST-312,Electronics,1,414.67,33.14,Delivered,1.0,Asia,414.67
5102,2026-06-20 21:00:00,CUST-673,Clothing,1,252.41,23.99,Delivered,5.0,North America,252.41
5103,2026-06-20 22:00:00,CUST-148,Clothing,2,179.86,16.97,Delivered,5.0,Asia,359.72
5104,2026-06-20 23:00:00,CUST-226,Electronics,3,166.24,24.83,Delivered,5.0,Asia,498.72
5105,2026-06-21 00:00:00,CUST-322,Home Decor,2,432.09,42.99,Delivered,5.0,Asia,864.18
5106,2026-06-21 01:00:00,CUST-378,Clothing,1,106.4,46.72,Delivered,4.0,Europe,106.4
5107,2026-06-21 02:00:00,CUST-507,Home Decor,1,88.6,26.94,Cancelled,5.0,North America,88.6
5108,2026-06-21 03:00:00,CUST-604,Clothing,2,114.46,30.5,Delivered,4.0,South America,228.92
5109,2026-06-21 04:00:00,CUST-393,Clothing,1,316.26,16.57,Returned,4.0,South America,316.26
5110,2026-06-21 05:00:00,CUST-895,Clothing,1,407.36,28.11,Delivered,5.0,South America,407.36
5111,2026-06-21 06:00:00,CUST-376,Beauty,4,172.18,38.67,Delivered,5.0,Europe,688.72
5112,2026-06-21 07:00:00,CUST-537,Electronics,2,95.0,27.15,Delivered,5.0,Asia,190.0
5113,2026-06-21 08:00:00,CUST-206,Beauty,1,112.51,18.59,Delivered,5.0,Asia,112.51
5114,2026-06-21 09:00:00,CUST-757,Clothing,1,313.4,31.19,Delivered,3.0,South America,313.4
5115,2026-06-21 10:00:00,CUST-519,Beauty,1,130.56,47.6,Delivered,4.0,South America,130.56
5116,2026-06-21 11:00:00,CUST-710,Beauty,2,439.87,44.96,Delivered,4.0,North America,879.74
5117,2026-06-21 12:00:00,CUST-528,Clothing,3,60.91,39.62,Cancelled,3.0,Europe,182.73
5118,2026-06-21 13:00:00,CUST-474,Home Decor,2,25.86,17.43,Delivered,4.0,Asia,51.72
5119,2026-06-21 14:00:00,CUST-172,Electronics,1,53.31,15.87,Delivered,5.0,South America,53.31
5120,2026-06-21 15:00:00,CUST-733,Beauty,1,424.37,42.73,Delivered,5.0,South America,424.37
5121,2026-06-21 16:00:00,CUST-129,Clothing,4,329.1,13.16,Delivered,4.0,North America,1316.4
5122,2026-06-21 17:00:00,CUST-287,Clothing,5,479.29,32.25,Delivered,4.0,Asia,2396.45
5123,2026-06-21 18:00:00,CUST-463,Home Decor,2,174.79,24.75,Cancelled,5.0,Asia,349.58
5124,2026-06-21 19:00:00,CUST-965,Beauty,1,114.21,26.06,Delivered,4.0,North America,114.21
5125,2026-06-21 20:00:00,CUST-899,Electronics,2,285.37,25.45,Delivered,5.0,North America,570.74
5126,2026-06-21 21:00:00,CUST-550,Home Decor,3,273.54,45.5,Delivered,4.0,Asia,820.62
5127,2026-06-21 22:00:00,CUST-294,Clothing,2,299.6,8.92,Delivered,4.0,North America,599.2
5128,2026-06-21 23:00:00,CUST-255,Clothing,2,180.29,40.23,Delivered,5.0,South America,360.58
5129,2026-06-22 00:00:00,CUST-271,Home Decor,1,12.89,42.58,Delivered,5.0,Asia,12.89
5130,2026-06-22 01:00:00,CUST-946,Clothing,1,27.17,47.43,Delivered,2.0,Europe,27.17
5131,2026-06-22 02:00:00,CUST-140,Clothing,1,335.27,25.37,Delivered,5.0,Asia,335.27
5132,2026-06-22 03:00:00,CUST-162,Beauty,4,266.4,27.5,Delivered,1.0,North America,1065.6
5133,2026-06-22 04:00:00,CUST-122,Electronics,2,412.3,48.26,Delivered,2.0,Europe,824.6
5134,2026-06-22 05:00:00,CUST-459,Home Decor,3,157.2,25.63,Delivered,5.0,South America,471.6
5135,2026-06-22 06:00:00,CUST-174,Electronics,1,409.58,27.66,Cancelled,5.0,South America,409.58
5136,2026-06-22 07:00:00,CUST-659,Electronics,4,218.49,19.95,Delivered,1.0,South America,873.96
5137,2026-06-22 08:00:00,CUST-771,Electronics,3,57.38,6.42,Delivered,5.0,North America,172.14
5138,2026-06-22 09:00:00,CUST-924,Home Decor,1,489.18,24.49,Delivered,1.0,Asia,489.18
5139,2026-06-22 10:00:00,CUST-217,Home Decor,3,260.85,34.48,Delivered,5.0,North America,782.55
5140,2026-06-22 11:00:00,CUST-711,Electronics,1,318.44,36.05,Delivered,5.0,Asia,318.44
5141,2026-06-22 12:00:00,CUST-479,Electronics,1,338.69,5.29,Delivered,3.0,North America,338.69
5142,2026-06-22 13:00:00,CUST-778,Books,1,187.58,41.05,Delivered,3.0,South America,187.58
5143,2026-06-22 14:00:00,CUST-389,Electronics,4,376.29,27.16,Delivered,5.0,North America,1505.16
5144,2026-06-22 15:00:00,CUST-539,Beauty,4,436.43,28.43,Delivered,5.0,Asia,1745.72
5145,2026-06-22 16:00:00,CUST-767,Electronics,1,199.72,48.28,Cancelled,5.0,South America,199.72
5146,2026-06-22 17:00:00,CUST-106,Home Decor,2,331.93,17.8,Cancelled,5.0,South America,663.86
5147,2026-06-22 18:00:00,CUST-295,Clothing,2,380.99,39.27,Delivered,4.0,Europe,761.98
5148,2026-06-22 19:00:00,CUST-520,Beauty,3,103.16,30.86,Cancelled,5.0,Asia,309.48
5149,2026-06-22 20:00:00,CUST-667,Home Decor,1,172.97,36.54,Returned,5.0,Europe,172.97
5150,2026-06-22 21:00:00,CUST-932,Clothing,2,63.31,23.8,Delivered,4.0,Europe,126.62
5151,2026-06-22 22:00:00,CUST-292,Electronics,2,305.08,17.56,Delivered,5.0,Europe,610.16
5152,2026-06-22 23:00:00,CUST-658,Home Decor,1,402.46,29.58,Delivered,3.0,South America,402.46
5153,2026-06-23 00:00:00,CUST-247,Home Decor,1,309.31,21.87,Cancelled,4.0,Europe,309.31
5154,2026-06-23 01:00:00,CUST-886,Electronics,2,98.09,15.03,Delivered,5.0,Asia,196.18
5155,2026-06-23 02:00:00,CUST-768,Electronics,1,277.72,42.77,Shipped,5.0,Asia,277.72
5156,2026-06-23 03:00:00,CUST-301,Beauty,4,419.12,26.41,Delivered,5.0,Europe,1676.48
5157,2026-06-23 04:00:00,CUST-543,Electronics,1,158.34,43.13,Delivered,2.0,Europe,158.34
5158,2026-06-23 05:00:00,CUST-518,Home Decor,4,418.0,26.33,Delivered,4.0,Europe,1672.0
5159,2026-06-23 06:00:00,CUST-526,Clothing,1,394.47,30.06,Delivered,4.0,Europe,394.47
5160,2026-06-23 07:00:00,CUST-578,Beauty,1,20.65,49.79,Cancelled,4.0,Europe,20.65
5161,2026-06-23 08:00:00,CUST-574,Books,1,127.33,47.82,Delivered,5.0,Europe,127.33
5162,2026-06-23 09:00:00,CUST-225,Books,3,276.04,17.23,Delivered,4.0,North America,828.12
5163,2026-06-23 10:00:00,CUST-494,Electronics,3,361.63,44.09,Delivered,5.0,South America,1084.89
5164,2026-06-23 11:00:00,CUST-916,Beauty,1,441.46,22.57,Delivered,5.0,South America,441.46
5165,2026-06-23 12:00:00,CUST-980,Electronics,1,324.11,8.21,Delivered,5.0,South America,324.11
5166,2026-06-23 13:00:00,CUST-905,Home Decor,2,196.37,30.91,Returned,5.0,Europe,392.74
5167,2026-06-23 14:00:00,CUST-675,Clothing,1,100.47,48.97,Delivered,5.0,North America,100.47
5168,2026-06-23 15:00:00,CUST-424,Electronics,3,382.42,48.84,Delivered,5.0,South America,1147.26
5169,2026-06-23 16:00:00,CUST-491,Books,1,111.32,10.69,Cancelled,3.0,Asia,111.32
5170,2026-06-23 17:00:00,CUST-787,Electronics,2,350.76,39.71,Cancelled,5.0,South America,701.52
5171,2026-06-23 18:00:00,CUST-727,Home Decor,2,98.79,41.13,Delivered,5.0,South America,197.58
5172,2026-06-23 19:00:00,CUST-539,Beauty,5,54.62,21.59,Delivered,4.0,South America,273.1
5173,2026-06-23 20:00:00,CUST-303,Beauty,2,133.04,34.64,Delivered,5.0,South America,266.08
5174,2026-06-23 21:00:00,CUST-585,Electronics,1,149.62,26.97,Delivered,5.0,Asia,149.62
5175,2026-06-23 22:00:00,CUST-932,Clothing,1,327.13,15.26,Delivered,5.0,Europe,327.13
5176,2026-06-23 23:00:00,CUST-130,Beauty,2,88.83,39.26,Delivered,3.0,Asia,177.66
5177,2026-06-24 00:00:00,CUST-487,Clothing,2,465.85,16.82,Delivered,5.0,Asia,931.7
5178,2026-06-24 01:00:00,CUST-724,Clothing,3,281.64,20.32,Shipped,1.0,Europe,844.92
5179,2026-06-24 02:00:00,CUST-976,Electronics,2,250.56,13.55,Shipped,3.0,Asia,501.12
5180,2026-06-24 03:00:00,CUST-533,Clothing,2,223.0,37.37,Delivered,5.0,Asia,446.0
5181,2026-06-24 04:00:00,CUST-936,Beauty,1,287.63,25.64,Shipped,5.0,South America,287.63
5182,2026-06-24 05:00:00,CUST-475,Clothing,1,21.0,24.95,Delivered,5.0,South America,21.0
5183,2026-06-24 06:00:00,CUST-443,Home Decor,1,495.14,32.21,Delivered,,Europe,495.14
5184,2026-06-24 07:00:00,CUST-542,Clothing,1,283.19,12.08,Delivered,5.0,South America,283.19
5185,2026-06-24 08:00:00,CUST-678,Clothing,2,27.25,45.42,Delivered,5.0,Europe,54.5
5186,2026-06-24 09:00:00,CUST-174,Electronics,1,299.09,25.93,Delivered,4.0,Europe,299.09
5187,2026-06-24 10:00:00,CUST-656,Electronics,1,224.17,21.49,Delivered,3.0,North America,224.17
5188,2026-06-24 11:00:00,CUST-871,Clothing,1,21.78,10.7,Delivered,5.0,Europe,21.78
5189,2026-06-24 12:00:00,CUST-765,Home Decor,1,462.97,12.56,Delivered,4.0,Asia,462.97
5190,2026-06-24 13:00:00,CUST-254,Clothing,1,15.18,46.42,Delivered,3.0,Europe,15.18
5191,2026-06-24 14:00:00,CUST-529,Clothing,2,293.16,25.55,Cancelled,,North America,586.32
5192,2026-06-24 15:00:00,CUST-462,Clothing,1,481.28,37.5,Delivered,5.0,Asia,481.28
5193,2026-06-24 16:00:00,CUST-547,Electronics,2,126.43,8.62,Delivered,4.0,North America,252.86
5194,2026-06-24 17:00:00,CUST-333,Books,2,134.55,33.96,Delivered,5.0,South America,269.1
5195,2026-06-24 18:00:00,CUST-662,Clothing,5,10.21,46.47,Delivered,4.0,Asia,51.05
5196,2026-06-24 19:00:00,CUST-917,Electronics,1,42.51,18.5,Delivered,1.0,Europe,42.51
5197,2026-06-24 20:00:00,CUST-361,Electronics,1,32.0,31.06,Cancelled,4.0,North America,32.0
5198,2026-06-24 21:00:00,CUST-926,Books,1,413.1,47.31,Shipped,1.0,Europe,413.1
5199,2026-06-24 22:00:00,CUST-224,Electronics,1,420.0,37.37,Delivered,5.0,South America,420.0
5200,2026-06-24 23:00:00,CUST-344,Beauty,4,366.08,7.8,Delivered,4.0,Asia,1464.32
5201,2026-06-25 00:00:00,CUST-641,Electronics,2,182.85,22.04,Delivered,5.0,Europe,365.7
5202,2026-06-25 01:00:00,CUST-584,Books,2,412.41,8.86,Delivered,5.0,South America,824.82
5203,2026-06-25 02:00:00,CUST-221,Beauty,1,274.49,43.76,Delivered,4.0,Europe,274.49
5204,2026-06-25 03:00:00,CUST-224,Home Decor,2,159.11,32.97,Delivered,4.0,Asia,318.22
5205,2026-06-25 04:00:00,CUST-648,Electronics,1,224.27,48.04,Shipped,4.0,South America,224.27
5206,2026-06-25 05:00:00,CUST-269,Electronics,2,42.23,5.89,Delivered,5.0,South America,84.46
5207,2026-06-25 06:00:00,CUST-223,Clothing,2,473.01,24.04,Delivered,3.0,North America,946.02
5208,2026-06-25 07:00:00,CUST-968,Clothing,1,313.37,9.7,Delivered,5.0,Asia,313.37
5209,2026-06-25 08:00:00,CUST-134,Electronics,1,368.3,20.77,Delivered,4.0,South America,368.3
5210,2026-06-25 09:00:00,CUST-186,Electronics,3,341.53,12.28,Cancelled,5.0,Asia,1024.59
5211,2026-06-25 10:00:00,CUST-745,Home Decor,1,337.2,19.8,Delivered,5.0,Europe,337.2
5212,2026-06-25 11:00:00,CUST-807,Clothing,1,18.46,41.87,Delivered,5.0,Asia,18.46
5213,2026-06-25 12:00:00,CUST-885,Electronics,1,267.43,12.23,Delivered,5.0,North America,267.43
5214,2026-06-25 13:00:00,CUST-300,Electronics,1,412.64,26.31,Delivered,5.0,Asia,412.64
5215,2026-06-25 14:00:00,CUST-468,Books,2,31.81,46.47,Delivered,5.0,Asia,63.62
5216,2026-06-25 15:00:00,CUST-896,Clothing,2,478.52,49.95,Delivered,5.0,Europe,957.04
5217,2026-06-25 16:00:00,CUST-176,Beauty,3,217.84,16.28,Delivered,5.0,North America,653.52
5218,2026-06-25 17:00:00,CUST-158,Clothing,1,152.05,47.1,Delivered,5.0,Europe,152.05
5219,2026-06-25 18:00:00,CUST-530,Electronics,2,270.59,16.76,Delivered,3.0,South America,541.18
5220,2026-06-25 19:00:00,CUST-737,Clothing,3,402.59,23.61,Cancelled,4.0,Europe,1207.77
5221,2026-06-25 20:00:00,CUST-599,Clothing,1,242.63,44.51,Delivered,4.0,North America,242.63
5222,2026-06-25 21:00:00,CUST-208,Beauty,1,326.1,40.38,Delivered,5.0,North America,326.1
5223,2026-06-25 22:00:00,CUST-835,Home Decor,3,254.96,43.59,Shipped,2.0,Asia,764.88
5224,2026-06-25 23:00:00,CUST-377,Electronics,1,319.32,41.01,Shipped,5.0,North America,319.32
5225,2026-06-26 00:00:00,CUST-167,Books,1,77.64,15.58,Delivered,4.0,Europe,77.64
5226,2026-06-26 01:00:00,CUST-168,Clothing,1,28.95,30.15,Delivered,2.0,North America,28.95
5227,2026-06-26 02:00:00,CUST-264,Books,1,77.08,22.34,Cancelled,4.0,South America,77.08
5228,2026-06-26 03:00:00,CUST-588,Books,1,150.06,25.69,Returned,4.0,North America,150.06
5229,2026-06-26 04:00:00,CUST-404,Electronics,1,134.14,11.93,Delivered,5.0,North America,134.14
5230,2026-06-26 05:00:00,CUST-773,Clothing,2,311.44,19.21,Shipped,4.0,Europe,622.88
5231,2026-06-26 06:00:00,CUST-464,Clothing,1,233.39,43.59,Delivered,4.0,Asia,233.39
5232,2026-06-26 07:00:00,CUST-953,Home Decor,3,29.02,45.39,Delivered,5.0,Asia,87.06
5233,2026-06-26 08:00:00,CUST-920,Clothing,1,27.08,32.46,Delivered,4.0,Europe,27.08
5234,2026-06-26 09:00:00,CUST-478,Books,4,54.39,27.42,Shipped,4.0,Asia,217.56
5235,2026-06-26 10:00:00,CUST-442,Home Decor,4,183.01,37.08,Delivered,5.0,South America,732.04
5236,2026-06-26 11:00:00,CUST-998,Electronics,3,13.03,32.4,Delivered,2.0,South America,39.09
5237,2026-06-26 12:00:00,CUST-653,Electronics,4,252.05,49.27,Delivered,4.0,Asia,1008.2
5238,2026-06-26 13:00:00,CUST-453,Home Decor,2,186.73,13.55,Delivered,4.0,Europe,373.46
5239,2026-06-26 14:00:00,CUST-515,Electronics,3,282.17,25.21,Cancelled,4.0,Europe,846.51
5240,2026-06-26 15:00:00,CUST-208,Beauty,1,363.2,46.32,Delivered,3.0,Asia,363.2
5241,2026-06-26 16:00:00,CUST-662,Clothing,1,132.98,46.16,Delivered,3.0,North America,132.98
5242,2026-06-26 17:00:00,CUST-861,Clothing,3,86.97,27.29,Delivered,4.0,Asia,260.91
5243,2026-06-26 18:00:00,CUST-596,Electronics,1,146.25,11.07,Delivered,1.0,South America,146.25
5244,2026-06-26 19:00:00,CUST-440,Home Decor,3,10.86,41.67,Returned,4.0,South America,32.58
5245,2026-06-26 20:00:00,CUST-482,Electronics,3,68.81,31.33,Delivered,4.0,North America,206.43
5246,2026-06-26 21:00:00,CUST-632,Beauty,1,377.91,39.79,Delivered,4.0,South America,377.91
5247,2026-06-26 22:00:00,CUST-399,Clothing,3,119.18,25.81,Delivered,1.0,Europe,357.54
5248,2026-06-26 23:00:00,CUST-238,Beauty,1,497.21,14.17,Delivered,5.0,North America,497.21
5249,2026-06-27 00:00:00,CUST-458,Home Decor,1,92.24,6.08,Delivered,5.0,North America,92.24
5250,2026-06-27 01:00:00,CUST-935,Electronics,2,396.5,30.16,Delivered,5.0,North America,793.0
5251,2026-06-27 02:00:00,CUST-598,Beauty,1,355.47,12.25,Cancelled,5.0,Europe,355.47
5252,2026-06-27 03:00:00,CUST-484,Electronics,2,167.84,13.42,Delivered,5.0,South America,335.68
5253,2026-06-27 04:00:00,CUST-703,Clothing,2,172.06,24.63,Delivered,5.0,Asia,344.12
5254,2026-06-27 05:00:00,CUST-379,Electronics,1,286.14,24.89,Delivered,4.0,South America,286.14
5255,2026-06-27 06:00:00,CUST-736,Beauty,3,427.66,17.35,Delivered,4.0,Asia,1282.98
5256,2026-06-27 07:00:00,CUST-582,Books,2,199.23,10.94,Delivered,4.0,North America,398.46
5257,2026-06-27 08:00:00,CUST-210,Home Decor,1,39.98,47.52,Shipped,,Asia,39.98
5258,2026-06-27 09:00:00,CUST-965,Clothing,1,193.47,10.92,Delivered,5.0,South America,193.47
5259,2026-06-27 10:00:00,CUST-238,Beauty,3,111.58,20.78,Delivered,5.0,Europe,334.74
5260,2026-06-27 11:00:00,CUST-534,Electronics,3,470.21,18.72,Delivered,3.0,South America,1410.63
5261,2026-06-27 12:00:00,CUST-608,Books,1,351.66,43.99,Delivered,5.0,Europe,351.66
5262,2026-06-27 13:00:00,CUST-372,Electronics,1,34.91,23.45,Delivered,4.0,Europe,34.91
5263,2026-06-27 14:00:00,CUST-198,Books,3,153.56,10.58,Delivered,5.0,Europe,460.68
5264,2026-06-27 15:00:00,CUST-863,Home Decor,2,34.61,5.46,Delivered,5.0,Asia,69.22
5265,2026-06-27 16:00:00,CUST-949,Beauty,1,416.71,37.49,Delivered,3.0,North America,416.71
5266,2026-06-27 17:00:00,CUST-203,Home Decor,2,454.09,37.15,Delivered,5.0,North America,908.18
5267,2026-06-27 18:00:00,CUST-313,Clothing,1,65.02,23.8,Delivered,5.0,North America,65.02
5268,2026-06-27 19:00:00,CUST-860,Home Decor,3,225.74,10.68,Shipped,5.0,Europe,677.22
5269,2026-06-27 20:00:00,CUST-763,Electronics,1,466.62,21.72,Delivered,4.0,Asia,466.62
5270,2026-06-27 21:00:00,CUST-861,Home Decor,1,81.15,31.54,Delivered,5.0,Asia,81.15
5271,2026-06-27 22:00:00,CUST-886,Home Decor,1,153.03,36.68,Delivered,5.0,Asia,153.03
5272,2026-06-27 23:00:00,CUST-264,Beauty,4,159.09,8.52,Delivered,5.0,South America,636.36
5273,2026-06-28 00:00:00,CUST-952,Clothing,3,24.73,30.03,Delivered,1.0,Asia,74.19
5274,2026-06-28 01:00:00,CUST-619,Electronics,2,27.77,17.43,Delivered,4.0,Asia,55.54
5275,2026-06-28 02:00:00,CUST-383,Clothing,2,476.87,32.78,Delivered,5.0,Asia,953.74
5276,2026-06-28 03:00:00,CUST-616,Home Decor,1,289.84,34.17,Delivered,3.0,North America,289.84
5277,2026-06-28 04:00:00,CUST-756,Electronics,4,160.26,45.98,Delivered,4.0,Europe,641.04
5278,2026-06-28 05:00:00,CUST-712,Electronics,1,195.55,23.47,Delivered,3.0,South America,195.55
5279,2026-06-28 06:00:00,CUST-263,Beauty,3,360.27,29.19,Shipped,4.0,North America,1080.81
5280,2026-06-28 07:00:00,CUST-985,Home Decor,1,189.59,17.07,Delivered,1.0,Asia,189.59
5281,2026-06-28 08:00:00,CUST-758,Clothing,1,121.6,17.9,Delivered,3.0,Europe,121.6
5282,2026-06-28 09:00:00,CUST-163,Clothing,2,59.9,7.07,Delivered,4.0,Europe,119.8
5283,2026-06-28 10:00:00,CUST-190,Home Decor,3,367.18,17.87,Delivered,5.0,Europe,1101.54
5284,2026-06-28 11:00:00,CUST-216,Electronics,3,98.48,7.87,Delivered,4.0,Europe,295.44
5285,2026-06-28 12:00:00,CUST-965,Home Decor,2,44.13,48.38,Delivered,4.0,Asia,88.26
5286,2026-06-28 13:00:00,CUST-366,Electronics,1,219.21,33.09,Delivered,5.0,South America,219.21
5287,2026-06-28 14:00:00,CUST-921,Beauty,4,29.39,12.79,Delivered,4.0,Asia,117.56
5288,2026-06-28 15:00:00,CUST-784,Clothing,1,482.85,10.25,Delivered,2.0,Europe,482.85
5289,2026-06-28 16:00:00,CUST-658,Clothing,3,317.37,21.66,Delivered,4.0,Asia,952.11
5290,2026-06-28 17:00:00,CUST-239,Home Decor,2,84.82,18.84,Delivered,5.0,Europe,169.64
5291,2026-06-28 18:00:00,CUST-345,Home Decor,1,94.5,17.57,Delivered,5.0,Asia,94.5
5292,2026-06-28 19:00:00,CUST-760,Electronics,1,289.22,26.07,Delivered,2.0,South America,289.22
5293,2026-06-28 20:00:00,CUST-857,Beauty,1,184.72,46.08,Delivered,5.0,Europe,184.72
5294,2026-06-28 21:00:00,CUST-494,Electronics,1,389.39,30.56,Delivered,5.0,Asia,389.39
5295,2026-06-28 22:00:00,CUST-586,Books,1,277.45,28.46,Returned,1.0,North America,277.45
5296,2026-06-28 23:00:00,CUST-575,Beauty,1,222.33,41.29,Delivered,5.0,South America,222.33
5297,2026-06-29 00:00:00,CUST-616,Clothing,1,481.86,5.18,Delivered,4.0,North America,481.86
5298,2026-06-29 01:00:00,CUST-283,Beauty,2,201.46,13.88,Delivered,5.0,Asia,402.92
5299,2026-06-29 02:00:00,CUST-119,Clothing,3,206.3,27.33,Delivered,5.0,South America,618.9
5300,2026-06-29 03:00:00,CUST-657,Electronics,1,336.23,36.74,Delivered,5.0,South America,336.23
5301,2026-06-29 04:00:00,CUST-623,Books,1,406.64,26.83,Delivered,5.0,South America,406.64
5302,2026-06-29 05:00:00,CUST-681,Home Decor,1,316.85,12.37,Delivered,5.0,Asia,316.85
5303,2026-06-29 06:00:00,CUST-628,Clothing,2,352.32,46.85,Delivered,4.0,South America,704.64
5304,2026-06-29 07:00:00,CUST-982,Clothing,3,192.74,19.79,Delivered,3.0,South America,578.22
5305,2026-06-29 08:00:00,CUST-246,Clothing,2,244.95,40.47,Delivered,5.0,North America,489.9
5306,2026-06-29 09:00:00,CUST-765,Books,3,106.55,45.11,Delivered,1.0,Asia,319.65
5307,2026-06-29 10:00:00,CUST-403,Electronics,2,343.32,20.59,Delivered,4.0,Europe,686.64
5308,2026-06-29 11:00:00,CUST-719,Clothing,2,118.51,43.04,Delivered,4.0,Asia,237.02
5309,2026-06-29 12:00:00,CUST-847,Clothing,1,10.62,36.98,Delivered,4.0,Asia,10.62
5310,2026-06-29 13:00:00,CUST-919,Clothing,3,467.54,45.69,Delivered,,South America,1402.62
5311,2026-06-29 14:00:00,CUST-963,Clothing,4,159.95,16.31,Delivered,5.0,North America,639.8
5312,2026-06-29 15:00:00,CUST-681,Electronics,2,106.35,46.91,Delivered,4.0,North America,212.7
5313,2026-06-29 16:00:00,CUST-794,Electronics,3,141.39,7.94,Delivered,5.0,Asia,424.17
5314,2026-06-29 17:00:00,CUST-861,Electronics,1,171.92,40.72,Delivered,4.0,Europe,171.92
5315,2026-06-29 18:00:00,CUST-327,Books,4,242.53,24.6,Delivered,5.0,Asia,970.12
5316,2026-06-29 19:00:00,CUST-201,Electronics,1,43.98,13.01,Delivered,4.0,Europe,43.98
5317,2026-06-29 20:00:00,CUST-686,Beauty,1,35.81,8.57,Cancelled,5.0,Europe,35.81
5318,2026-06-29 21:00:00,CUST-516,Beauty,1,153.53,22.53,Delivered,1.0,Asia,153.53
5319,2026-06-29 22:00:00,CUST-315,Beauty,4,154.93,22.52,Delivered,5.0,South America,619.72
5320,2026-06-29 23:00:00,CUST-506,Beauty,3,67.65,15.35,Delivered,1.0,South America,202.95
5321,2026-06-30 00:00:00,CUST-498,Electronics,4,208.35,14.7,Delivered,5.0,Europe,833.4
5322,2026-06-30 01:00:00,CUST-814,Electronics,3,149.17,22.98,Delivered,4.0,North America,447.51
5323,2026-06-30 02:00:00,CUST-803,Clothing,1,22.77,23.46,Delivered,4.0,South America,22.77
5324,2026-06-30 03:00:00,CUST-860,Electronics,4,444.0,24.91,Delivered,4.0,South America,1776.0
5325,2026-06-30 04:00:00,CUST-598,Home Decor,4,444.15,44.09,Delivered,5.0,Europe,1776.6
5326,2026-06-30 05:00:00,CUST-853,Home Decor,2,112.5,32.51,Delivered,3.0,Europe,225.0
5327,2026-06-30 06:00:00,CUST-564,Beauty,1,89.81,5.92,Delivered,5.0,Europe,89.81
5328,2026-06-30 07:00:00,CUST-790,Electronics,2,278.17,28.36,Delivered,5.0,South America,556.34
5329,2026-06-30 08:00:00,CUST-830,Books,5,319.07,39.31,Delivered,1.0,South America,1595.35
5330,2026-06-30 09:00:00,CUST-181,Electronics,3,479.2,7.54,Delivered,5.0,North America,1437.6
5331,2026-06-30 10:00:00,CUST-703,Clothing,3,194.9,24.02,Delivered,1.0,North America,584.7
5332,2026-06-30 11:00:00,CUST-786,Clothing,4,312.92,25.3,Shipped,5.0,Asia,1251.68
5333,2026-06-30 12:00:00,CUST-850,Beauty,3,440.31,47.93,Delivered,5.0,Europe,1320.93
5334,2026-06-30 13:00:00,CUST-871,Clothing,3,230.48,26.41,Delivered,5.0,South America,691.44
5335,2026-06-30 14:00:00,CUST-464,Books,2,69.95,38.75,Delivered,4.0,North America,139.9
5336,2026-06-30 15:00:00,CUST-262,Books,1,194.95,18.63,Delivered,5.0,Europe,194.95
5337,2026-06-30 16:00:00,CUST-147,Beauty,2,76.92,40.07,Delivered,3.0,Europe,153.84
5338,2026-06-30 17:00:00,CUST-610,Electronics,2,18.15,19.52,Delivered,4.0,Asia,36.3
5339,2026-06-30 18:00:00,CUST-428,Beauty,3,378.26,24.35,Delivered,4.0,Europe,1134.78
5340,2026-06-30 19:00:00,CUST-939,Beauty,1,126.83,26.58,Delivered,4.0,North America,126.83
5341,2026-06-30 20:00:00,CUST-215,Electronics,1,10.98,46.69,Shipped,5.0,Asia,10.98
5342,2026-06-30 21:00:00,CUST-948,Electronics,1,437.49,7.41,Delivered,2.0,South America,437.49
5343,2026-06-30 22:00:00,CUST-436,Electronics,2,227.46,13.86,Returned,5.0,Asia,454.92
5344,2026-06-30 23:00:00,CUST-980,Electronics,2,127.04,36.76,Delivered,5.0,Europe,254.08
5345,2026-07-01 00:00:00,CUST-836,Clothing,1,138.77,30.99,Returned,5.0,Europe,138.77
5346,2026-07-01 01:00:00,CUST-963,Books,1,127.86,16.32,Delivered,5.0,North America,127.86
5347,2026-07-01 02:00:00,CUST-939,Clothing,1,105.33,18.01,Delivered,5.0,Europe,105.33
5348,2026-07-01 03:00:00,CUST-246,Clothing,1,422.2,21.53,Delivered,1.0,South America,422.2
5349,2026-07-01 04:00:00,CUST-674,Books,1,93.46,25.27,Delivered,5.0,North America,93.46
5350,2026-07-01 05:00:00,CUST-905,Electronics,1,285.31,41.81,Shipped,4.0,Europe,285.31
5351,2026-07-01 06:00:00,CUST-422,Beauty,1,47.89,5.62,Delivered,3.0,South America,47.89
5352,2026-07-01 07:00:00,CUST-542,Clothing,1,475.27,45.41,Delivered,4.0,North America,475.27
5353,2026-07-01 08:00:00,CUST-936,Home Decor,1,305.62,23.59,Shipped,5.0,Europe,305.62
5354,2026-07-01 09:00:00,CUST-112,Clothing,3,452.54,15.37,Shipped,4.0,South America,1357.62
5355,2026-07-01 10:00:00,CUST-593,Home Decor,1,204.96,27.88,Delivered,4.0,South America,204.96
5356,2026-07-01 11:00:00,CUST-800,Electronics,1,407.23,34.69,Delivered,4.0,Asia,407.23
5357,2026-07-01 12:00:00,CUST-386,Beauty,1,428.29,7.01,Delivered,2.0,North America,428.29
5358,2026-07-01 13:00:00,CUST-819,Electronics,1,354.45,37.21,Delivered,5.0,Asia,354.45
5359,2026-07-01 14:00:00,CUST-213,Beauty,1,55.54,39.23,Cancelled,5.0,South America,55.54
5360,2026-07-01 15:00:00,CUST-579,Clothing,1,17.88,12.48,Delivered,5.0,Asia,17.88
5361,2026-07-01 16:00:00,CUST-121,Electronics,2,92.59,12.55,Delivered,4.0,Asia,185.18
5362,2026-07-01 17:00:00,CUST-448,Home Decor,2,67.87,14.17,Shipped,4.0,Asia,135.74
5363,2026-07-01 18:00:00,CUST-825,Electronics,2,365.32,40.85,Delivered,4.0,North America,730.64
5364,2026-07-01 19:00:00,CUST-782,Beauty,3,282.93,17.24,Shipped,5.0,Europe,848.79
5365,2026-07-01 20:00:00,CUST-934,Books,1,267.72,40.82,Delivered,4.0,Asia,267.72
5366,2026-07-01 21:00:00,CUST-665,Beauty,4,133.9,29.32,Shipped,4.0,Europe,535.6
5367,2026-07-01 22:00:00,CUST-909,Electronics,1,85.76,39.52,Delivered,4.0,North America,85.76
5368,2026-07-01 23:00:00,CUST-419,Home Decor,2,111.21,29.92,Delivered,1.0,Europe,222.42
5369,2026-07-02 00:00:00,CUST-225,Home Decor,1,206.14,20.11,Delivered,3.0,North America,206.14
5370,2026-07-02 01:00:00,CUST-376,Beauty,3,372.67,45.98,Delivered,5.0,Europe,1118.01
5371,2026-07-02 02:00:00,CUST-303,Electronics,2,134.71,37.19,Delivered,5.0,North America,269.42
5372,2026-07-02 03:00:00,CUST-293,Clothing,1,352.32,26.78,Delivered,4.0,South America,352.32
5373,2026-07-02 04:00:00,CUST-780,Clothing,2,250.84,33.68,Delivered,4.0,North America,501.68
5374,2026-07-02 05:00:00,CUST-763,Electronics,1,443.87,32.71,Delivered,4.0,Europe,443.87
5375,2026-07-02 06:00:00,CUST-646,Clothing,3,124.13,21.12,Delivered,5.0,Asia,372.39
5376,2026-07-02 07:00:00,CUST-795,Clothing,2,230.92,24.07,Delivered,5.0,South America,461.84
5377,2026-07-02 08:00:00,CUST-385,Beauty,1,57.37,19.32,Delivered,5.0,Asia,57.37
5378,2026-07-02 09:00:00,CUST-156,Books,1,174.23,49.98,Shipped,3.0,Europe,174.23
5379,2026-07-02 10:00:00,CUST-833,Home Decor,1,258.37,31.1,Delivered,5.0,Asia,258.37
5380,2026-07-02 11:00:00,CUST-402,Clothing,2,369.04,9.14,Shipped,5.0,Asia,738.08
5381,2026-07-02 12:00:00,CUST-262,Electronics,1,107.06,28.36,Delivered,5.0,North America,107.06
5382,2026-07-02 13:00:00,CUST-118,Books,2,116.87,7.25,Delivered,4.0,Europe,233.74
5383,2026-07-02 14:00:00,CUST-469,Books,4,319.47,17.99,Delivered,5.0,Asia,1277.88
5384,2026-07-02 15:00:00,CUST-363,Books,1,197.4,25.07,Delivered,5.0,Asia,197.4
5385,2026-07-02 16:00:00,CUST-893,Beauty,5,246.23,29.04,Delivered,4.0,Asia,1231.15
5386,2026-07-02 17:00:00,CUST-212,Clothing,2,419.71,48.93,Delivered,3.0,Europe,839.42
5387,2026-07-02 18:00:00,CUST-587,Beauty,1,254.55,49.2,Delivered,5.0,South America,254.55
5388,2026-07-02 19:00:00,CUST-426,Clothing,1,329.72,9.41,Delivered,5.0,Asia,329.72
5389,2026-07-02 20:00:00,CUST-641,Clothing,2,331.82,29.22,Delivered,5.0,Asia,663.64
5390,2026-07-02 21:00:00,CUST-746,Home Decor,1,403.77,41.77,Delivered,4.0,South America,403.77
5391,2026-07-02 22:00:00,CUST-678,Electronics,1,322.69,15.7,Delivered,5.0,South America,322.69
5392,2026-07-02 23:00:00,CUST-164,Electronics,1,41.76,38.78,Delivered,1.0,South America,41.76
5393,2026-07-03 00:00:00,CUST-391,Clothing,3,177.66,44.54,Shipped,5.0,Asia,532.98
5394,2026-07-03 01:00:00,CUST-124,Clothing,2,494.76,34.81,Delivered,1.0,North America,989.52
5395,2026-07-03 02:00:00,CUST-648,Beauty,2,106.29,19.75,Cancelled,4.0,Europe,212.58
5396,2026-07-03 03:00:00,CUST-100,Electronics,1,297.5,46.54,Delivered,2.0,Asia,297.5
5397,2026-07-03 04:00:00,CUST-648,Electronics,3,423.04,44.76,Shipped,5.0,South America,1269.12
5398,2026-07-03 05:00:00,CUST-240,Electronics,4,297.41,37.21,Delivered,4.0,South America,1189.64
5399,2026-07-03 06:00:00,CUST-843,Electronics,1,192.41,21.37,Delivered,5.0,South America,192.41
5400,2026-07-03 07:00:00,CUST-747,Electronics,1,49.31,40.64,Delivered,4.0,South America,49.31
5401,2026-07-03 08:00:00,CUST-287,Home Decor,3,187.22,19.22,Delivered,4.0,North America,561.66
5402,2026-07-03 09:00:00,CUST-227,Clothing,3,99.21,16.38,Delivered,4.0,Europe,297.63
5403,2026-07-03 10:00:00,CUST-300,Beauty,2,480.82,28.18,Shipped,2.0,North America,961.64
5404,2026-07-03 11:00:00,CUST-226,Books,4,360.37,49.87,Delivered,4.0,North America,1441.48
5405,2026-07-03 12:00:00,CUST-356,Home Decor,2,377.2,41.19,Delivered,5.0,Europe,754.4
5406,2026-07-03 13:00:00,CUST-775,Electronics,1,223.62,37.84,Cancelled,4.0,Asia,223.62
5407,2026-07-03 14:00:00,CUST-646,Electronics,2,63.88,25.34,Returned,2.0,Asia,127.76
5408,2026-07-03 15:00:00,CUST-293,Beauty,2,140.69,19.04,Delivered,5.0,North America,281.38
5409,2026-07-03 16:00:00,CUST-802,Clothing,5,137.26,43.52,Shipped,2.0,Europe,686.3
5410,2026-07-03 17:00:00,CUST-203,Beauty,1,248.52,30.55,Delivered,5.0,South America,248.52
5411,2026-07-03 18:00:00,CUST-634,Beauty,2,235.88,41.6,Delivered,5.0,Europe,471.76
5412,2026-07-03 19:00:00,CUST-364,Books,3,222.37,26.95,Delivered,4.0,Asia,667.11
5413,2026-07-03 20:00:00,CUST-901,Books,1,253.03,38.93,Delivered,5.0,North America,253.03
5414,2026-07-03 21:00:00,CUST-483,Home Decor,1,493.64,44.05,Delivered,,South America,493.64
5415,2026-07-03 22:00:00,CUST-359,Clothing,3,156.19,22.61,Delivered,4.0,Asia,468.57
5416,2026-07-03 23:00:00,CUST-513,Books,1,311.48,5.61,Delivered,5.0,South America,311.48
5417,2026-07-04 00:00:00,CUST-457,Clothing,2,127.36,16.47,Delivered,4.0,Europe,254.72
5418,2026-07-04 01:00:00,CUST-174,Electronics,3,238.64,46.17,Delivered,4.0,Europe,715.92
5419,2026-07-04 02:00:00,CUST-454,Home Decor,1,108.02,35.94,Delivered,5.0,Asia,108.02
5420,2026-07-04 03:00:00,CUST-683,Home Decor,5,283.51,38.17,Delivered,5.0,Asia,1417.55
5421,2026-07-04 04:00:00,CUST-870,Beauty,2,139.86,19.64,Delivered,5.0,South America,279.72
5422,2026-07-04 05:00:00,CUST-287,Home Decor,1,28.03,36.56,Delivered,5.0,South America,28.03
5423,2026-07-04 06:00:00,CUST-784,Clothing,1,409.48,34.08,Shipped,4.0,Europe,409.48
5424,2026-07-04 07:00:00,CUST-389,Books,4,72.85,13.03,Returned,5.0,North America,291.4
5425,2026-07-04 08:00:00,CUST-144,Beauty,1,190.34,48.59,Delivered,5.0,South America,190.34
5426,2026-07-04 09:00:00,CUST-672,Home Decor,1,243.82,20.93,Delivered,5.0,Europe,243.82
5427,2026-07-04 10:00:00,CUST-182,Electronics,1,221.92,19.82,Cancelled,5.0,North America,221.92
5428,2026-07-04 11:00:00,CUST-222,Clothing,1,365.58,21.61,Delivered,5.0,Asia,365.58
5429,2026-07-04 12:00:00,CUST-457,Home Decor,1,302.42,9.13,Delivered,3.0,Asia,302.42
5430,2026-07-04 13:00:00,CUST-627,Electronics,5,154.73,33.12,Delivered,4.0,South America,773.65
5431,2026-07-04 14:00:00,CUST-165,Electronics,3,35.33,15.74,Delivered,5.0,North America,105.99
5432,2026-07-04 15:00:00,CUST-756,Home Decor,1,386.12,41.15,Delivered,5.0,Europe,386.12
5433,2026-07-04 16:00:00,CUST-474,Clothing,1,182.74,22.74,Delivered,5.0,South America,182.74
5434,2026-07-04 17:00:00,CUST-261,Clothing,2,445.97,25.64,Delivered,4.0,Europe,891.94
5435,2026-07-04 18:00:00,CUST-845,Electronics,1,203.58,34.09,Delivered,4.0,North America,203.58
5436,2026-07-04 19:00:00,CUST-479,Clothing,3,361.65,39.28,Shipped,3.0,South America,1084.95
5437,2026-07-04 20:00:00,CUST-755,Beauty,3,470.39,15.4,Delivered,5.0,North America,1411.17
5438,2026-07-04 21:00:00,CUST-457,Electronics,3,329.06,48.48,Delivered,3.0,North America,987.18
5439,2026-07-04 22:00:00,CUST-287,Electronics,1,212.61,33.0,Delivered,5.0,North America,212.61
5440,2026-07-04 23:00:00,CUST-421,Home Decor,1,288.03,5.25,Delivered,5.0,Europe,288.03
5441,2026-07-05 00:00:00,CUST-549,Books,1,276.29,23.7,Delivered,4.0,Asia,276.29
5442,2026-07-05 01:00:00,CUST-573,Home Decor,1,296.56,24.66,Delivered,3.0,South America,296.56
5443,2026-07-05 02:00:00,CUST-112,Electronics,1,81.94,41.41,Delivered,1.0,Europe,81.94
5444,2026-07-05 03:00:00,CUST-283,Clothing,4,352.27,18.73,Delivered,4.0,North America,1409.08
5445,2026-07-05 04:00:00,CUST-210,Beauty,3,81.07,19.91,Delivered,4.0,Europe,243.21
5446,2026-07-05 05:00:00,CUST-607,Electronics,4,17.16,8.17,Returned,4.0,North America,68.64
5447,2026-07-05 06:00:00,CUST-389,Home Decor,3,316.14,17.76,Returned,5.0,North America,948.42
5448,2026-07-05 07:00:00,CUST-394,Clothing,1,67.29,37.26,Delivered,4.0,North America,67.29
5449,2026-07-05 08:00:00,CUST-550,Electronics,2,387.5,33.56,Returned,5.0,North America,775.0
5450,2026-07-05 09:00:00,CUST-314,Beauty,1,434.32,8.66,Delivered,5.0,Europe,434.32
5451,2026-07-05 10:00:00,CUST-731,Home Decor,1,472.92,10.16,Returned,4.0,North America,472.92
5452,2026-07-05 11:00:00,CUST-993,Home Decor,2,335.59,21.96,Delivered,5.0,Europe,671.18
5453,2026-07-05 12:00:00,CUST-666,Electronics,2,246.19,38.47,Delivered,3.0,Europe,492.38
5454,2026-07-05 13:00:00,CUST-126,Electronics,2,182.62,42.48,Delivered,4.0,Asia,365.24
5455,2026-07-05 14:00:00,CUST-729,Home Decor,1,250.55,5.66,Cancelled,5.0,Europe,250.55
5456,2026-07-05 15:00:00,CUST-832,Home Decor,1,103.27,19.81,Delivered,4.0,Asia,103.27
5457,2026-07-05 16:00:00,CUST-330,Electronics,1,180.73,24.09,Delivered,1.0,Asia,180.73
5458,2026-07-05 17:00:00,CUST-664,Electronics,1,361.79,46.0,Returned,4.0,Asia,361.79
5459,2026-07-05 18:00:00,CUST-906,Electronics,1,116.54,27.56,Delivered,5.0,Europe,116.54
5460,2026-07-05 19:00:00,CUST-420,Books,2,139.39,17.14,Delivered,3.0,Asia,278.78
5461,2026-07-05 20:00:00,CUST-332,Beauty,3,377.17,22.55,Delivered,5.0,South America,1131.51
5462,2026-07-05 21:00:00,CUST-769,Books,1,97.14,24.64,Shipped,5.0,North America,97.14
5463,2026-07-05 22:00:00,CUST-536,Electronics,2,130.48,35.15,Returned,3.0,Europe,260.96
5464,2026-07-05 23:00:00,CUST-880,Books,1,18.6,6.85,Returned,4.0,North America,18.6
5465,2026-07-06 00:00:00,CUST-632,Electronics,5,362.83,22.53,Delivered,3.0,Europe,1814.15
5466,2026-07-06 01:00:00,CUST-502,Clothing,1,312.77,34.09,Delivered,1.0,Asia,312.77
5467,2026-07-06 02:00:00,CUST-152,Beauty,3,350.25,17.75,Delivered,3.0,South America,1050.75
5468,2026-07-06 03:00:00,CUST-886,Clothing,4,115.02,31.63,Delivered,4.0,Asia,460.08
5469,2026-07-06 04:00:00,CUST-412,Clothing,3,346.81,21.08,Delivered,3.0,Europe,1040.43
5470,2026-07-06 05:00:00,CUST-380,Electronics,1,302.22,39.14,Delivered,2.0,Asia,302.22
5471,2026-07-06 06:00:00,CUST-825,Electronics,2,189.4,7.73,Shipped,5.0,South America,378.8
5472,2026-07-06 07:00:00,CUST-130,Home Decor,1,224.53,46.31,Cancelled,4.0,North America,224.53
5473,2026-07-06 08:00:00,CUST-436,Home Decor,1,288.28,12.72,Delivered,5.0,North America,288.28
5474,2026-07-06 09:00:00,CUST-282,Beauty,1,251.71,12.13,Delivered,3.0,Asia,251.71
5475,2026-07-06 10:00:00,CUST-122,Home Decor,4,324.5,42.83,Delivered,5.0,Europe,1298.0
5476,2026-07-06 11:00:00,CUST-643,Home Decor,4,98.68,44.12,Delivered,5.0,Europe,394.72
5477,2026-07-06 12:00:00,CUST-545,Electronics,1,274.95,9.18,Delivered,1.0,North America,274.95
5478,2026-07-06 13:00:00,CUST-173,Electronics,2,230.64,45.89,Delivered,5.0,South America,461.28
5479,2026-07-06 14:00:00,CUST-109,Books,4,235.9,17.3,Cancelled,4.0,Asia,943.6
5480,2026-07-06 15:00:00,CUST-583,Electronics,1,240.0,32.84,Delivered,5.0,Asia,240.0
5481,2026-07-06 16:00:00,CUST-555,Home Decor,1,441.92,8.09,Delivered,5.0,North America,441.92
5482,2026-07-06 17:00:00,CUST-665,Electronics,1,411.13,22.13,Delivered,4.0,Europe,411.13
5483,2026-07-06 18:00:00,CUST-663,Home Decor,3,318.49,25.28,Delivered,5.0,Asia,955.47
5484,2026-07-06 19:00:00,CUST-759,Home Decor,1,361.08,31.99,Delivered,5.0,Europe,361.08
5485,2026-07-06 20:00:00,CUST-259,Electronics,3,30.97,28.64,Shipped,4.0,Europe,92.91
5486,2026-07-06 21:00:00,CUST-981,Electronics,1,374.56,25.77,Delivered,5.0,North America,374.56
5487,2026-07-06 22:00:00,CUST-113,Home Decor,1,248.22,48.18,Shipped,5.0,Europe,248.22
5488,2026-07-06 23:00:00,CUST-277,Clothing,1,165.7,13.33,Delivered,1.0,South America,165.7
5489,2026-07-07 00:00:00,CUST-511,Electronics,1,78.49,12.11,Delivered,5.0,South America,78.49
5490,2026-07-07 01:00:00,CUST-977,Home Decor,1,46.85,37.1,Shipped,,North America,46.85
5491,2026-07-07 02:00:00,CUST-152,Electronics,1,31.99,8.35,Delivered,5.0,Asia,31.99
5492,2026-07-07 03:00:00,CUST-507,Beauty,3,89.28,26.73,Delivered,4.0,Europe,267.84
5493,2026-07-07 04:00:00,CUST-946,Clothing,1,24.77,26.78,Delivered,,South America,24.77
5494,2026-07-07 05:00:00,CUST-121,Electronics,3,368.99,18.95,Delivered,5.0,North America,1106.97
5495,2026-07-07 06:00:00,CUST-129,Home Decor,4,131.82,46.87,Delivered,5.0,North America,527.28
5496,2026-07-07 07:00:00,CUST-802,Clothing,3,190.68,17.71,Shipped,5.0,Europe,572.04
5497,2026-07-07 08:00:00,CUST-359,Electronics,4,413.13,17.98,Shipped,4.0,North America,1652.52
5498,2026-07-07 09:00:00,CUST-304,Clothing,2,66.18,15.54,Delivered,2.0,Asia,132.36
5499,2026-07-07 10:00:00,CUST-158,Electronics,1,419.44,11.56,Delivered,5.0,Europe,419.44
5500,2026-07-07 11:00:00,CUST-570,Electronics,4,323.37,21.38,Shipped,4.0,Asia,1293.48
5501,2026-07-07 12:00:00,CUST-875,Electronics,3,177.59,35.64,Delivered,4.0,South America,532.77
5502,2026-07-07 13:00:00,CUST-565,Clothing,3,67.73,38.4,Delivered,5.0,South America,203.19
5503,2026-07-07 14:00:00,CUST-111,Electronics,2,54.83,41.6,Delivered,,South America,109.66
5504,2026-07-07 15:00:00,CUST-730,Home Decor,2,174.4,13.89,Delivered,4.0,South America,348.8
5505,2026-07-07 16:00:00,CUST-389,Home Decor,1,78.77,6.6,Delivered,5.0,North America,78.77
5506,2026-07-07 17:00:00,CUST-949,Clothing,2,141.18,48.86,Delivered,5.0,Asia,282.36
5507,2026-07-07 18:00:00,CUST-859,Beauty,1,35.95,5.64,Cancelled,5.0,North America,35.95
5508,2026-07-07 19:00:00,CUST-453,Beauty,1,301.55,48.23,Delivered,5.0,North America,301.55
5509,2026-07-07 20:00:00,CUST-738,Home Decor,2,81.19,42.3,Shipped,3.0,South America,162.38
5510,2026-07-07 21:00:00,CUST-174,Home Decor,1,380.8,46.04,Delivered,5.0,Asia,380.8
5511,2026-07-07 22:00:00,CUST-972,Electronics,1,116.91,22.42,Delivered,4.0,Europe,116.91
5512,2026-07-07 23:00:00,CUST-815,Beauty,3,401.01,13.87,Delivered,5.0,Europe,1203.03
5513,2026-07-08 00:00:00,CUST-660,Electronics,3,103.04,32.29,Cancelled,5.0,Europe,309.12
5514,2026-07-08 01:00:00,CUST-690,Clothing,2,363.47,38.36,Delivered,3.0,Asia,726.94
5515,2026-07-08 02:00:00,CUST-540,Home Decor,2,173.21,10.89,Delivered,5.0,South America,346.42
5516,2026-07-08 03:00:00,CUST-340,Electronics,4,295.73,40.89,Delivered,5.0,South America,1182.92
5517,2026-07-08 04:00:00,CUST-960,Electronics,1,28.94,14.39,Delivered,5.0,Asia,28.94
5518,2026-07-08 05:00:00,CUST-253,Home Decor,2,252.67,27.13,Delivered,4.0,South America,505.34
5519,2026-07-08 06:00:00,CUST-885,Home Decor,1,82.86,43.54,Delivered,5.0,Asia,82.86
5520,2026-07-08 07:00:00,CUST-195,Home Decor,1,248.3,13.7,Shipped,5.0,Asia,248.3
5521,2026-07-08 08:00:00,CUST-825,Beauty,2,79.27,15.88,Delivered,5.0,Europe,158.54
5522,2026-07-08 09:00:00,CUST-393,Electronics,2,224.17,7.82,Delivered,5.0,Europe,448.34
5523,2026-07-08 10:00:00,CUST-308,Electronics,1,64.2,11.6,Cancelled,5.0,North America,64.2
5524,2026-07-08 11:00:00,CUST-442,Home Decor,1,117.78,11.59,Delivered,5.0,Asia,117.78
5525,2026-07-08 12:00:00,CUST-187,Clothing,2,301.59,14.15,Shipped,4.0,Europe,603.18
5526,2026-07-08 13:00:00,CUST-917,Home Decor,2,488.56,17.88,Delivered,5.0,Europe,977.12
5527,2026-07-08 14:00:00,CUST-875,Electronics,2,230.1,41.67,Shipped,5.0,Europe,460.2
5528,2026-07-08 15:00:00,CUST-489,Clothing,1,346.72,46.21,Delivered,5.0,South America,346.72
5529,2026-07-08 16:00:00,CUST-424,Clothing,2,274.32,23.28,Delivered,4.0,Europe,548.64
5530,2026-07-08 17:00:00,CUST-988,Home Decor,1,254.2,10.77,Delivered,4.0,South America,254.2
5531,2026-07-08 18:00:00,CUST-931,Clothing,1,41.71,15.07,Delivered,1.0,Europe,41.71
5532,2026-07-08 19:00:00,CUST-256,Clothing,2,80.71,38.13,Delivered,5.0,South America,161.42
5533,2026-07-08 20:00:00,CUST-767,Clothing,2,442.7,35.48,Shipped,4.0,South America,885.4
5534,2026-07-08 21:00:00,CUST-750,Electronics,1,210.98,48.52,Delivered,4.0,Europe,210.98
5535,2026-07-08 22:00:00,CUST-732,Electronics,1,311.02,5.65,Cancelled,5.0,Asia,311.02
5536,2026-07-08 23:00:00,CUST-676,Clothing,2,268.83,38.78,Delivered,4.0,North America,537.66
5537,2026-07-09 00:00:00,CUST-718,Clothing,1,195.65,27.76,Delivered,5.0,North America,195.65
5538,2026-07-09 01:00:00,CUST-758,Clothing,1,200.03,45.62,Delivered,5.0,Asia,200.03
5539,2026-07-09 02:00:00,CUST-236,Clothing,1,282.18,30.93,Delivered,5.0,Europe,282.18
5540,2026-07-09 03:00:00,CUST-773,Home Decor,1,79.16,25.1,Delivered,2.0,Asia,79.16
5541,2026-07-09 04:00:00,CUST-527,Beauty,1,199.76,34.96,Shipped,4.0,Europe,199.76
5542,2026-07-09 05:00:00,CUST-551,Electronics,3,229.02,42.51,Delivered,4.0,Europe,687.06
5543,2026-07-09 06:00:00,CUST-711,Electronics,2,492.71,17.71,Delivered,5.0,Europe,985.42
5544,2026-07-09 07:00:00,CUST-949,Electronics,2,182.21,9.84,Delivered,4.0,Europe,364.42
5545,2026-07-09 08:00:00,CUST-918,Home Decor,2,325.84,24.49,Delivered,4.0,Europe,651.68
5546,2026-07-09 09:00:00,CUST-240,Clothing,2,77.33,14.65,Shipped,5.0,Asia,154.66
5547,2026-07-09 10:00:00,CUST-182,Electronics,4,42.09,24.33,Delivered,3.0,Asia,168.36
5548,2026-07-09 11:00:00,CUST-276,Home Decor,2,437.06,49.6,Delivered,5.0,North America,874.12
5549,2026-07-09 12:00:00,CUST-297,Electronics,1,368.06,30.84,Delivered,5.0,Europe,368.06
5550,2026-07-09 13:00:00,CUST-723,Home Decor,2,165.57,36.21,Delivered,3.0,Asia,331.14
5551,2026-07-09 14:00:00,CUST-667,Clothing,1,257.24,35.51,Delivered,5.0,Asia,257.24
5552,2026-07-09 15:00:00,CUST-790,Home Decor,2,76.51,41.93,Delivered,5.0,Europe,153.02
5553,2026-07-09 16:00:00,CUST-520,Electronics,2,356.51,47.49,Shipped,4.0,Europe,713.02
5554,2026-07-09 17:00:00,CUST-500,Beauty,3,44.46,34.65,Delivered,4.0,Asia,133.38
5555,2026-07-09 18:00:00,CUST-797,Home Decor,2,380.95,26.42,Delivered,5.0,Europe,761.9
5556,2026-07-09 19:00:00,CUST-570,Electronics,1,277.95,19.3,Delivered,,South America,277.95
5557,2026-07-09 20:00:00,CUST-317,Electronics,1,146.64,21.21,Delivered,5.0,Asia,146.64
5558,2026-07-09 21:00:00,CUST-927,Clothing,1,432.66,20.05,Shipped,5.0,North America,432.66
5559,2026-07-09 22:00:00,CUST-828,Beauty,1,493.18,19.6,Delivered,3.0,Europe,493.18
5560,2026-07-09 23:00:00,CUST-731,Beauty,1,134.63,36.26,Delivered,5.0,South America,134.63
5561,2026-07-10 00:00:00,CUST-274,Clothing,1,405.06,31.45,Delivered,4.0,North America,405.06
5562,2026-07-10 01:00:00,CUST-122,Beauty,1,377.58,14.09,Delivered,4.0,North America,377.58
5563,2026-07-10 02:00:00,CUST-824,Electronics,5,376.12,48.63,Shipped,5.0,North America,1880.6
5564,2026-07-10 03:00:00,CUST-334,Electronics,1,479.05,24.25,Delivered,2.0,Europe,479.05
5565,2026-07-10 04:00:00,CUST-112,Books,1,248.44,30.47,Returned,5.0,North America,248.44
5566,2026-07-10 05:00:00,CUST-200,Beauty,1,340.34,36.62,Delivered,,Asia,340.34
5567,2026-07-10 06:00:00,CUST-635,Clothing,2,413.7,32.62,Delivered,4.0,Asia,827.4
5568,2026-07-10 07:00:00,CUST-975,Beauty,1,244.97,19.0,Returned,4.0,Europe,244.97
5569,2026-07-10 08:00:00,CUST-622,Books,2,245.9,40.9,Delivered,4.0,Europe,491.8
5570,2026-07-10 09:00:00,CUST-884,Beauty,1,166.14,9.96,Delivered,5.0,North America,166.14
5571,2026-07-10 10:00:00,CUST-551,Beauty,2,392.6,30.6,Delivered,3.0,Europe,785.2
5572,2026-07-10 11:00:00,CUST-530,Beauty,3,346.24,17.3,Delivered,4.0,Asia,1038.72
5573,2026-07-10 12:00:00,CUST-892,Electronics,1,231.06,32.71,Returned,5.0,Asia,231.06
5574,2026-07-10 13:00:00,CUST-705,Beauty,1,215.47,14.81,Returned,4.0,Asia,215.47
5575,2026-07-10 14:00:00,CUST-812,Electronics,1,45.57,39.75,Cancelled,2.0,Europe,45.57
5576,2026-07-10 15:00:00,CUST-632,Beauty,3,13.19,15.24,Cancelled,5.0,Asia,39.57
5577,2026-07-10 16:00:00,CUST-951,Clothing,1,269.16,45.07,Delivered,4.0,Europe,269.16
5578,2026-07-10 17:00:00,CUST-822,Home Decor,2,214.57,43.77,Delivered,4.0,South America,429.14
5579,2026-07-10 18:00:00,CUST-751,Clothing,3,400.06,21.31,Delivered,3.0,North America,1200.18
5580,2026-07-10 19:00:00,CUST-392,Electronics,2,275.9,22.36,Delivered,5.0,South America,551.8
5581,2026-07-10 20:00:00,CUST-909,Electronics,1,468.99,36.57,Delivered,4.0,Asia,468.99
5582,2026-07-10 21:00:00,CUST-200,Books,1,106.11,9.07,Shipped,1.0,North America,106.11
5583,2026-07-10 22:00:00,CUST-601,Books,2,495.17,8.64,Returned,4.0,Asia,990.34
5584,2026-07-10 23:00:00,CUST-403,Clothing,3,155.98,11.13,Delivered,5.0,Asia,467.94
5585,2026-07-11 00:00:00,CUST-970,Books,5,324.79,30.31,Delivered,3.0,South America,1623.95
5586,2026-07-11 01:00:00,CUST-639,Beauty,4,255.91,11.71,Delivered,1.0,Asia,1023.64
5587,2026-07-11 02:00:00,CUST-652,Home Decor,3,186.19,17.49,Delivered,5.0,North America,558.57
5588,2026-07-11 03:00:00,CUST-454,Electronics,2,78.26,34.11,Delivered,4.0,Asia,156.52
5589,2026-07-11 04:00:00,CUST-402,Books,3,76.07,5.7,Delivered,,North America,228.21
5590,2026-07-11 05:00:00,CUST-595,Home Decor,1,358.64,13.11,Shipped,5.0,South America,358.64
5591,2026-07-11 06:00:00,CUST-757,Beauty,2,195.04,46.85,Delivered,3.0,Europe,390.08
5592,2026-07-11 07:00:00,CUST-867,Beauty,1,481.04,34.86,Delivered,5.0,Asia,481.04
5593,2026-07-11 08:00:00,CUST-326,Beauty,1,169.57,18.75,Delivered,1.0,South America,169.57
5594,2026-07-11 09:00:00,CUST-335,Home Decor,3,491.93,7.04,Delivered,4.0,Asia,1475.79
5595,2026-07-11 10:00:00,CUST-972,Electronics,1,110.66,31.37,Delivered,5.0,North America,110.66
5596,2026-07-11 11:00:00,CUST-991,Clothing,1,60.38,15.03,Shipped,4.0,Asia,60.38
5597,2026-07-11 12:00:00,CUST-554,Clothing,1,163.16,48.21,Returned,3.0,Europe,163.16
5598,2026-07-11 13:00:00,CUST-112,Electronics,3,443.94,35.91,Delivered,2.0,Asia,1331.82
5599,2026-07-11 14:00:00,CUST-309,Home Decor,2,265.71,48.84,Cancelled,5.0,Europe,531.42
5600,2026-07-11 15:00:00,CUST-840,Home Decor,2,76.47,43.2,Delivered,5.0,Europe,152.94
5601,2026-07-11 16:00:00,CUST-496,Beauty,1,109.22,26.74,Returned,4.0,Asia,109.22
5602,2026-07-11 17:00:00,CUST-199,Electronics,1,162.52,35.13,Delivered,3.0,South America,162.52
5603,2026-07-11 18:00:00,CUST-130,Clothing,1,299.18,41.54,Delivered,5.0,Asia,299.18
5604,2026-07-11 19:00:00,CUST-997,Electronics,1,172.87,31.02,Delivered,5.0,Europe,172.87
5605,2026-07-11 20:00:00,CUST-627,Electronics,3,376.06,7.77,Shipped,4.0,South America,1128.18
5606,2026-07-11 21:00:00,CUST-748,Electronics,1,311.98,26.17,Delivered,5.0,Europe,311.98
5607,2026-07-11 22:00:00,CUST-428,Home Decor,1,438.17,10.88,Delivered,3.0,Europe,438.17
5608,2026-07-11 23:00:00,CUST-265,Electronics,1,255.47,37.17,Delivered,5.0,Asia,255.47
5609,2026-07-12 00:00:00,CUST-558,Home Decor,1,172.28,35.63,Delivered,5.0,North America,172.28
5610,2026-07-12 01:00:00,CUST-921,Electronics,1,498.17,49.68,Delivered,1.0,Asia,498.17
5611,2026-07-12 02:00:00,CUST-199,Beauty,2,184.26,33.3,Delivered,5.0,North America,368.52
5612,2026-07-12 03:00:00,CUST-720,Beauty,2,220.02,41.01,Delivered,5.0,North America,440.04
5613,2026-07-12 04:00:00,CUST-954,Books,3,406.47,17.07,Delivered,5.0,Asia,1219.41
5614,2026-07-12 05:00:00,CUST-272,Beauty,2,53.43,20.3,Delivered,4.0,North America,106.86
5615,2026-07-12 06:00:00,CUST-848,Books,1,199.38,46.27,Delivered,5.0,Europe,199.38
5616,2026-07-12 07:00:00,CUST-261,Beauty,2,52.0,38.98,Delivered,4.0,South America,104.0
5617,2026-07-12 08:00:00,CUST-827,Home Decor,2,78.26,34.49,Delivered,4.0,Asia,156.52
5618,2026-07-12 09:00:00,CUST-875,Electronics,1,12.27,16.43,Delivered,4.0,North America,12.27
5619,2026-07-12 10:00:00,CUST-362,Electronics,2,14.68,36.44,Delivered,5.0,Europe,29.36
5620,2026-07-12 11:00:00,CUST-903,Electronics,4,196.34,44.9,Delivered,3.0,South America,785.36
5621,2026-07-12 12:00:00,CUST-373,Home Decor,1,406.49,15.39,Delivered,5.0,North America,406.49
5622,2026-07-12 13:00:00,CUST-102,Clothing,2,297.63,36.78,Delivered,4.0,North America,595.26
5623,2026-07-12 14:00:00,CUST-127,Beauty,3,321.11,22.72,Delivered,5.0,Europe,963.33
5624,2026-07-12 15:00:00,CUST-425,Books,2,264.43,10.34,Delivered,4.0,South America,528.86
5625,2026-07-12 16:00:00,CUST-248,Clothing,2,411.7,39.36,Delivered,3.0,South America,823.4
5626,2026-07-12 17:00:00,CUST-639,Clothing,1,441.39,12.52,Delivered,5.0,Europe,441.39
5627,2026-07-12 18:00:00,CUST-587,Books,1,426.37,16.38,Delivered,5.0,South America,426.37
5628,2026-07-12 19:00:00,CUST-921,Electronics,2,407.94,40.23,Delivered,4.0,Asia,815.88
5629,2026-07-12 20:00:00,CUST-537,Beauty,2,99.53,38.4,Delivered,5.0,South America,199.06
5630,2026-07-12 21:00:00,CUST-164,Electronics,4,301.0,16.44,Cancelled,2.0,North America,1204.0
5631,2026-07-12 22:00:00,CUST-455,Home Decor,1,295.26,47.34,Delivered,5.0,South America,295.26
5632,2026-07-12 23:00:00,CUST-632,Electronics,1,268.69,14.69,Delivered,4.0,Asia,268.69
5633,2026-07-13 00:00:00,CUST-351,Beauty,1,245.6,49.71,Delivered,3.0,Asia,245.6
5634,2026-07-13 01:00:00,CUST-334,Home Decor,1,53.69,38.21,Delivered,5.0,North America,53.69
5635,2026-07-13 02:00:00,CUST-326,Electronics,1,60.06,22.66,Delivered,4.0,North America,60.06
5636,2026-07-13 03:00:00,CUST-624,Electronics,1,452.12,10.87,Delivered,5.0,Asia,452.12
5637,2026-07-13 04:00:00,CUST-412,Clothing,1,318.79,19.42,Delivered,2.0,Europe,318.79
5638,2026-07-13 05:00:00,CUST-148,Books,1,138.54,13.72,Shipped,2.0,Asia,138.54
5639,2026-07-13 06:00:00,CUST-217,Beauty,1,146.86,32.98,Delivered,4.0,South America,146.86
5640,2026-07-13 07:00:00,CUST-153,Clothing,5,309.0,21.06,Delivered,4.0,North America,1545.0
5641,2026-07-13 08:00:00,CUST-749,Clothing,3,209.4,18.28,Delivered,1.0,Europe,628.2
5642,2026-07-13 09:00:00,CUST-664,Clothing,1,226.25,39.07,Delivered,3.0,Asia,226.25
5643,2026-07-13 10:00:00,CUST-143,Home Decor,3,39.72,15.38,Delivered,4.0,North America,119.16
5644,2026-07-13 11:00:00,CUST-914,Beauty,2,77.98,31.41,Delivered,4.0,South America,155.96
5645,2026-07-13 12:00:00,CUST-152,Clothing,3,202.74,13.76,Delivered,5.0,Europe,608.22
5646,2026-07-13 13:00:00,CUST-685,Home Decor,1,352.85,37.17,Delivered,4.0,Europe,352.85
5647,2026-07-13 14:00:00,CUST-657,Home Decor,1,33.53,33.13,Delivered,5.0,Europe,33.53
5648,2026-07-13 15:00:00,CUST-624,Books,3,173.93,40.92,Delivered,1.0,South America,521.79
5649,2026-07-13 16:00:00,CUST-776,Books,1,350.59,8.08,Delivered,5.0,North America,350.59
5650,2026-07-13 17:00:00,CUST-201,Beauty,4,398.1,14.45,Returned,4.0,Asia,1592.4
5651,2026-07-13 18:00:00,CUST-891,Home Decor,3,103.21,11.95,Cancelled,4.0,North America,309.63
5652,2026-07-13 19:00:00,CUST-869,Electronics,5,368.43,13.58,Delivered,1.0,South America,1842.15
5653,2026-07-13 20:00:00,CUST-948,Beauty,1,478.15,9.64,Delivered,4.0,North America,478.15
5654,2026-07-13 21:00:00,CUST-967,Clothing,1,454.34,30.29,Delivered,5.0,Europe,454.34
5655,2026-07-13 22:00:00,CUST-497,Electronics,1,396.79,31.7,Delivered,4.0,Asia,396.79
5656,2026-07-13 23:00:00,CUST-237,Clothing,4,359.04,42.96,Delivered,5.0,South America,1436.16
5657,2026-07-14 00:00:00,CUST-774,Beauty,1,125.22,23.8,Delivered,5.0,Europe,125.22
5658,2026-07-14 01:00:00,CUST-486,Electronics,2,320.61,28.96,Delivered,2.0,North America,641.22
5659,2026-07-14 02:00:00,CUST-210,Clothing,1,325.2,49.61,Delivered,4.0,Europe,325.2
5660,2026-07-14 03:00:00,CUST-713,Clothing,1,209.34,28.93,Delivered,5.0,North America,209.34
5661,2026-07-14 04:00:00,CUST-116,Electronics,1,251.58,30.81,Delivered,1.0,North America,251.58
5662,2026-07-14 05:00:00,CUST-879,Electronics,2,350.07,49.82,Delivered,5.0,South America,700.14
5663,2026-07-14 06:00:00,CUST-281,Beauty,3,476.53,49.74,Delivered,5.0,North America,1429.59
5664,2026-07-14 07:00:00,CUST-983,Beauty,1,154.7,24.08,Delivered,5.0,Europe,154.7
5665,2026-07-14 08:00:00,CUST-635,Electronics,3,130.72,33.57,Delivered,5.0,South America,392.16
5666,2026-07-14 09:00:00,CUST-640,Beauty,2,304.89,26.64,Delivered,5.0,Asia,609.78
5667,2026-07-14 10:00:00,CUST-270,Beauty,2,74.09,37.43,Shipped,5.0,South America,148.18
5668,2026-07-14 11:00:00,CUST-508,Clothing,2,295.44,47.23,Delivered,4.0,Europe,590.88
5669,2026-07-14 12:00:00,CUST-839,Home Decor,1,53.54,18.93,Delivered,2.0,North America,53.54
5670,2026-07-14 13:00:00,CUST-477,Books,1,250.39,41.85,Delivered,5.0,South America,250.39
5671,2026-07-14 14:00:00,CUST-287,Clothing,3,314.0,34.47,Cancelled,5.0,South America,942.0
5672,2026-07-14 15:00:00,CUST-957,Electronics,1,44.35,17.61,Delivered,5.0,South America,44.35
5673,2026-07-14 16:00:00,CUST-329,Books,1,111.41,40.88,Delivered,5.0,Europe,111.41
5674,2026-07-14 17:00:00,CUST-932,Home Decor,1,174.33,24.22,Delivered,4.0,North America,174.33
5675,2026-07-14 18:00:00,CUST-951,Electronics,2,190.61,10.42,Cancelled,5.0,Asia,381.22
5676,2026-07-14 19:00:00,CUST-218,Home Decor,1,341.29,49.7,Delivered,1.0,Asia,341.29
5677,2026-07-14 20:00:00,CUST-255,Clothing,2,269.22,24.15,Delivered,5.0,North America,538.44
5678,2026-07-14 21:00:00,CUST-883,Beauty,1,197.23,29.37,Delivered,5.0,Asia,197.23
5679,2026-07-14 22:00:00,CUST-786,Clothing,5,230.83,41.36,Delivered,3.0,North America,1154.15
5680,2026-07-14 23:00:00,CUST-564,Electronics,1,16.36,48.24,Delivered,5.0,South America,16.36
5681,2026-07-15 00:00:00,CUST-203,Home Decor,2,387.56,44.28,Delivered,5.0,South America,775.12
5682,2026-07-15 01:00:00,CUST-703,Clothing,2,30.09,28.63,Delivered,5.0,Europe,60.18
5683,2026-07-15 02:00:00,CUST-797,Electronics,3,416.37,29.56,Delivered,4.0,South America,1249.11
5684,2026-07-15 03:00:00,CUST-894,Home Decor,1,275.09,17.64,Delivered,4.0,Europe,275.09
5685,2026-07-15 04:00:00,CUST-601,Beauty,3,268.63,25.83,Delivered,5.0,Asia,805.89
5686,2026-07-15 05:00:00,CUST-792,Electronics,1,355.24,47.61,Delivered,4.0,Asia,355.24
5687,2026-07-15 06:00:00,CUST-781,Home Decor,1,431.18,37.71,Delivered,2.0,South America,431.18
5688,2026-07-15 07:00:00,CUST-798,Clothing,2,471.9,5.53,Delivered,5.0,North America,943.8
5689,2026-07-15 08:00:00,CUST-274,Electronics,3,276.25,10.24,Delivered,5.0,Asia,828.75
5690,2026-07-15 09:00:00,CUST-833,Clothing,2,83.82,46.57,Delivered,4.0,Asia,167.64
5691,2026-07-15 10:00:00,CUST-844,Clothing,3,440.53,43.19,Cancelled,1.0,Asia,1321.59
5692,2026-07-15 11:00:00,CUST-773,Beauty,1,29.93,26.88,Shipped,5.0,North America,29.93
5693,2026-07-15 12:00:00,CUST-520,Electronics,4,405.6,32.76,Delivered,5.0,South America,1622.4
5694,2026-07-15 13:00:00,CUST-233,Home Decor,1,343.41,18.03,Delivered,4.0,Europe,343.41
5695,2026-07-15 14:00:00,CUST-490,Electronics,2,453.32,40.68,Cancelled,2.0,North America,906.64
5696,2026-07-15 15:00:00,CUST-835,Books,2,449.76,32.15,Delivered,5.0,North America,899.52
5697,2026-07-15 16:00:00,CUST-600,Home Decor,1,36.05,36.27,Delivered,4.0,Asia,36.05
5698,2026-07-15 17:00:00,CUST-764,Home Decor,1,308.63,21.87,Delivered,3.0,Europe,308.63
5699,2026-07-15 18:00:00,CUST-132,Electronics,2,71.09,24.37,Delivered,5.0,North America,142.18
5700,2026-07-15 19:00:00,CUST-154,Clothing,1,48.45,14.35,Cancelled,4.0,Asia,48.45
5701,2026-07-15 20:00:00,CUST-618,Electronics,1,229.66,47.66,Shipped,5.0,North America,229.66
5702,2026-07-15 21:00:00,CUST-855,Books,1,57.82,47.6,Delivered,5.0,Asia,57.82
5703,2026-07-15 22:00:00,CUST-924,Clothing,2,366.67,41.8,Delivered,4.0,Europe,733.34
5704,2026-07-15 23:00:00,CUST-737,Home Decor,1,484.78,47.1,Delivered,5.0,Europe,484.78
5705,2026-07-16 00:00:00,CUST-111,Home Decor,1,289.1,34.94,Delivered,5.0,Asia,289.1
5706,2026-07-16 01:00:00,CUST-627,Clothing,1,125.23,15.56,Delivered,5.0,South America,125.23
5707,2026-07-16 02:00:00,CUST-819,Home Decor,1,423.17,39.21,Returned,2.0,North America,423.17
5708,2026-07-16 03:00:00,CUST-654,Home Decor,3,428.02,19.64,Delivered,5.0,South America,1284.06
5709,2026-07-16 04:00:00,CUST-472,Home Decor,4,369.07,24.82,Delivered,5.0,North America,1476.28
5710,2026-07-16 05:00:00,CUST-583,Clothing,1,311.41,17.35,Delivered,4.0,Europe,311.41
5711,2026-07-16 06:00:00,CUST-746,Clothing,2,435.22,24.06,Returned,5.0,North America,870.44
5712,2026-07-16 07:00:00,CUST-327,Electronics,2,90.01,35.57,Delivered,4.0,Asia,180.02
5713,2026-07-16 08:00:00,CUST-722,Beauty,2,466.48,9.98,Delivered,1.0,Asia,932.96
5714,2026-07-16 09:00:00,CUST-406,Home Decor,2,474.13,9.73,Delivered,4.0,Asia,948.26
5715,2026-07-16 10:00:00,CUST-556,Clothing,1,437.28,35.77,Delivered,3.0,South America,437.28
5716,2026-07-16 11:00:00,CUST-259,Books,1,132.82,40.08,Delivered,3.0,Europe,132.82
5717,2026-07-16 12:00:00,CUST-430,Electronics,1,430.51,29.82,Cancelled,4.0,Europe,430.51
5718,2026-07-16 13:00:00,CUST-875,Beauty,1,253.84,13.17,Delivered,5.0,Europe,253.84
5719,2026-07-16 14:00:00,CUST-324,Books,2,301.52,24.38,Delivered,5.0,Asia,603.04
5720,2026-07-16 15:00:00,CUST-828,Beauty,1,421.89,39.12,Shipped,5.0,Europe,421.89
5721,2026-07-16 16:00:00,CUST-603,Beauty,1,24.5,35.86,Delivered,4.0,South America,24.5
5722,2026-07-16 17:00:00,CUST-555,Clothing,1,187.84,9.94,Delivered,5.0,South America,187.84
5723,2026-07-16 18:00:00,CUST-144,Electronics,3,409.69,48.61,Delivered,5.0,South America,1229.07
5724,2026-07-16 19:00:00,CUST-313,Home Decor,3,408.84,15.05,Cancelled,5.0,Asia,1226.52
5725,2026-07-16 20:00:00,CUST-158,Clothing,2,425.86,14.92,Delivered,3.0,North America,851.72
5726,2026-07-16 21:00:00,CUST-743,Electronics,1,92.92,25.69,Delivered,4.0,Europe,92.92
5727,2026-07-16 22:00:00,CUST-715,Beauty,2,355.88,19.73,Delivered,5.0,South America,711.76
5728,2026-07-16 23:00:00,CUST-294,Clothing,1,81.79,49.28,Delivered,3.0,North America,81.79
5729,2026-07-17 00:00:00,CUST-588,Books,1,394.7,8.44,Delivered,4.0,North America,394.7
5730,2026-07-17 01:00:00,CUST-256,Beauty,1,130.11,18.79,Delivered,4.0,South America,130.11
5731,2026-07-17 02:00:00,CUST-709,Beauty,2,371.53,22.22,Delivered,5.0,South America,743.06
5732,2026-07-17 03:00:00,CUST-325,Beauty,2,232.95,27.21,Delivered,,Europe,465.9
5733,2026-07-17 04:00:00,CUST-511,Beauty,4,493.27,5.74,Cancelled,5.0,Europe,1973.08
5734,2026-07-17 05:00:00,CUST-304,Beauty,3,294.15,8.71,Shipped,3.0,North America,882.45
5735,2026-07-17 06:00:00,CUST-178,Home Decor,1,319.96,16.6,Delivered,5.0,North America,319.96
5736,2026-07-17 07:00:00,CUST-223,Electronics,1,190.4,29.93,Delivered,5.0,North America,190.4
5737,2026-07-17 08:00:00,CUST-570,Beauty,1,369.91,39.55,Delivered,1.0,Asia,369.91
5738,2026-07-17 09:00:00,CUST-317,Beauty,2,252.49,35.89,Shipped,5.0,North America,504.98
5739,2026-07-17 10:00:00,CUST-615,Clothing,2,18.85,30.52,Delivered,5.0,Asia,37.7
5740,2026-07-17 11:00:00,CUST-701,Electronics,5,308.2,22.88,Shipped,4.0,Europe,1541.0
5741,2026-07-17 12:00:00,CUST-203,Home Decor,2,416.93,44.18,Delivered,3.0,North America,833.86
5742,2026-07-17 13:00:00,CUST-492,Electronics,3,126.03,25.69,Delivered,4.0,Europe,378.09
5743,2026-07-17 14:00:00,CUST-730,Books,2,118.32,18.47,Delivered,5.0,North America,236.64
5744,2026-07-17 15:00:00,CUST-744,Books,3,308.35,33.32,Delivered,3.0,Europe,925.05
5745,2026-07-17 16:00:00,CUST-923,Electronics,2,410.81,36.15,Delivered,4.0,North America,821.62
5746,2026-07-17 17:00:00,CUST-707,Home Decor,2,132.31,22.93,Delivered,4.0,Asia,264.62
5747,2026-07-17 18:00:00,CUST-533,Electronics,2,466.81,6.27,Delivered,1.0,South America,933.62
5748,2026-07-17 19:00:00,CUST-430,Home Decor,2,464.42,9.24,Delivered,4.0,Europe,928.84
5749,2026-07-17 20:00:00,CUST-242,Clothing,1,108.26,43.05,Delivered,,Europe,108.26
5750,2026-07-17 21:00:00,CUST-899,Home Decor,1,139.25,7.54,Delivered,4.0,South America,139.25
5751,2026-07-17 22:00:00,CUST-639,Clothing,1,353.29,31.64,Delivered,5.0,North America,353.29
5752,2026-07-17 23:00:00,CUST-377,Electronics,1,476.35,13.27,Cancelled,5.0,Asia,476.35
5753,2026-07-18 00:00:00,CUST-332,Clothing,2,357.84,15.3,Delivered,4.0,Asia,715.68
5754,2026-07-18 01:00:00,CUST-628,Electronics,1,228.0,17.3,Delivered,5.0,Asia,228.0
5755,2026-07-18 02:00:00,CUST-670,Home Decor,1,92.81,6.72,Delivered,5.0,North America,92.81
5756,2026-07-18 03:00:00,CUST-189,Electronics,1,235.89,12.98,Delivered,5.0,Europe,235.89
5757,2026-07-18 04:00:00,CUST-591,Clothing,2,307.32,34.27,Delivered,2.0,North America,614.64
5758,2026-07-18 05:00:00,CUST-298,Beauty,1,172.17,27.44,Cancelled,2.0,Asia,172.17
5759,2026-07-18 06:00:00,CUST-461,Beauty,1,260.03,40.88,Delivered,5.0,South America,260.03
5760,2026-07-18 07:00:00,CUST-540,Beauty,1,73.8,7.76,Delivered,4.0,Asia,73.8
5761,2026-07-18 08:00:00,CUST-125,Books,1,231.57,45.0,Delivered,5.0,Europe,231.57
5762,2026-07-18 09:00:00,CUST-124,Electronics,3,54.48,49.84,Delivered,5.0,North America,163.44
5763,2026-07-18 10:00:00,CUST-493,Electronics,1,34.05,5.71,Cancelled,3.0,North America,34.05
5764,2026-07-18 11:00:00,CUST-606,Home Decor,2,430.05,48.54,Delivered,5.0,Asia,860.1
5765,2026-07-18 12:00:00,CUST-400,Beauty,2,110.49,15.61,Delivered,5.0,Europe,220.98
5766,2026-07-18 13:00:00,CUST-438,Books,5,291.83,36.16,Delivered,4.0,Europe,1459.15
5767,2026-07-18 14:00:00,CUST-366,Electronics,1,83.0,18.16,Delivered,5.0,South America,83.0
5768,2026-07-18 15:00:00,CUST-560,Clothing,1,138.64,28.48,Delivered,2.0,Asia,138.64
5769,2026-07-18 16:00:00,CUST-792,Electronics,1,187.06,27.97,Delivered,5.0,South America,187.06
5770,2026-07-18 17:00:00,CUST-555,Beauty,1,80.4,21.25,Delivered,5.0,North America,80.4
5771,2026-07-18 18:00:00,CUST-459,Home Decor,2,32.52,37.29,Delivered,5.0,North America,65.04
5772,2026-07-18 19:00:00,CUST-167,Electronics,1,439.81,31.98,Shipped,4.0,Europe,439.81
5773,2026-07-18 20:00:00,CUST-962,Clothing,1,15.8,27.87,Delivered,4.0,South America,15.8
5774,2026-07-18 21:00:00,CUST-511,Home Decor,3,40.05,49.23,Delivered,5.0,Europe,120.15
5775,2026-07-18 22:00:00,CUST-590,Beauty,2,404.49,47.3,Delivered,4.0,Asia,808.98
5776,2026-07-18 23:00:00,CUST-932,Electronics,1,148.18,47.99,Delivered,5.0,Europe,148.18
5777,2026-07-19 00:00:00,CUST-148,Beauty,1,364.18,44.66,Delivered,5.0,North America,364.18
5778,2026-07-19 01:00:00,CUST-786,Home Decor,1,81.65,16.48,Delivered,4.0,North America,81.65
5779,2026-07-19 02:00:00,CUST-663,Beauty,4,126.27,20.75,Shipped,4.0,Europe,505.08
5780,2026-07-19 03:00:00,CUST-201,Beauty,3,290.66,15.4,Cancelled,5.0,Asia,871.98
5781,2026-07-19 04:00:00,CUST-315,Electronics,3,494.43,49.38,Shipped,5.0,South America,1483.29
5782,2026-07-19 05:00:00,CUST-537,Electronics,4,45.99,11.87,Delivered,4.0,North America,183.96
5783,2026-07-19 06:00:00,CUST-799,Home Decor,2,206.27,21.49,Delivered,5.0,North America,412.54
5784,2026-07-19 07:00:00,CUST-668,Electronics,1,31.11,13.96,Returned,5.0,Asia,31.11
5785,2026-07-19 08:00:00,CUST-658,Beauty,1,107.62,15.06,Delivered,2.0,Europe,107.62
5786,2026-07-19 09:00:00,CUST-258,Home Decor,2,454.66,16.12,Delivered,,North America,909.32
5787,2026-07-19 10:00:00,CUST-588,Beauty,3,57.27,33.79,Delivered,,North America,171.81
5788,2026-07-19 11:00:00,CUST-785,Electronics,1,429.86,8.42,Delivered,4.0,Asia,429.86
5789,2026-07-19 12:00:00,CUST-341,Clothing,2,97.12,30.76,Delivered,5.0,Europe,194.24
5790,2026-07-19 13:00:00,CUST-893,Home Decor,4,432.27,41.87,Shipped,5.0,Asia,1729.08
5791,2026-07-19 14:00:00,CUST-852,Electronics,1,273.63,39.49,Delivered,2.0,Asia,273.63
5792,2026-07-19 15:00:00,CUST-981,Home Decor,3,440.32,11.8,Delivered,5.0,Europe,1320.96
5793,2026-07-19 16:00:00,CUST-104,Beauty,1,84.33,46.16,Delivered,4.0,North America,84.33
5794,2026-07-19 17:00:00,CUST-695,Clothing,1,383.4,39.65,Delivered,4.0,South America,383.4
5795,2026-07-19 18:00:00,CUST-919,Beauty,1,343.54,5.24,Delivered,4.0,South America,343.54
5796,2026-07-19 19:00:00,CUST-460,Electronics,2,276.04,38.18,Delivered,5.0,South America,552.08
5797,2026-07-19 20:00:00,CUST-558,Clothing,2,407.19,38.18,Delivered,3.0,Asia,814.38
5798,2026-07-19 21:00:00,CUST-347,Books,1,327.66,27.36,Delivered,,North America,327.66
5799,2026-07-19 22:00:00,CUST-665,Books,3,439.75,7.07,Delivered,5.0,North America,1319.25
5800,2026-07-19 23:00:00,CUST-772,Clothing,2,196.72,31.1,Delivered,5.0,North America,393.44
5801,2026-07-20 00:00:00,CUST-521,Books,2,299.06,39.46,Delivered,4.0,North America,598.12
5802,2026-07-20 01:00:00,CUST-837,Clothing,1,436.59,17.19,Delivered,1.0,Asia,436.59
5803,2026-07-20 02:00:00,CUST-114,Electronics,3,115.26,35.02,Delivered,5.0,South America,345.78
5804,2026-07-20 03:00:00,CUST-835,Electronics,1,248.01,20.93,Delivered,5.0,South America,248.01
5805,2026-07-20 04:00:00,CUST-672,Books,1,480.76,30.82,Delivered,5.0,Europe,480.76
5806,2026-07-20 05:00:00,CUST-221,Electronics,1,242.06,22.31,Delivered,4.0,North America,242.06
5807,2026-07-20 06:00:00,CUST-376,Home Decor,1,133.89,18.67,Delivered,3.0,South America,133.89
5808,2026-07-20 07:00:00,CUST-657,Home Decor,3,182.03,43.52,Delivered,5.0,South America,546.09
5809,2026-07-20 08:00:00,CUST-552,Home Decor,1,443.69,38.92,Delivered,5.0,North America,443.69
5810,2026-07-20 09:00:00,CUST-489,Clothing,1,477.89,20.55,Delivered,5.0,North America,477.89
5811,2026-07-20 10:00:00,CUST-393,Electronics,3,475.55,24.56,Cancelled,5.0,South America,1426.65
5812,2026-07-20 11:00:00,CUST-673,Electronics,2,352.48,36.13,Delivered,5.0,Europe,704.96
5813,2026-07-20 12:00:00,CUST-697,Home Decor,3,259.7,41.5,Delivered,3.0,North America,779.1
5814,2026-07-20 13:00:00,CUST-545,Home Decor,1,99.52,35.8,Delivered,5.0,South America,99.52
5815,2026-07-20 14:00:00,CUST-309,Home Decor,2,70.38,29.34,Delivered,4.0,Europe,140.76
5816,2026-07-20 15:00:00,CUST-689,Home Decor,1,39.29,47.95,Delivered,4.0,Asia,39.29
5817,2026-07-20 16:00:00,CUST-813,Electronics,5,18.68,39.84,Delivered,5.0,Europe,93.4
5818,2026-07-20 17:00:00,CUST-401,Beauty,2,440.28,10.2,Delivered,5.0,North America,880.56
5819,2026-07-20 18:00:00,CUST-322,Home Decor,2,406.45,30.12,Delivered,,Asia,812.9
5820,2026-07-20 19:00:00,CUST-833,Electronics,1,288.23,23.43,Delivered,4.0,Europe,288.23
5821,2026-07-20 20:00:00,CUST-102,Clothing,1,499.37,40.77,Delivered,,South America,499.37
5822,2026-07-20 21:00:00,CUST-617,Beauty,1,477.0,7.01,Delivered,3.0,North America,477.0
5823,2026-07-20 22:00:00,CUST-192,Beauty,1,331.0,23.48,Delivered,5.0,Asia,331.0
5824,2026-07-20 23:00:00,CUST-619,Electronics,1,237.64,19.32,Delivered,5.0,South America,237.64
5825,2026-07-21 00:00:00,CUST-527,Home Decor,2,84.56,11.35,Delivered,4.0,Asia,169.12
5826,2026-07-21 01:00:00,CUST-592,Electronics,1,262.64,22.05,Delivered,4.0,Europe,262.64
5827,2026-07-21 02:00:00,CUST-334,Electronics,3,87.29,35.28,Delivered,4.0,South America,261.87
5828,2026-07-21 03:00:00,CUST-719,Home Decor,1,205.24,21.28,Delivered,2.0,North America,205.24
5829,2026-07-21 04:00:00,CUST-260,Home Decor,1,471.9,31.1,Delivered,4.0,South America,471.9
5830,2026-07-21 05:00:00,CUST-820,Beauty,3,177.57,31.68,Delivered,5.0,Europe,532.71
5831,2026-07-21 06:00:00,CUST-851,Clothing,2,84.87,31.42,Shipped,5.0,Asia,169.74
5832,2026-07-21 07:00:00,CUST-430,Electronics,1,295.37,28.83,Cancelled,5.0,South America,295.37
5833,2026-07-21 08:00:00,CUST-432,Clothing,1,305.16,10.26,Shipped,5.0,Asia,305.16
5834,2026-07-21 09:00:00,CUST-149,Electronics,2,104.96,14.83,Delivered,5.0,North America,209.92
5835,2026-07-21 10:00:00,CUST-622,Electronics,1,106.33,41.0,Returned,4.0,South America,106.33
5836,2026-07-21 11:00:00,CUST-962,Clothing,1,494.88,27.61,Delivered,2.0,Asia,494.88
5837,2026-07-21 12:00:00,CUST-767,Clothing,2,129.21,36.77,Delivered,5.0,North America,258.42
5838,2026-07-21 13:00:00,CUST-591,Electronics,1,420.71,30.65,Cancelled,4.0,Europe,420.71
5839,2026-07-21 14:00:00,CUST-681,Home Decor,1,240.46,6.74,Shipped,5.0,South America,240.46
5840,2026-07-21 15:00:00,CUST-780,Electronics,4,223.14,40.83,Delivered,4.0,South America,892.56
5841,2026-07-21 16:00:00,CUST-371,Electronics,3,154.53,7.89,Shipped,5.0,South America,463.59
5842,2026-07-21 17:00:00,CUST-679,Home Decor,1,389.17,47.44,Delivered,4.0,Asia,389.17
5843,2026-07-21 18:00:00,CUST-966,Electronics,2,441.52,14.69,Delivered,4.0,Asia,883.04
5844,2026-07-21 19:00:00,CUST-351,Home Decor,1,137.95,28.06,Delivered,5.0,North America,137.95
5845,2026-07-21 20:00:00,CUST-659,Electronics,3,56.6,7.86,Returned,4.0,South America,169.8
5846,2026-07-21 21:00:00,CUST-795,Clothing,2,77.09,45.27,Delivered,5.0,North America,154.18
5847,2026-07-21 22:00:00,CUST-931,Electronics,1,398.47,49.1,Shipped,1.0,South America,398.47
5848,2026-07-21 23:00:00,CUST-798,Electronics,1,223.56,11.58,Delivered,5.0,Europe,223.56
5849,2026-07-22 00:00:00,CUST-189,Home Decor,1,74.64,18.31,Delivered,2.0,South America,74.64
5850,2026-07-22 01:00:00,CUST-545,Books,2,176.74,5.71,Delivered,3.0,North America,353.48
5851,2026-07-22 02:00:00,CUST-431,Electronics,2,261.98,40.41,Delivered,5.0,Asia,523.96
5852,2026-07-22 03:00:00,CUST-238,Clothing,1,427.51,19.02,Delivered,4.0,Europe,427.51
5853,2026-07-22 04:00:00,CUST-456,Home Decor,1,324.45,31.5,Delivered,4.0,Europe,324.45
5854,2026-07-22 05:00:00,CUST-700,Clothing,1,96.26,6.76,Delivered,5.0,South America,96.26
5855,2026-07-22 06:00:00,CUST-373,Beauty,1,87.76,37.2,Delivered,5.0,Europe,87.76
5856,2026-07-22 07:00:00,CUST-118,Electronics,1,212.04,28.82,Delivered,4.0,North America,212.04
5857,2026-07-22 08:00:00,CUST-410,Books,2,46.84,37.62,Delivered,4.0,North America,93.68
5858,2026-07-22 09:00:00,CUST-969,Clothing,2,380.23,40.53,Delivered,5.0,South America,760.46
5859,2026-07-22 10:00:00,CUST-985,Clothing,4,206.71,9.02,Delivered,5.0,Asia,826.84
5860,2026-07-22 11:00:00,CUST-253,Beauty,4,178.08,31.01,Shipped,5.0,Europe,712.32
5861,2026-07-22 12:00:00,CUST-489,Home Decor,2,259.46,34.25,Cancelled,4.0,Europe,518.92
5862,2026-07-22 13:00:00,CUST-359,Clothing,2,357.39,28.25,Delivered,5.0,South America,714.78
5863,2026-07-22 14:00:00,CUST-719,Home Decor,4,288.98,13.21,Delivered,3.0,Europe,1155.92
5864,2026-07-22 15:00:00,CUST-982,Home Decor,1,403.18,40.8,Delivered,4.0,Asia,403.18
5865,2026-07-22 16:00:00,CUST-896,Electronics,1,318.39,49.89,Delivered,1.0,South America,318.39
5866,2026-07-22 17:00:00,CUST-670,Home Decor,1,396.11,48.62,Delivered,4.0,North America,396.11
5867,2026-07-22 18:00:00,CUST-224,Electronics,2,351.42,39.99,Delivered,5.0,Europe,702.84
5868,2026-07-22 19:00:00,CUST-453,Beauty,3,104.63,23.81,Delivered,3.0,South America,313.89
5869,2026-07-22 20:00:00,CUST-372,Books,1,35.65,20.18,Delivered,5.0,North America,35.65
5870,2026-07-22 21:00:00,CUST-718,Clothing,2,452.66,8.08,Delivered,5.0,North America,905.32
5871,2026-07-22 22:00:00,CUST-910,Clothing,2,473.37,23.73,Shipped,,North America,946.74
5872,2026-07-22 23:00:00,CUST-344,Electronics,1,366.2,12.02,Delivered,5.0,South America,366.2
5873,2026-07-23 00:00:00,CUST-947,Electronics,1,364.86,16.45,Delivered,5.0,South America,364.86
5874,2026-07-23 01:00:00,CUST-549,Books,1,142.37,45.13,Delivered,5.0,North America,142.37
5875,2026-07-23 02:00:00,CUST-346,Electronics,1,275.8,48.58,Delivered,4.0,North America,275.8
5876,2026-07-23 03:00:00,CUST-619,Clothing,3,496.2,47.69,Delivered,4.0,South America,1488.6
5877,2026-07-23 04:00:00,CUST-240,Beauty,3,429.51,13.7,Delivered,2.0,South America,1288.53
5878,2026-07-23 05:00:00,CUST-461,Beauty,3,159.15,45.54,Delivered,4.0,Asia,477.45
5879,2026-07-23 06:00:00,CUST-107,Clothing,2,157.51,11.37,Delivered,2.0,North America,315.02
5880,2026-07-23 07:00:00,CUST-577,Home Decor,3,246.95,27.84,Delivered,5.0,Europe,740.85
5881,2026-07-23 08:00:00,CUST-451,Home Decor,2,208.25,33.96,Delivered,4.0,Europe,416.5
5882,2026-07-23 09:00:00,CUST-594,Books,2,191.86,25.81,Delivered,4.0,South America,383.72
5883,2026-07-23 10:00:00,CUST-705,Home Decor,2,317.22,47.83,Delivered,4.0,Europe,634.44
5884,2026-07-23 11:00:00,CUST-932,Home Decor,2,15.63,19.99,Delivered,4.0,South America,31.26
5885,2026-07-23 12:00:00,CUST-526,Electronics,1,384.04,28.73,Delivered,4.0,Asia,384.04
5886,2026-07-23 13:00:00,CUST-138,Electronics,2,372.63,8.4,Delivered,4.0,South America,745.26
5887,2026-07-23 14:00:00,CUST-692,Home Decor,1,416.86,43.35,Delivered,5.0,North America,416.86
5888,2026-07-23 15:00:00,CUST-286,Books,2,422.31,23.6,Returned,5.0,South America,844.62
5889,2026-07-23 16:00:00,CUST-695,Beauty,1,287.54,36.52,Delivered,4.0,Europe,287.54
5890,2026-07-23 17:00:00,CUST-699,Books,1,392.24,35.7,Shipped,5.0,Europe,392.24
5891,2026-07-23 18:00:00,CUST-853,Clothing,5,251.27,35.43,Delivered,5.0,Europe,1256.35
5892,2026-07-23 19:00:00,CUST-953,Beauty,1,476.25,27.81,Delivered,2.0,North America,476.25
5893,2026-07-23 20:00:00,CUST-192,Beauty,1,103.44,17.49,Returned,3.0,South America,103.44
5894,2026-07-23 21:00:00,CUST-185,Home Decor,1,458.65,33.13,Delivered,2.0,South America,458.65
5895,2026-07-23 22:00:00,CUST-143,Clothing,3,136.68,48.28,Delivered,4.0,Europe,410.04
5896,2026-07-23 23:00:00,CUST-236,Clothing,2,60.33,42.53,Delivered,4.0,North America,120.66
5897,2026-07-24 00:00:00,CUST-520,Beauty,2,225.16,9.89,Returned,5.0,Europe,450.32
5898,2026-07-24 01:00:00,CUST-173,Electronics,3,311.31,6.04,Delivered,5.0,Europe,933.93
5899,2026-07-24 02:00:00,CUST-647,Books,1,123.19,27.45,Delivered,1.0,North America,123.19
5900,2026-07-24 03:00:00,CUST-712,Electronics,1,282.34,39.91,Delivered,4.0,Europe,282.34
5901,2026-07-24 04:00:00,CUST-611,Home Decor,1,405.87,19.13,Cancelled,4.0,Asia,405.87
5902,2026-07-24 05:00:00,CUST-255,Home Decor,2,135.97,36.56,Delivered,5.0,North America,271.94
5903,2026-07-24 06:00:00,CUST-354,Home Decor,2,294.36,46.94,Shipped,4.0,Europe,588.72
5904,2026-07-24 07:00:00,CUST-270,Clothing,1,176.26,25.65,Shipped,3.0,South America,176.26
5905,2026-07-24 08:00:00,CUST-827,Books,1,269.59,15.99,Delivered,3.0,Asia,269.59
5906,2026-07-24 09:00:00,CUST-269,Home Decor,1,336.79,46.3,Delivered,5.0,South America,336.79
5907,2026-07-24 10:00:00,CUST-863,Electronics,2,181.71,26.25,Delivered,4.0,South America,363.42
5908,2026-07-24 11:00:00,CUST-971,Home Decor,1,497.3,23.35,Delivered,5.0,Asia,497.3
5909,2026-07-24 12:00:00,CUST-421,Electronics,1,286.25,20.9,Delivered,4.0,North America,286.25
5910,2026-07-24 13:00:00,CUST-666,Electronics,1,413.99,24.04,Delivered,3.0,Europe,413.99
5911,2026-07-24 14:00:00,CUST-555,Clothing,2,365.32,35.31,Delivered,4.0,South America,730.64
5912,2026-07-24 15:00:00,CUST-702,Beauty,2,427.87,24.52,Returned,5.0,South America,855.74
5913,2026-07-24 16:00:00,CUST-889,Clothing,1,95.16,19.59,Delivered,4.0,South America,95.16
5914,2026-07-24 17:00:00,CUST-712,Home Decor,2,119.05,38.46,Delivered,5.0,North America,238.1
5915,2026-07-24 18:00:00,CUST-254,Clothing,2,248.83,14.13,Delivered,4.0,South America,497.66
5916,2026-07-24 19:00:00,CUST-988,Electronics,5,427.64,14.09,Delivered,4.0,South America,2138.2
5917,2026-07-24 20:00:00,CUST-448,Books,1,106.83,36.34,Delivered,5.0,South America,106.83
5918,2026-07-24 21:00:00,CUST-550,Home Decor,2,485.82,44.0,Delivered,4.0,Asia,971.64
5919,2026-07-24 22:00:00,CUST-975,Books,1,72.53,15.85,Delivered,4.0,Asia,72.53
5920,2026-07-24 23:00:00,CUST-752,Electronics,1,95.79,13.6,Delivered,1.0,South America,95.79
5921,2026-07-25 00:00:00,CUST-272,Electronics,2,91.94,35.16,Delivered,3.0,North America,183.88
5922,2026-07-25 01:00:00,CUST-109,Beauty,1,297.14,32.94,Delivered,4.0,North America,297.14
5923,2026-07-25 02:00:00,CUST-839,Home Decor,1,459.6,25.13,Delivered,4.0,Europe,459.6
5924,2026-07-25 03:00:00,CUST-364,Electronics,1,135.0,9.31,Cancelled,4.0,Asia,135.0
5925,2026-07-25 04:00:00,CUST-537,Electronics,1,280.99,9.13,Delivered,4.0,North America,280.99
5926,2026-07-25 05:00:00,CUST-859,Beauty,1,96.13,39.98,Delivered,5.0,South America,96.13
5927,2026-07-25 06:00:00,CUST-346,Clothing,1,319.26,25.33,Delivered,3.0,Asia,319.26
5928,2026-07-25 07:00:00,CUST-766,Home Decor,2,70.39,43.61,Delivered,5.0,North America,140.78
5929,2026-07-25 08:00:00,CUST-645,Clothing,3,250.74,30.86,Delivered,4.0,Europe,752.22
5930,2026-07-25 09:00:00,CUST-598,Clothing,1,331.04,32.84,Delivered,5.0,South America,331.04
5931,2026-07-25 10:00:00,CUST-228,Books,2,293.77,47.04,Cancelled,5.0,Asia,587.54
5932,2026-07-25 11:00:00,CUST-771,Electronics,3,78.6,12.41,Delivered,5.0,Europe,235.8
5933,2026-07-25 12:00:00,CUST-700,Clothing,1,89.07,29.44,Delivered,5.0,Europe,89.07
5934,2026-07-25 13:00:00,CUST-704,Beauty,1,338.98,7.62,Delivered,4.0,Asia,338.98
5935,2026-07-25 14:00:00,CUST-426,Electronics,3,406.37,21.15,Delivered,4.0,North America,1219.11
5936,2026-07-25 15:00:00,CUST-852,Clothing,2,454.96,11.66,Shipped,5.0,South America,909.92
5937,2026-07-25 16:00:00,CUST-934,Home Decor,1,408.67,13.45,Delivered,4.0,Europe,408.67
5938,2026-07-25 17:00:00,CUST-503,Clothing,1,487.22,47.07,Shipped,,Europe,487.22
5939,2026-07-25 18:00:00,CUST-728,Clothing,2,210.04,32.48,Delivered,4.0,Asia,420.08
5940,2026-07-25 19:00:00,CUST-705,Clothing,5,172.27,45.15,Shipped,4.0,Asia,861.35
5941,2026-07-25 20:00:00,CUST-774,Home Decor,1,23.81,24.96,Delivered,5.0,Asia,23.81
5942,2026-07-25 21:00:00,CUST-710,Home Decor,5,230.45,31.89,Delivered,1.0,Europe,1152.25
5943,2026-07-25 22:00:00,CUST-724,Home Decor,1,329.17,6.44,Shipped,2.0,North America,329.17
5944,2026-07-25 23:00:00,CUST-458,Electronics,1,409.55,26.13,Delivered,5.0,North America,409.55
5945,2026-07-26 00:00:00,CUST-702,Home Decor,1,141.05,30.38,Delivered,3.0,South America,141.05
5946,2026-07-26 01:00:00,CUST-957,Books,2,261.66,5.75,Delivered,4.0,Asia,523.32
5947,2026-07-26 02:00:00,CUST-817,Clothing,1,334.38,40.53,Delivered,5.0,South America,334.38
5948,2026-07-26 03:00:00,CUST-116,Home Decor,1,280.29,18.29,Delivered,1.0,Europe,280.29
5949,2026-07-26 04:00:00,CUST-373,Home Decor,3,144.27,25.36,Shipped,5.0,Europe,432.81
5950,2026-07-26 05:00:00,CUST-784,Beauty,5,400.18,29.1,Delivered,2.0,Europe,2000.9
5951,2026-07-26 06:00:00,CUST-215,Books,1,94.95,49.65,Cancelled,3.0,South America,94.95
5952,2026-07-26 07:00:00,CUST-960,Electronics,1,453.44,9.46,Cancelled,1.0,Asia,453.44
5953,2026-07-26 08:00:00,CUST-792,Clothing,3,476.77,29.99,Delivered,5.0,South America,1430.31
5954,2026-07-26 09:00:00,CUST-190,Clothing,2,189.13,28.88,Cancelled,5.0,South America,378.26
5955,2026-07-26 10:00:00,CUST-181,Clothing,1,194.33,8.1,Delivered,5.0,Europe,194.33
5956,2026-07-26 11:00:00,CUST-423,Electronics,4,374.21,33.53,Delivered,5.0,Europe,1496.84
5957,2026-07-26 12:00:00,CUST-213,Beauty,1,233.58,17.91,Delivered,3.0,North America,233.58
5958,2026-07-26 13:00:00,CUST-868,Electronics,2,24.02,9.67,Delivered,5.0,Asia,48.04
5959,2026-07-26 14:00:00,CUST-157,Clothing,1,460.74,13.04,Delivered,5.0,Asia,460.74
5960,2026-07-26 15:00:00,CUST-253,Home Decor,2,221.07,42.06,Delivered,4.0,Asia,442.14
5961,2026-07-26 16:00:00,CUST-976,Electronics,1,109.71,9.69,Delivered,5.0,South America,109.71
5962,2026-07-26 17:00:00,CUST-503,Books,2,282.28,26.01,Delivered,5.0,Europe,564.56
5963,2026-07-26 18:00:00,CUST-727,Beauty,4,117.26,13.79,Returned,5.0,Europe,469.04
5964,2026-07-26 19:00:00,CUST-954,Clothing,1,110.95,12.3,Delivered,3.0,North America,110.95
5965,2026-07-26 20:00:00,CUST-365,Clothing,2,277.41,14.26,Delivered,5.0,South America,554.82
5966,2026-07-26 21:00:00,CUST-414,Electronics,1,201.61,27.18,Delivered,2.0,Asia,201.61
5967,2026-07-26 22:00:00,CUST-814,Home Decor,3,290.77,15.7,Delivered,5.0,South America,872.31
5968,2026-07-26 23:00:00,CUST-140,Electronics,5,498.44,9.35,Delivered,3.0,Europe,2492.2
5969,2026-07-27 00:00:00,CUST-204,Home Decor,3,430.92,41.06,Delivered,5.0,North America,1292.76
5970,2026-07-27 01:00:00,CUST-989,Beauty,2,13.76,29.29,Returned,4.0,South America,27.52
5971,2026-07-27 02:00:00,CUST-292,Electronics,4,34.77,12.06,Delivered,5.0,Europe,139.08
5972,2026-07-27 03:00:00,CUST-500,Beauty,1,308.94,26.21,Delivered,3.0,South America,308.94
5973,2026-07-27 04:00:00,CUST-377,Electronics,1,316.87,8.08,Delivered,5.0,Europe,316.87
5974,2026-07-27 05:00:00,CUST-453,Books,2,440.31,31.12,Cancelled,5.0,South America,880.62
5975,2026-07-27 06:00:00,CUST-848,Electronics,1,318.24,20.31,Delivered,5.0,Asia,318.24
5976,2026-07-27 07:00:00,CUST-832,Home Decor,3,121.58,9.66,Delivered,2.0,South America,364.74
5977,2026-07-27 08:00:00,CUST-679,Electronics,2,239.57,13.26,Delivered,4.0,South America,479.14
5978,2026-07-27 09:00:00,CUST-808,Beauty,1,406.4,20.56,Delivered,4.0,Asia,406.4
5979,2026-07-27 10:00:00,CUST-355,Clothing,1,462.18,41.29,Delivered,4.0,South America,462.18
5980,2026-07-27 11:00:00,CUST-750,Electronics,1,126.09,12.82,Delivered,5.0,Europe,126.09
5981,2026-07-27 12:00:00,CUST-923,Home Decor,2,274.41,9.93,Delivered,5.0,Europe,548.82
5982,2026-07-27 13:00:00,CUST-760,Clothing,1,87.87,28.22,Delivered,4.0,Europe,87.87
5983,2026-07-27 14:00:00,CUST-198,Home Decor,1,253.53,30.14,Delivered,4.0,Europe,253.53
5984,2026-07-27 15:00:00,CUST-687,Beauty,2,54.16,9.06,Shipped,,Europe,108.32
5985,2026-07-27 16:00:00,CUST-381,Clothing,3,471.45,17.8,Delivered,3.0,Asia,1414.35
5986,2026-07-27 17:00:00,CUST-982,Electronics,4,322.65,16.82,Delivered,3.0,Asia,1290.6
5987,2026-07-27 18:00:00,CUST-502,Electronics,5,428.57,13.38,Cancelled,4.0,South America,2142.85
5988,2026-07-27 19:00:00,CUST-208,Home Decor,3,499.16,19.2,Cancelled,3.0,Europe,1497.48
5989,2026-07-27 20:00:00,CUST-799,Clothing,1,99.51,6.67,Returned,4.0,South America,99.51
5990,2026-07-27 21:00:00,CUST-298,Clothing,3,350.13,34.32,Delivered,5.0,Europe,1050.39
5991,2026-07-27 22:00:00,CUST-402,Electronics,1,444.62,49.48,Delivered,3.0,South America,444.62
5992,2026-07-27 23:00:00,CUST-426,Clothing,2,292.21,33.53,Shipped,5.0,Asia,584.42
5993,2026-07-28 00:00:00,CUST-253,Books,2,323.45,21.25,Delivered,5.0,Europe,646.9
5994,2026-07-28 01:00:00,CUST-651,Electronics,3,209.76,35.06,Delivered,5.0,Asia,629.28
5995,2026-07-28 02:00:00,CUST-744,Home Decor,1,340.63,30.72,Delivered,3.0,South America,340.63
5996,2026-07-28 03:00:00,CUST-504,Beauty,1,203.83,43.1,Delivered,3.0,Asia,203.83
5997,2026-07-28 04:00:00,CUST-561,Home Decor,2,243.54,32.98,Delivered,3.0,Asia,487.08
5998,2026-07-28 05:00:00,CUST-231,Clothing,1,60.43,33.53,Delivered,5.0,Asia,60.43
5999,2026-07-28 06:00:00,CUST-890,Home Decor,4,13.83,14.97,Delivered,5.0,North America,55.32
6000,2026-07-28 07:00:00,CUST-973,Beauty,2,37.02,23.7,Delivered,5.0,South America,74.04
